ACGCCTGACACGCGCT-1,0,0,0,3624,2552
TACCGATCCAACACTT-1,0,1,1,4132,2839
ATTAAAGCGGACGAGC-1,0,0,2,3628,3133
GATAAGGGACGATTAG-1,0,1,3,4136,3420
GTGCAAATCACCAATA-1,0,0,4,3632,3714
TGTTGGCTGGCGGAAG-1,0,1,5,4139,4001
GCATCCTCTCCTATTA-1,0,0,6,3636,4295
GCGAGGGACTGCTAGA-1,0,1,7,4143,4582
TGGTACCGGCACAGCC-1,0,0,8,3639,4876
GCGCGTTTAAATCGTA-1,0,1,9,4147,5163
TGCCTTGCCCTTACGG-1,0,0,10,3643,5457
GACGACTTTCCAAGAA-1,0,1,11,4151,5744
CCAGTGAGCTCCTTGT-1,0,0,12,3647,6038
ATACCCTGGCTCAAAT-1,0,1,13,4154,6325
GGGTTTCCGGCTTCCA-1,0,0,14,3651,6619
TAACCGTCCAGTTCAT-1,0,1,15,4158,6906
AAACAACGAATAGTTC-1,0,0,16,3654,7200
CAAGGGAGTGTATTTG-1,0,1,17,4162,7488
CCAAGCTTGATCTCCT-1,0,0,18,3658,7781
TTATTTCATCCCAAAC-1,0,1,19,4166,8069
GAGCGCTATGTCAGGC-1,0,0,20,3662,8362
TATGGCAGACTTTCGA-1,0,1,21,4169,8650
CTTCGTGCCCGCATCG-1,0,0,22,3666,8943
AAACGGGTTGGTATCC-1,0,1,23,4173,9231
TGCAAACCCACATCAA-1,0,0,24,3669,9524
GACGGGATGTCTTATG-1,0,1,25,4177,9812
GGCGAGCATCGAGGAC-1,0,0,26,3673,10106
CGCGTGCTATCAACGA-1,0,1,27,4181,10393
TGAAACCTCAACTCAC-1,0,0,28,3677,10687
CACATAAGGCGACCGT-1,0,1,29,4184,10974
TGACCCAACTCACATT-1,0,0,30,3681,11268
ATACGCCGATCTACCG-1,0,1,31,4188,11555
ACTTATCTGATCTATA-1,0,0,32,3684,11849
GTGTGAGCCGAGGTGC-1,0,1,33,4192,12136
GATGATTTGAAACTGG-1,0,0,34,3688,12430
GGGAACCACCTGTTTC-1,0,1,35,4196,12717
GTTCGTTGCGGACCAG-1,0,0,36,3692,13011
TGAGGTTGATCCCAAG-1,0,1,37,4199,13298
GATGCCACACTACAGC-1,0,0,38,3696,13592
AGGCAAAGAGGAATCA-1,0,1,39,4203,13879
AAGTAAGCTTCCAAAC-1,0,0,40,3699,14173
AACGTAGTCTACCCAT-1,0,1,41,4207,14460
GTTTGAGCGGTTATGT-1,0,0,42,3703,14754
GAAGCAAGGCAATGTT-1,0,1,43,4211,15041
TCACTCAGCGCATTAG-1,0,0,44,3707,15335
TACAATGAAACCAGCA-1,0,1,45,4214,15622
GTGCGCTTACAAATGA-1,0,0,46,3711,15916
GCACTCCCACAGTCCC-1,0,1,47,4218,16203
CGAAGACTGCCCGGGA-1,0,0,48,3714,16497
CAGGATCCGCCCGACC-1,0,1,49,4222,16784
CACGATTGGTCGTTAA-1,0,0,50,3718,17078
GGTTGTATCGTGAAAT-1,0,1,51,4226,17365
TCTTATGGGTAGTACC-1,0,0,52,3722,17659
TACAAGCTGTTCACTG-1,0,1,53,4229,17947
GTATCTTGTTGCTCAC-1,0,0,54,3726,18240
ATACCAGGTGAGCGAT-1,0,1,55,4233,18528
CCTAAACAGGGTCCGT-1,0,0,56,3729,18821
ATGGTGCTCAAAGCCA-1,0,1,57,4237,19109
CAAATGCGGAGTGTTC-1,0,0,58,3733,19402
CGTGCCCGACATTTGT-1,0,1,59,4241,19690
GTATCTCCCTAACTGT-1,0,0,60,3737,19983
ATTTGCCTAGTTACGA-1,0,1,61,4244,20271
ACGTCCTAAACGAGAT-1,0,0,62,3741,20565
CTGGGATCGCCCAGAT-1,0,1,63,4248,20852
CTGCAAATGGGCTCCA-1,0,0,64,3744,21146
CATTATAACAGGGTCC-1,0,1,65,4252,21433
ACCTTTCCTTTAGAAG-1,0,0,66,3748,21727
ATAGATTTGCAGTCGG-1,0,1,67,4256,22014
CTCGGGCATCGTCGGG-1,0,0,68,3752,22308
GTGGCGGGCCGTAGCT-1,0,1,69,4259,22595
CAACAGTGCCAAACGG-1,0,0,70,3756,22889
TGCGGGTATTGGGATC-1,0,1,71,4263,23176
GTCTCGCCAACACGCC-1,0,0,72,3759,23470
CTGGGCGGCCAAATGT-1,0,1,73,4267,23757
TAAAGGAGAAACTAGT-1,0,0,74,3763,24051
TCCCACGGAGGGAGCT-1,0,1,75,4271,24338
AGCTTCAATACTTTGA-1,0,0,76,3767,24632
TTCCACATTTCTCGTC-1,1,1,77,4274,24919
ACAAACCGACAAGGCG-1,0,0,78,3771,25213
AGACGGGATTGGTATA-1,0,1,79,4278,25500
AACCTAAAGCCGTCCG-1,0,0,80,3774,25794
TACAAATTGCGGAGGT-1,0,1,81,4282,26081
CCCGCTAGAGGGTTAA-1,0,0,82,3778,26375
CATTGCAAAGCATAAT-1,0,1,83,4286,26662
TGTACGCTATCAGCTT-1,0,0,84,3782,26956
TTCTTCGCAATAGAGC-1,0,1,85,4289,27243
TGTGATTCCAGCGCTT-1,0,0,86,3786,27537
ATTCAGGATCGCCTCT-1,0,1,87,4293,27824
GCCCATGGGTGCAATG-1,0,0,88,3789,28118
TTCCCGACGCTTCACT-1,0,1,89,4297,28406
AGCGGTTGAGATGTAC-1,0,0,90,3793,28699
GCTGTCTGTGATCGAC-1,0,1,91,4301,28987
AAAGACATGAAGTTTA-1,0,0,92,3797,29280
CAACAGAATAACGCTA-1,0,1,93,4304,29568
TGCGGTCTACGAGTAA-1,0,0,94,3801,29861
AAGACTCACGCCCACT-1,0,1,95,4308,30149
CTTTGAAACATATTCC-1,0,0,96,3804,30442
CTGGGCACTAGTCGGA-1,0,1,97,4312,30730
CGCCCTTACATCCACC-1,0,0,98,3808,31024
CACGACCACAGACTTT-1,0,1,99,4316,31311
CAATCCATTATCCGTT-1,0,0,100,3812,31605
GTGGCGTGCACCAGAG-1,0,1,101,4319,31892
CGGAGTCCTAACCTGG-1,0,0,102,3816,32186
GGTCCCATAACATAGA-1,0,1,103,4323,32473
ATCTCATAAACCTACC-1,0,0,104,3819,32767
TGCATGGCAGTCTTGC-1,0,1,105,4327,33054
TTGCAGGTCATGAAGT-1,0,0,106,3823,33348
AGCTGCATTTGAGGTG-1,0,1,107,4331,33635
TAATCAGGAATGCTGC-1,0,0,108,3827,33929
CCATCATAAGAACAGG-1,0,1,109,4334,34216
TCGTATCACCAAGCTA-1,0,0,110,3831,34510
ATTCAGATGAATCCCT-1,0,1,111,4338,34797
AAAGGTCAACGACATG-1,0,0,112,3834,35091
AGCTGCTGTGCCGAAT-1,0,1,113,4342,35378
CTAGCGCCAATCCTAC-1,0,0,114,3838,35672
GCTCGACCGAACTGAA-1,0,1,115,4346,35959
ACAGTGCAGCGCATTT-1,0,0,116,3842,36253
CGGCTGAAGGTTACGC-1,0,1,117,4349,36540
CACCTCTACGAGTGTG-1,0,0,118,3846,36834
ATACGACAGATGGGTA-1,0,1,119,4353,37121
ACTTCCTGTCGTGCGA-1,0,0,120,3849,37415
CGTAACGGAACGATCA-1,0,1,121,4357,37702
AAATCACTCCTAAACG-1,0,0,122,3853,37996
CTCCGAGTAAATCCGC-1,0,1,123,4361,38283
ACGCTAGTATCAGTGC-1,0,0,124,3857,38577
AGAGTGAACAGACACC-1,0,1,125,4364,38865
ACACCCGTAAATCTGT-1,0,0,126,3861,39158
GCTTTGCTGCCGGGTA-1,0,1,127,4368,39446
ACAGGAGGCGCAGCCG-1,0,2,0,4635,2545
AGGCAATACGGAGGAC-1,0,3,1,5143,2833
TGGTGTGACAGACGAT-1,0,2,2,4639,3126
ATCTATCGATGATCAA-1,0,3,3,5147,3414
CGGTAACAAGATACAT-1,0,2,4,4643,3707
TCGCCGGAGAGTCTTA-1,0,3,5,5150,3995
GGAGGAGTGTGTTTAT-1,0,2,6,4647,4288
TTAGGTGTGACTGGTC-1,0,3,7,5154,4576
CAGGGCTAACGAAACC-1,0,2,8,4650,4869
CCCGTGGGTTAATTGA-1,0,3,9,5158,5157
GACCGACCGCTAATAT-1,0,2,10,4654,5451
GGTATCAAGCATAGAA-1,0,3,11,5162,5738
TGCATGAGTAGATTCG-1,0,2,12,4658,6032
AATTCCAACTTGGTGA-1,0,3,13,5165,6319
TGCCGATGTCATCAAT-1,0,2,14,4662,6613
GCTGGGTCCGCTGTTA-1,0,3,15,5169,6900
TGAACACCCGAAGCAG-1,0,2,16,4665,7194
AACATTGGTCAGCCGT-1,0,3,17,5173,7481
GTGGGTCTTCTTTGCG-1,0,2,18,4669,7775
CATCGAATGGATCTCT-1,0,3,19,5177,8062
GCTACACTGTCCGAAC-1,0,2,20,4673,8356
CGGGTTGTAGCTTTGG-1,0,3,21,5180,8643
CCTAAGTGTCTAACCG-1,0,2,22,4677,8937
TCTGTGACTGACCGTT-1,0,3,23,5184,9224
TTATCATACTCGCAAA-1,0,2,24,4680,9518
AGCGTAGCGCTAGACC-1,0,3,25,5188,9805
TCCCTCCGAAATCGTT-1,0,2,26,4684,10099
AGGTCGCCACTTCGGT-1,0,3,27,5192,10386
CTAGCAACTAATTTAC-1,0,2,28,4688,10680
TTGCTAGCTACCAATC-1,0,3,29,5195,10967
GCCGGTTTGGGCGGAT-1,0,2,30,4692,11261
TGTAACTTGTCAACCT-1,0,3,31,5199,11548
CGAGATGTTGCCTATA-1,0,2,32,4695,11842
GTTACGAAATCCACGC-1,0,3,33,5203,12129
CTTGTCGTACGTGTCA-1,0,2,34,4699,12423
GCGTCCAGCTCGTGGC-1,0,3,35,5207,12710
CCCTTCTCGTACGCGA-1,0,2,36,4703,13004
CCAAAGTCCCGCTAAC-1,0,3,37,5210,13292
CCGCTTCGCGGTTAAC-1,0,2,38,4707,13585
GTTACGGCCCGACTGC-1,0,3,39,5214,13873
CCCGCTTGCCCTCGTC-1,0,2,40,4710,14166
TAGTGAGAAGTGGTTG-1,0,3,41,5218,14454
CGCTACCGCCCTATGA-1,0,2,42,4714,14747
AAACAATCTACTAGCA-1,0,3,43,5222,15035
GCGCGATGGGTCAAGT-1,0,2,44,4718,15328
ATAAACCATTGGACGG-1,0,3,45,5225,15616
TCGGGCACTTCTGGAT-1,0,2,46,4722,15910
TCTGTGGCTACATTTC-1,0,3,47,5229,16197
CTCTGTGCCTGCTATG-1,0,2,48,4725,16491
CACGACTAAAGTTCTG-1,0,3,49,5233,16778
GAGGAGTAATTCCTAC-1,0,2,50,4729,17072
AGAGGTATCTCGGTCC-1,0,3,51,5237,17359
GGCGTACCCTATATAA-1,0,2,52,4733,17653
GCCGGAAACACATCTT-1,0,3,53,5240,17940
AAATGTGGGTGCTCCT-1,0,2,54,4737,18234
ACCAGGAGTGTGATCT-1,0,3,55,5244,18521
TGTGGAGGAAGCTTAA-1,0,2,56,4740,18815
AAGGAGAACTTATAAG-1,0,3,57,5248,19102
CCCTCGGGAGCCTTGT-1,0,2,58,4744,19396
ACTGTTTAGTGTAGGC-1,0,3,59,5252,19683
CGTCAGTTTATCGTCT-1,0,2,60,4748,19977
GCGTGTATGTCGTATT-1,0,3,61,5255,20264
ACAATCGATCTTTATA-1,0,2,62,4752,20558
CAGCCCTCACAGGCAG-1,0,3,63,5259,20845
CGCGTCATATTAAACC-1,0,2,64,4755,21139
GAAGACTTCAATGCCG-1,0,3,65,5263,21426
TTGCGGCGACTCATGC-1,0,2,66,4759,21720
ACCAAACTAGAAATCC-1,0,3,67,5267,22007
TTACTGTTTCTCTACG-1,0,2,68,4763,22301
GACCAGGTCATTCATA-1,0,3,69,5270,22588
TTCTTCCCTTTGATAT-1,0,2,70,4767,22882
ACGCCCAGCTGTCGAT-1,0,3,71,5274,23169
AGTAGCGTGAACGAAC-1,0,2,72,4770,23463
CCTCGACCCACTGCCT-1,0,3,73,5278,23751
AGTTATTGAAAGGTAA-1,0,2,74,4774,24044
TCAGTTACGGAATGAT-1,0,3,75,5282,24332
GAATCTATACTCGGAC-1,0,2,76,4778,24625
TCGGCTAACTTCCCTT-1,0,3,77,5285,24913
ACGTGGTCGAATGTGC-1,0,2,78,4782,25206
ATATCGTGCCAGACCC-1,0,3,79,5289,25494
GTAGCTAGTAAGCGCG-1,1,2,80,4785,25788
ACGCTTAGTGTCTCTC-1,0,3,81,5293,26075
TCCGGCCTGCATCGAT-1,1,2,82,4789,26369
TAGTGGAACTCATACA-1,1,3,83,5297,26656
ATCATCTGCCCAGTGT-1,0,2,84,4793,26950
GTTATTAAATACGACC-1,1,3,85,5300,27237
GCGCTAAGTATGCATG-1,0,2,86,4797,27531
CCTGACGCAACCTTTA-1,1,3,87,5304,27818
CCCAAGAATGCACGGT-1,0,2,88,4800,28112
AACTGGGTTCGAGCCG-1,1,3,89,5308,28399
GGTTCCACCCGCTTCT-1,0,2,90,4804,28693
CATGCACGTGTTACTG-1,1,3,91,5312,28980
AGCGTTCCGATTTAAA-1,0,2,92,4808,29274
CCTACGCGACCTTACA-1,0,3,93,5315,29561
CGAATTACATGGTGTT-1,0,2,94,4812,29855
GAGGTCTTAGTGGGTC-1,0,3,95,5319,30142
GCCGCTAGATACGCAG-1,0,2,96,4815,30436
GTCACCTGTCTATGTC-1,0,3,97,5323,30723
CCGATTGGTCAATGAA-1,0,2,98,4819,31017
CCTGTGCGGATTGTAA-1,0,3,99,5327,31304
TTACGTAGCGCGTGCT-1,0,2,100,4823,31598
GGAGGCGAAGAACCGC-1,0,3,101,5330,31885
GGGTCACGTGCTTATG-1,0,2,102,4827,32179
GCTCCGGACGTTGATA-1,0,3,103,5334,32466
ATGTTTGTAAGATCAT-1,0,2,104,4831,32760
TGACCCAGCATTCCCG-1,0,3,105,5338,33047
TGGTCGTTTGATAGAT-1,0,2,106,4834,33341
TGTAATGCCTTCGGAC-1,0,3,107,5342,33628
TGCTCACACAACAACC-1,0,2,108,4838,33922
TACGATCCAAGCCACT-1,0,3,109,5345,34210
TTGTAACTTCATAGCG-1,0,2,110,4842,34503
AGATTCAAGCGGGTCG-1,0,3,111,5349,34791
CTCAGCAGACTGCCGA-1,0,2,112,4846,35084
GTAACATCAGCTCATC-1,0,3,113,5353,35372
ATGGAACAGAATAAAC-1,0,2,114,4849,35665
GGGCCTATACAACCGG-1,0,3,115,5357,35953
TCAAACAATTAGGACA-1,0,2,116,4853,36247
AAACCACTACACAGAT-1,0,3,117,5360,36534
AAACGACAGTCTTGCC-1,0,2,118,4857,36828
TTGAGGGTCGAACGCG-1,0,3,119,5364,37115
TGTTGATCACTGTTTA-1,0,2,120,4861,37409
AGGGTGTGCTACACGC-1,0,3,121,5368,37696
GTAGTTAGACAATATA-1,0,2,122,4864,37990
AATGGCCGCCAATGCG-1,0,3,123,5372,38277
TCGGCGGTATTAGATT-1,0,2,124,4868,38571
GGGTCACTGAGTAGTG-1,0,3,125,5375,38858
GAATTATGCAACCTAC-1,0,2,126,4872,39152
GATCTTAGTGAACGTG-1,0,3,127,5379,39439
CTAATGCGCCCAACAA-1,0,4,0,5646,2539
GCCACCCATTCCACTT-1,0,5,1,6154,2826
TACTCACAACGTAGTA-1,0,4,2,5650,3120
GTTCGGTGTGGATTTA-1,0,5,3,6158,3407
TCTTTCGGCGGGACAC-1,0,4,4,5654,3701
GGAGACATTCACGGGC-1,0,5,5,6161,3988
GGGATTATCTCACAAC-1,0,4,6,5658,4282
TAGAACGCCAGTAACG-1,0,5,7,6165,4569
ACGAGTCGCCGGCGTT-1,0,4,8,5661,4863
TGATGGGACTAAGTCA-1,0,5,9,6169,5150
TGCGAGAAACGTTACG-1,0,4,10,5665,5444
TCGCCTCGACCTGTTG-1,0,5,11,6173,5731
AACTCGATAAACACGT-1,0,4,12,5669,6025
AGGAAAGCCTCTGATG-1,0,5,13,6176,6312
GAAGGACTAAATTGAA-1,0,4,14,5673,6606
GTATCGGGACGAGCTG-1,0,5,15,6180,6893
CCTGTGCATAGGAGAC-1,0,4,16,5676,7187
CATACGGGTGCATGAT-1,0,5,17,6184,7474
CCACTAAACTGAATCG-1,0,4,18,5680,7768
AAATTGCGGCGGTTCT-1,0,5,19,6188,8056
AGTCCAGCGGGTACGT-1,0,4,20,5684,8349
CATTCAGGTCAGTGCG-1,0,5,21,6191,8637
CTAAAGTCCGAAGCTA-1,0,4,22,5688,8930
AATCAGACTGCAGGAC-1,0,5,23,6195,9218
AGTATCCATAATAACG-1,0,4,24,5691,9511
CTGGCTGCTAACGTAA-1,0,5,25,6199,9799
GTTCCAAGACAGCGAC-1,0,4,26,5695,10092
AAGACTAACCCGTTGT-1,0,5,27,6203,10380
GATTAATCCTGGCTCA-1,0,4,28,5699,10674
CGCGCAAGGAACTACA-1,0,5,29,6206,10961
CAGTAGCGAGGTAGTA-1,0,4,30,5703,11255
ACGGCGGGTTGCCCTG-1,0,5,31,6210,11542
CTAGGCGGCAGAGAAT-1,0,4,32,5706,11836
GTGCGCAGCTTGCTCC-1,0,5,33,6214,12123
TCACTATCGTGCAATC-1,0,4,34,5710,12417
TATGATTCTGCTTGGT-1,0,5,35,6218,12704
TAAGATTTAGCGGGAG-1,0,4,36,5714,12998
TTACGGTGTCACCGAG-1,0,5,37,6221,13285
CTACACTAGCTTGTTC-1,0,4,38,5718,13579
TGAGCAGTCGTGAAGT-1,0,5,39,6225,13866
CGCTGAGGACGTCCAA-1,0,4,40,5722,14160
GTGTATGACTTTAAAG-1,0,5,41,6229,14447
CTAAACGGGTGTAATC-1,0,4,42,5725,14741
TGTACTGTGCCAAAGT-1,0,5,43,6233,15028
GGCCACAAGCGATGGC-1,0,4,44,5729,15322
GTCAATTGTACTGAAG-1,0,5,45,6236,15609
AGGGACAGCACGGCGG-1,0,4,46,5733,15903
AGCTTATAGAGACCTG-1,1,5,47,6240,16190
AACTAGCGTATCGCAC-1,1,4,48,5737,16484
AACTTTAGCTGCTGAG-1,1,5,49,6244,16771
CCCAAGACAGAGTATG-1,1,4,50,5740,17065
GGCATCAACGAGCACG-1,1,5,51,6248,17352
ATGCATTCCGTGATGG-1,1,4,52,5744,17646
TTATAGATGCACATTA-1,1,5,53,6251,17933
GAACCATCTGGGAGAC-1,1,4,54,5748,18227
TGCTATACAAACGGAC-1,1,5,55,6255,18515
ACTTGCCATATTGTAC-1,1,4,56,5752,18808
TATTCCGGCAGTCCTA-1,1,5,57,6259,19096
GACGGACCGCGTTCCT-1,1,4,58,5755,19389
ATGTGTAGTTTAGTCA-1,1,5,59,6263,19677
ATACCAGCAAATTGCT-1,1,4,60,5759,19970
AAGTTTACTAATGGCA-1,1,5,61,6266,20258
CTCTCGATGTGCGCCT-1,1,4,62,5763,20551
GATTGACACTCTGCTC-1,1,5,63,6270,20839
TATCACAGCACGGGCA-1,1,4,64,5767,21133
ACCGTTCCCGCTCTGA-1,1,5,65,6274,21420
CCGCCACCACAATCCA-1,0,4,66,5770,21714
CATTCACTGACAGCTA-1,1,5,67,6278,22001
CGGCTGCAAGATTAAG-1,0,4,68,5774,22295
CATGAACCTCTTATCA-1,1,5,69,6281,22582
TTAATGCGAGGTAACT-1,0,4,70,5778,22876
AATAAGTCCTCGAGAC-1,0,5,71,6285,23163
ACCAGCCCGGTCTTTG-1,0,4,72,5782,23457
CTACGAACTAGGTCGA-1,0,5,73,6289,23744
ACATCTCAACGCGTAA-1,0,4,74,5785,24038
CACTACTCAGTTCTGT-1,0,5,75,6293,24325
CCGACTCGCATAGTCT-1,1,4,76,5789,24619
CATTTATCGTTCAAGA-1,0,5,77,6296,24906
CAAACGTGGTCTTGCG-1,0,4,78,5793,25200
TAGAAACCACTAAGTA-1,0,5,79,6300,25487
ACTGATTTAGTGATTC-1,0,4,80,5797,25781
TCGTATTTCGTCCGGA-1,0,5,81,6304,26068
CGGAAATTTCACATCC-1,0,4,82,5800,26362
ATCCACGCTAAATGTT-1,0,5,83,6308,26649
GTTCAATCTATGTCAA-1,1,4,84,5804,26943
ATAAAGGTCAAGTACG-1,1,5,85,6311,27230
CAACTCCAACGTTTAG-1,1,4,86,5808,27524
TAGGAACAGCCTCCAG-1,0,5,87,6315,27811
ATGGGAACGGAAGCGG-1,0,4,88,5812,28105
CACACGTTTCAATGGG-1,0,5,89,6319,28392
GGTGTTCTGTTTCTAC-1,0,4,90,5815,28686
AGTAACGTTCATCCTG-1,1,5,91,6323,28974
GTATAGTGGCCCATGT-1,1,4,92,5819,29267
TCTACACGTTCATGCA-1,0,5,93,6326,29555
AATCTGGGTAGACCCT-1,1,4,94,5823,29848
TCGGTTAGCCATGTAG-1,1,5,95,6330,30136
TGCCATGGCTTATAAG-1,0,4,96,5827,30429
TAAGTAAATGTGCCGC-1,1,5,97,6334,30717
GTGTCCGATAAGGCAT-1,0,4,98,5830,31010
TGGCACGAGCTCGAGT-1,0,5,99,6338,31298
ACCGGTCTGAGTACGG-1,0,4,100,5834,31592
GAACTTAGCGCCCGGT-1,0,5,101,6341,31879
AGTAGCTAGACGCCGA-1,0,4,102,5838,32173
ATAGGAATCTAAGCTT-1,0,5,103,6345,32460
CTTCCTGCATATTTAC-1,0,4,104,5842,32754
CAATATGTAGATTTAC-1,0,5,105,6349,33041
ACAAGGCCTACCAGCC-1,0,4,106,5845,33335
TTATAGTCCAAGGTGC-1,0,5,107,6353,33622
AAACGCCCGAGATCGG-1,0,4,108,5849,33916
CCTCGTTACGCCTGTT-1,0,5,109,6356,34203
GAACGGTGTAAAGCAG-1,0,4,110,5853,34497
ACGCATAAATGACATG-1,0,5,111,6360,34784
GGTTCGATGCTGAGTT-1,0,4,112,5857,35078
CTTTGGCAGACAGAGT-1,0,5,113,6364,35365
TTCGTGGGCTGGAAGC-1,0,4,114,5860,35659
CAAAGGTTAAATTCAG-1,0,5,115,6368,35946
GTTTGGCGTCAGGCAC-1,0,4,116,5864,36240
GCTTTCTATCTCAACT-1,0,5,117,6371,36527
TGCATCTCCGGATCTT-1,0,4,118,5868,36821
CTGAAACGGCCCTCAG-1,0,5,119,6375,37108
TAGCAGTAAATACGCG-1,0,4,120,5872,37402
CGGGCTACTTAAATTG-1,0,5,121,6379,37689
ATTATGCTCAGTATTG-1,0,4,122,5875,37983
TGATGCTCACGTAGTC-1,0,5,123,6383,38270
GTCTAAGATGCCCAGC-1,0,4,124,5879,38564
AACCCGATAGGGCTTC-1,0,5,125,6386,38851
CGCTATCGTGGCTTTA-1,0,4,126,5883,39145
CGTCTCTCGCCGAGGC-1,0,5,127,6390,39433
AGTGGGAGTATACACG-1,0,6,0,6658,2532
GGTCTTGGTGTTAACT-1,0,7,1,7165,2819
GGCTGGCAGCTTTATG-1,0,6,2,6661,3113
CGCCAATTATTGCGTT-1,0,7,3,7169,3401
GGTAACCGGCAAAGGT-1,0,6,4,6665,3694
TGGGACCATTGGGAGT-1,0,7,5,7172,3982
CTGCAGGTGCTCGGCC-1,0,6,6,6669,4275
CCGGTGCGAGTGATAG-1,0,7,7,7176,4563
GGGTACACTCTGGAGG-1,0,6,8,6673,4856
TAGCCAGAGGGTCCGG-1,0,7,9,7180,5144
CTTGTGAGGACAGCGG-1,0,6,10,6676,5437
GAAGGGCATAACCATG-1,0,7,11,7184,5725
CAACATGGCCTGATAA-1,0,6,12,6680,6019
CAATTTGACCGGGAAG-1,0,7,13,7187,6306
TCTGACTGTAATGGTT-1,0,6,14,6684,6600
TTCATAGCCTTGTAAC-1,0,7,15,7191,6887
TGGAAACGGAGTGAAC-1,0,6,16,6688,7181
ATCGCACGATTGTTCA-1,0,7,17,7195,7468
CGCCACCCGCATTAAC-1,0,6,18,6691,7762
TGGACCACGGCGTTGA-1,0,7,19,7199,8049
GTATATGTTACGGCGG-1,0,6,20,6695,8343
GTATTCTTACCGTGCT-1,0,7,21,7202,8630
TTCAGAGTAACCTGAC-1,0,6,22,6699,8924
GCGGTAACCCAAATGA-1,0,7,23,7206,9211
CTACGTGTTGCCACCA-1,0,6,24,6703,9505
CTAGATAAACTCCTCG-1,0,7,25,7210,9792
TCCATTAGTTGGATAG-1,0,6,26,6706,10086
CTGGCTCCTGCGGGAT-1,0,7,27,7214,10373
CAGTCTCTCGGCTAAT-1,0,6,28,6710,10667
GTATGACGTGGGAAAC-1,0,7,29,7217,10954
AGTCACTCCGCCTCAT-1,0,6,30,6714,11248
GCAGCGGTGGGCATTA-1,0,7,31,7221,11535
TATGGAGTTTCTCGTT-1,0,6,32,6718,11829
ACTCAACGAATGTATT-1,0,7,33,7225,12116
AACACGCGGCCGCGAA-1,0,6,34,6721,12410
CGATATTAGCCGCAGG-1,0,7,35,7229,12697
AGCGTCTGAACCCGCA-1,0,6,36,6725,12991
GATGTCCGGATCACAT-1,0,7,37,7232,13278
GGTCACGTTAGATTCA-1,0,6,38,6729,13572
TTAAGGATACGGAGGT-1,0,7,39,7236,13860
GTGCGGGACCATCGGC-1,0,6,40,6733,14153
CCATCTTGTTCACAAT-1,0,7,41,7240,14441
TCCGAGAAGGCTAAGC-1,0,6,42,6736,14734
TGGCGGTGTGCGATTG-1,0,7,43,7244,15022
ATCCTGCTGCAGATAG-1,0,6,44,6740,15315
TTATGCGTCCCGGTCC-1,1,7,45,7247,15603
CATAATGAGCGGGCGA-1,1,6,46,6744,15896
AGACATAGATCCTTCC-1,1,7,47,7251,16184
GGTGAAACCGGGAATG-1,1,6,48,6748,16478
AACTGGTGTGGGCCTT-1,1,7,49,7255,16765
GTAGCGCTGTTGTAGT-1,1,6,50,6751,17059
TTGTTTGTGTAAATTC-1,1,7,51,7259,17346
GGATCAAAGGACGAGG-1,1,6,52,6755,17640
CGTAGCGCCGACGTTG-1,1,7,53,7262,17927
CAAGTGAACTTTGGTT-1,1,6,54,6759,18221
GTAGACAACCGATGAA-1,1,7,55,7266,18508
CAATGGTCGGCCTGGG-1,1,6,56,6763,18802
ACAGATTAGGTTAGTG-1,1,7,57,7270,19089
GTTATCACCTTCTGAA-1,1,6,58,6766,19383
TGGTATCGGTCTGTAT-1,0,7,59,7274,19670
GGAATAACCTCAAGAA-1,1,6,60,6770,19964
ATTATCTCGACAGATC-1,1,7,61,7277,20251
CCGAGGGATGTTAGGC-1,1,6,62,6774,20545
TGAGATCAAATACTCA-1,1,7,63,7281,20832
AAACGAAGAACATACC-1,1,6,64,6778,21126
CTGGTCCTAACTTGGC-1,1,7,65,7285,21413
TGCACGAGTCGGCAGC-1,1,6,66,6781,21707
ATAGTCTTTGACGTGC-1,1,7,67,7289,21994
TGGAGCTAAAGTTCCC-1,1,6,68,6785,22288
GGGTGGTCCAGCCTGT-1,1,7,69,7292,22575
CATGCATGGAGACCCT-1,1,6,70,6789,22869
ACACGGCACTATGCAT-1,1,7,71,7296,23156
CCCTGGTATGGGCGGC-1,0,6,72,6793,23450
GGAGGATTGAAAGGAG-1,0,7,73,7300,23737
CCGCTGGTGCCATTCA-1,0,6,74,6796,24031
GTTAGAGTGTGCCGCT-1,0,7,75,7304,24319
TCGGAATGACCATCAA-1,1,6,76,6800,24612
TTCAATTAGCCATAAT-1,1,7,77,7307,24900
GATGTGTTGTCACAAG-1,0,6,78,6804,25193
TCTTTCTCTTAAGGAG-1,0,7,79,7311,25481
ACCCTTTAGTTCTCCA-1,0,6,80,6808,25774
ACCACAACTCAGAACA-1,0,7,81,7315,26062
TATGATAAATCTAACG-1,0,6,82,6811,26356
GATCCTCTTGCGCTTA-1,0,7,83,7319,26643
TTCTACCTTTATGTTG-1,0,6,84,6815,26937
GAAATACCTGCTGGCT-1,1,7,85,7322,27224
ATTCTGAGTATGAACT-1,1,6,86,6819,27518
GGATTAAGCTAAGGTC-1,1,7,87,7326,27805
AGTACGTGGCCTGTCT-1,0,6,88,6823,28099
TCAGGGTGCACGAAAC-1,0,7,89,7330,28386
AAATTTACCGAAATCC-1,0,6,90,6826,28680
TTGAGGCATTTAACTC-1,0,7,91,7334,28967
AACCAGTATCACTCTT-1,0,6,92,6830,29261
CACCGGAGATATCTCC-1,0,7,93,7337,29548
GACTGGGCGCCGCAAC-1,1,6,94,6834,29842
CACGTCTATGATGTGG-1,0,7,95,7341,30129
TTAAGACGAACGAACC-1,0,6,96,6838,30423
TGACCAGCTTCAAAGT-1,1,7,97,7345,30710
AGAGTTAGAGACCGAT-1,1,6,98,6841,31004
TTCGGACTGATGCCTT-1,0,7,99,7349,31291
CTCGAATGGAACGTAT-1,0,6,100,6845,31585
GGACGGCTTGCGCAAC-1,1,7,101,7352,31872
CTAAGTACAGGGCTAC-1,0,6,102,6849,32166
ACAAATTCAGATCTGA-1,1,7,103,7356,32453
CATGGAAATGGGACCA-1,0,6,104,6853,32747
GGTGGACCACGTGTTA-1,0,7,105,7360,33034
CACGACGTAATAGTAA-1,0,6,106,6856,33328
CGGGTTCGGCACGTAT-1,0,7,107,7364,33615
CTGGGCTATCCTTTGG-1,0,6,108,6860,33909
GTATTAGGGTTCGCGT-1,0,7,109,7367,34196
TCATTCGTATAATTTG-1,0,6,110,6864,34490
AATAGCAAGCCTCCTG-1,0,7,111,7371,34778
CATCTACCCGAGAACG-1,0,6,112,6868,35071
GCTTCAGTGGGATTAC-1,0,7,113,7375,35359
TCTGTGATGGAGGTTG-1,0,6,114,6871,35652
ATCCACTTTCAGACTA-1,0,7,115,7379,35940
ATGGTTACGAAACATG-1,0,6,116,6875,36233
GGCCCAATCTAGAGGG-1,0,7,117,7382,36521
GATGGTGAAATAACCC-1,0,6,118,6879,36815
AGAGGGACAATTGTCC-1,0,7,119,7386,37102
CGCGTACATTCTGGAA-1,0,6,120,6883,37396
CAAGAAACCCTAAACT-1,0,7,121,7390,37683
TTGGTGCGGTGTTGAA-1,0,6,122,6886,37977
GGTTCCCTAGTGTCTC-1,0,7,123,7394,38264
CGATAACCAATTTGAG-1,0,6,124,6890,38558
GCCCACTGGTCCACAA-1,0,7,125,7397,38845
GAGGGCCGGCAGAGTC-1,0,6,126,6894,39139
CGACACGGATGCCCAC-1,0,7,127,7401,39426
CTGTCTGTGGCTGGCT-1,0,8,0,7669,2526
ATATTATCCCGTATTT-1,0,9,1,8176,2813
GCGCTGGCGGAAAGTC-1,0,8,2,7672,3107
ATCTAACGTCCCTATG-1,0,9,3,8180,3394
GTCAGACAGCGTTGGA-1,0,8,4,7676,3688
GCCAGGCTTAGTGGTA-1,0,9,5,8183,3975
ATTCAAAGTACCTGTT-1,0,8,6,7680,4269
TGGACGTAGGCGAATC-1,0,9,7,8187,4556
ACACATTGACGCAACA-1,0,8,8,7684,4850
GATATCAGTATGTATC-1,0,9,9,8191,5137
TGGGCCTTGCCTGCAT-1,0,8,10,7687,5431
CAAAGTCAGGTTAGCT-1,0,9,11,8195,5718
GGATCCCTACCAGCTA-1,0,8,12,7691,6012
ATCGTCCAATCGAGTC-1,0,9,13,8198,6299
ACATGGCTCAATTTAG-1,0,8,14,7695,6593
AGGCCCAGTGACTGGT-1,0,9,15,8202,6880
GCTTCCAGCTTAGATT-1,0,8,16,7699,7174
TGCTTGAAACCATGCA-1,0,9,17,8206,7461
CAATATTGGACTAGTG-1,0,8,18,7702,7755
CGTGCTGGCCTAGTCG-1,0,9,19,8210,8042
CCTGCGATAGAACTGT-1,0,8,20,7706,8336
GGGTAATGCTGTGTTT-1,0,9,21,8213,8624
AACGCGAACGGCAACA-1,0,8,22,7710,8917
TGTCGGCATGGTGGAA-1,0,9,23,8217,9205
AGCGTACGAGAGCTAG-1,0,8,24,7714,9498
ATACTCTCGCCACTCT-1,0,9,25,8221,9786
AATCCATGCAAGGGTG-1,0,8,26,7717,10079
TTAAACAGAGTCCCGC-1,0,9,27,8225,10367
CCACAGCTGAAATCAT-1,0,8,28,7721,10660
CGGTTCCGGCTTCTTG-1,0,9,29,8228,10948
GACGTGAGACTCCATG-1,0,8,30,7725,11242
TCGTTGGCTCGTCAAT-1,0,9,31,8232,11529
GGTGAACGGGCTAGCC-1,0,8,32,7729,11823
GCACTGTGCAAATGTA-1,0,9,33,8236,12110
ACGAGAACCCATCACG-1,0,8,34,7732,12404
CCAGCTACGCCTCATA-1,0,9,35,8240,12691
TCCCGGTCAGGAATTT-1,0,8,36,7736,12985
TCGCATTCAATGACTT-1,0,9,37,8243,13272
CTGGTTCAACGCATCA-1,0,8,38,7740,13566
GGTGATTTCATCTTGT-1,0,9,39,8247,13853
CACCCTTTCCTCGCTC-1,0,8,40,7744,14147
CAACTTGTAGTGGGCA-1,0,9,41,8251,14434
AATATCAAGGTCGGAT-1,0,8,42,7747,14728
ACTCAGACCTGCTTCT-1,0,9,43,8255,15015
TTGGAGTCTCCCTTCT-1,0,8,44,7751,15309
GGATACTCATGAATTG-1,1,9,45,8258,15596
TGGGCACAAACAGAAC-1,1,8,46,7755,15890
GAGCCACGGTAGTAGG-1,1,9,47,8262,16177
TCGATAGGCTAGTCGC-1,1,8,48,7759,16471
TAACCGCCCGCAGTGC-1,1,9,49,8266,16758
GCCTATTTGCTACACA-1,1,8,50,7762,17052
TTGACGATTCAGCACG-1,1,9,51,8270,17339
TTAAACCGGTAGCGAC-1,1,8,52,7766,17633
ACCGAAAGGGCCCTGC-1,1,9,53,8273,17920
ACGTTCCGCGCTCCGT-1,1,8,54,7770,18214
ATACCAGGCTAATAGA-1,1,9,55,8277,18501
CGGCTTTGTATGATAA-1,1,8,56,7774,18795
CTTGACCCGAAAGATA-1,1,9,57,8281,19083
CGCAGAAACATTTGCG-1,1,8,58,7777,19376
GACCCGTCGCCGGCTA-1,0,9,59,8285,19664
AATCGGGACACTACGA-1,0,8,60,7781,19957
GTCACAAAGTTTCCAA-1,0,9,61,8288,20245
TATATTCGCGTCGATA-1,0,8,62,7785,20538
CCTCCCGACAATCCCT-1,0,9,63,8292,20826
CGACATGCGATCTTCT-1,1,8,64,7789,21119
AACACGACTGTACTGA-1,1,9,65,8296,21407
CCCAACCACACTAACA-1,1,8,66,7792,21701
CACCGCCGACCAGCGA-1,1,9,67,8300,21988
TGGTATCGCATCCCAA-1,1,8,68,7796,22282
CAGAGTGATTTAACGT-1,1,9,69,8303,22569
AACCCTGGTGGAACCA-1,1,8,70,7800,22863
GTCAGTTGTGCTCGTT-1,1,9,71,8307,23150
ATTGACGTAACTCGGT-1,1,8,72,7804,23444
GATGTCGGTCAACTGC-1,1,9,73,8311,23731
AGGGCAGCGGCGTGGT-1,0,8,74,7807,24025
ACATCGTTAACCTAGT-1,1,9,75,8315,24312
TCCATTGTGACCTCGT-1,1,8,76,7811,24606
TGTTTAATACTTCATC-1,1,9,77,8318,24893
TTGCTGGCCGGGCTTC-1,1,8,78,7815,25187
CATATTATTTGCCCTA-1,0,9,79,8322,25474
CTGCCTAGCCACCAAG-1,0,8,80,7819,25768
ACGAGATATTTGCTTA-1,0,9,81,8326,26055
GACTACAATTGCTCGT-1,0,8,82,7822,26349
AACGTGATGAAGGACA-1,0,9,83,8330,26636
ACTCTCTTATACACGA-1,1,8,84,7826,26930
CGCATCATGGCTTCAG-1,0,9,85,8333,27217
CGGCTCTTCGTCGAAC-1,0,8,86,7830,27511
ATTCTTCGTACTTATG-1,0,9,87,8337,27798
AGTGAGGGTTTCTGAC-1,1,8,88,7834,28092
GCCAGGCGTTCGCATG-1,1,9,89,8341,28379
GACTAACACAGCACCT-1,1,8,90,7837,28673
CAATGGAATCTACATA-1,0,9,91,8345,28960
GTGGTCAGCGAAGTAT-1,0,8,92,7841,29254
ATGGCTGGAAATGGCC-1,0,9,93,8349,29542
ATCAGGTCGCCATTGC-1,0,8,94,7845,29835
TATCACCATGTAAAGT-1,0,9,95,8352,30123
AGCGCTTATGGGCAAG-1,1,8,96,7849,30416
AAGCGGCGTCATGGGT-1,1,9,97,8356,30704
ACTAATACGTCAGGCG-1,0,8,98,7852,30997
GGCTGAGCATCGTAAG-1,1,9,99,8360,31285
CGGTTGGGTTCAAGTT-1,0,8,100,7856,31578
GACTGATTGGTCACAA-1,0,9,101,8364,31866
AGACGGGCCGATTTAA-1,1,8,102,7860,32160
ACCAGTGCCCGGTCAA-1,0,9,103,8367,32447
GTCCTTTAATGACTTC-1,1,8,104,7864,32741
CCTACAAGTCCGGAAT-1,1,9,105,8371,33028
GCCTGCTACACTGAGA-1,0,8,106,7867,33322
GACTCGGTCGGCGGAT-1,0,9,107,8375,33609
CTAGACATATATGTAG-1,0,8,108,7871,33903
TCGCCCAACTGACTCC-1,0,9,109,8379,34190
AAACTAACGTGGCGAC-1,0,8,110,7875,34484
AACTGAGGTCAGCGTC-1,0,9,111,8382,34771
ACAATGATTCTTCTAC-1,0,8,112,7879,35065
ATAAGTACCCGATTGT-1,0,9,113,8386,35352
ATTGGGAGTTCTGTAA-1,0,8,114,7882,35646
CGAACATAGTCAGAAA-1,0,9,115,8390,35933
TAGCTCAGATCCTAGT-1,0,8,116,7886,36227
GTGTCGTATTCACCTT-1,0,9,117,8394,36514
CTCACCGATCCAAACT-1,0,8,118,7890,36808
ATATGTGCACAAACCA-1,0,9,119,8397,37095
CAGTCCAACGCCTTCT-1,0,8,120,7894,37389
TCGTCCGGGTACACTC-1,0,9,121,8401,37676
GCAGAAACGTAATCCA-1,0,8,122,7897,37970
TTCGAGCCGGCGCTAC-1,0,9,123,8405,38257
GGAAGATAAGACTGTA-1,0,8,124,7901,38551
ATAAGCAAACACCGAG-1,0,9,125,8409,38838
GCATAAATTGAACGCC-1,0,8,126,7905,39132
CGCCGGTGTCGCAGTA-1,0,9,127,8412,39419
GACCTGGTCTGGGCGT-1,0,10,0,8680,2519
AGCCGCTTGATTAGCG-1,0,11,1,9187,2806
CCCGGCTAGGTGAGAA-1,0,10,2,8683,3100
CGAGCCGAGCACTCGA-1,0,11,3,9191,3387
TAGTGCTTGAATCCTT-1,0,10,4,8687,3681
CAACCGCACCTAGACA-1,0,11,5,9194,3969
ACCACTGTTCAAGAAG-1,0,10,6,8691,4262
AGATGCTATAACGAGC-1,0,11,7,9198,4550
AATTACTCGTACGCTC-1,0,10,8,8695,4843
CGTCAATCTTTAACAT-1,0,11,9,9202,5131
CCAAAGCAGTTGGTTG-1,0,10,10,8698,5424
CCATATTGGATCATGA-1,0,11,11,9206,5712
CGTACCGAAAGTCTAG-1,0,10,12,8702,6005
CTCGAGATCCAAAGCA-1,0,11,13,9209,6293
TGGATAGAGTAACAGA-1,0,10,14,8706,6587
TCACAGATCCTCAAAC-1,0,11,15,9213,6874
AGAGCTACGAAAGCAT-1,0,10,16,8710,7168
TGCGTGATTGGGTGTC-1,0,11,17,9217,7455
CACATGTTTGGACATG-1,0,10,18,8713,7749
TTCGCATCCGGAAGCA-1,0,11,19,9221,8036
CCCTAGTGTCAGGTGT-1,0,10,20,8717,8330
TTACCGCCTTAGGGAA-1,0,11,21,9224,8617
CCAGTCCATTATTCGA-1,0,10,22,8721,8911
CGTAAACGCTTGAGTG-1,0,11,23,9228,9198
ATTCCTTCCAGGCGGT-1,0,10,24,8725,9492
TTCCTTTCTGTGTTGC-1,0,11,25,9232,9779
AGTTGACATCGGCTGG-1,0,10,26,8728,10073
AACTCGATGGCGCAGT-1,0,11,27,9236,10360
GATAAGGCAGATGCAA-1,0,10,28,8732,10654
GGCTGGCTAGCTTAAA-1,0,11,29,9240,10941
CCTCATGCAGCTACGA-1,0,10,30,8736,11235
GACGCCTGTTGCAGGG-1,0,11,31,9243,11522
TAATTAGATGGATATG-1,0,10,32,8740,11816
GAGGGCATCGCGTATC-1,0,11,33,9247,12103
CTTGTGAGTCTTTGAC-1,0,10,34,8743,12397
TCAACACATTGGGTAA-1,0,11,35,9251,12684
ACTGTATACGCGAGCA-1,0,10,36,8747,12978
GTGAAACGTGCTCCAC-1,0,11,37,9255,13265
CGAGTGCTATAGTTCG-1,0,10,38,8751,13559
GTACTGCATGAAGCGT-1,0,11,39,9258,13846
GTAACTTGCGGCAGTC-1,0,10,40,8755,14140
GAATCGCCGGACACGG-1,0,11,41,9262,14428
GGGAGTAATGGCTGGC-1,0,10,42,8758,14721
CATGAACCGACATTTG-1,0,11,43,9266,15009
TCTGTCATACAAGAGC-1,0,10,44,8762,15302
GTCGTCAATTATAAGG-1,0,11,45,9270,15590
TAAAGAGCCCGAAACC-1,1,10,46,8766,15883
GTACTGAGGTCGTAAC-1,1,11,47,9273,16171
AAAGACCCAAGTCGCG-1,1,10,48,8770,16465
CGTCAGTGCGCACAAG-1,1,11,49,9277,16752
TGTATCCTTATTCCAT-1,1,10,50,8773,17046
ATTCTCGTCTCTTTAG-1,1,11,51,9281,17333
AAAGTCACTGATGTAA-1,1,10,52,8777,17627
TGTCTACAGTTTCTGT-1,1,11,53,9285,17914
TTAACGTCGCAAGACC-1,1,10,54,8781,18208
CTATGTCTATTGAAAC-1,1,11,55,9288,18495
TCGGGTGAAACTGCTA-1,1,10,56,8785,18789
TGTCCCGACATAGCAC-1,1,11,57,9292,19076
ACAGCATAGAGCCAGT-1,1,10,58,8788,19370
ATATTCCCACAGGTCA-1,1,11,59,9296,19657
TTGGATCGACTTCTGG-1,0,10,60,8792,19951
CACCATCGGAGGAGAC-1,0,11,61,9300,20238
TCGTTCGTTATTATGT-1,0,10,62,8796,20532
CTTAACTTCGAAGTAC-1,0,11,63,9303,20819
GCACAAGTGTCGGAAG-1,0,10,64,8800,21113
TACCAGCTAGGTTTAA-1,0,11,65,9307,21400
ACGTACAGATTTCTCT-1,1,10,66,8803,21694
AATTTGGTTCCAAAGA-1,1,11,67,9311,21981
GTAAGGATTTGTCGGA-1,1,10,68,8807,22275
CATCATCTACCCGGAC-1,1,11,69,9315,22562
ACGATGGATCCGATGC-1,1,10,70,8811,22856
CACTCAGCTCTTGAGG-1,1,11,71,9318,23143
TAGATCCGAAGTCGCA-1,1,10,72,8815,23437
TGAAACTTATGCAAGC-1,1,11,73,9322,23724
GCGATTCTGGAAGCAG-1,1,10,74,8818,24018
CAAACTATTGAGCTTC-1,1,11,75,9326,24305
TAGAATTAAGGGCAAC-1,1,10,76,8822,24599
CGAAACATAGATGGCA-1,1,11,77,9330,24887
GATGGTGCCCTAGGCA-1,1,10,78,8826,25180
CCCGCAGGGCCCAAAG-1,0,11,79,9333,25468
ACAGCGCACCCGCAGC-1,0,10,80,8830,25761
GGTAAATGTGCGTTAC-1,0,11,81,9337,26049
GTCCTTCTAGTGGGTT-1,0,10,82,8833,26342
GGAAGCTCGCTTACAG-1,0,11,83,9341,26630
CACCGATACACCGAGC-1,0,10,84,8837,26924
CAGCCGGGCCCTCTAT-1,1,11,85,9345,27211
CGGAGCTTATAACACC-1,1,10,86,8841,27505
ATTACAACTACCGGCC-1,1,11,87,9348,27792
TCCTCTGGCCCATTAG-1,1,10,88,8845,28086
CGGCACCGTTAGCGCC-1,0,11,89,9352,28373
TCGGTCCCTGACTCCA-1,0,10,90,8848,28667
TGGTTGGAGGATCCTG-1,0,11,91,9356,28954
CTGCGGTAGTCACGTG-1,0,10,92,8852,29248
GTGCCTCAGTGTACGG-1,0,11,93,9360,29535
ATCGTTCACTTTCGCC-1,0,10,94,8856,29829
ACTTACCGGGCGCGCA-1,0,11,95,9363,30116
CTAGACTGCATTTCGT-1,1,10,96,8860,30410
TTGCCGGTGATCCCTC-1,1,11,97,9367,30697
CTGTCACGCCAGGCGC-1,0,10,98,8863,30991
CGGTATAGGTATTAGC-1,1,11,99,9371,31278
CCAACGCTTGCCAGGG-1,0,10,100,8867,31572
CGTTGAGTAATTGCGT-1,0,11,101,9375,31859
TGTATTTACCTAATGC-1,0,10,102,8871,32153
TAAATGCCGTCTCATG-1,1,11,103,9378,32440
CGGTTTATGAAGGAAC-1,1,10,104,8875,32734
GCAAGATGTGTTCGCG-1,1,11,105,9382,33021
AAAGGTAAGCTGTACC-1,1,10,106,8878,33315
GTACGTCACGTATTAA-1,1,11,107,9386,33602
AGTACCTTCGAGTGCT-1,0,10,108,8882,33896
ATTGTGACTTCGCTGC-1,0,11,109,9390,34183
TGTATCAGACTGAAGC-1,0,10,110,8886,34477
GAGACCCTGCAACGCC-1,0,11,111,9393,34764
TGGGTGGGATGTCATT-1,0,10,112,8890,35058
GGCTAATGATTGAAAT-1,0,11,113,9397,35346
ATAACGTTACCTCCAC-1,0,10,114,8893,35639
TGCGAGATGGCGGCCA-1,0,11,115,9401,35927
CACACTTGTATTGCGA-1,0,10,116,8897,36220
GCTGGTGACTCGTAGT-1,0,11,117,9405,36508
CGACACCGCTTAAGGA-1,0,10,118,8901,36801
GTAACAACTGACCTTG-1,0,11,119,9408,37089
CAACTGAGGGTATGAC-1,0,10,120,8905,37383
CTAATTATGAAGCGTA-1,0,11,121,9412,37670
CCGATCTTAAGAGGCT-1,0,10,122,8908,37964
CGACTCGGTACACGGT-1,0,11,123,9416,38251
TGCTGCGTCAGAGTTA-1,0,10,124,8912,38545
AGAGTTGCAGGCCTCC-1,0,11,125,9420,38832
ACTGGCGAACCTGCGT-1,0,10,126,8916,39126
ACTAAGGACGCACACC-1,0,11,127,9423,39413
CGTCCAGATGGCTCCA-1,0,12,0,9691,2513
ACTATCGCCGGCTAAA-1,0,13,1,10198,2800
GATAGCGTACCACGCG-1,0,12,2,9694,3094
AGGACTTATAGGAGAA-1,0,13,3,10202,3381
TAGTCGGGATTCTTCG-1,0,12,4,9698,3675
ACCATTAAGGGTGTCA-1,0,13,5,10206,3962
TTAATGTGTTTGCAGG-1,0,12,6,9702,4256
TCCGCAGCCACCTAGC-1,0,13,7,10209,4543
GAGGAGATCCTCATGC-1,0,12,8,9706,4837
GGTCCTTCATACGACT-1,0,13,9,10213,5124
CCCTGTTGGCAAAGAC-1,0,12,10,9709,5418
GTGCCTAGCTATGCTT-1,0,13,11,10217,5705
GTCATCTCCTACAGCT-1,0,12,12,9713,5999
GCGAGAAACGGGAGTT-1,0,13,13,10221,6286
CGTCGCGGCGGGATTT-1,0,12,14,9717,6580
CATTGTGTGCTAGATC-1,0,13,15,10224,6867
CGCGGCAGTATTACGG-1,0,12,16,9721,7161
GAAATGGGATGTAAAC-1,0,13,17,10228,7448
CATTCCCTAAGTACAA-1,0,12,18,9724,7742
AGTTCTGCGTTGTATC-1,0,13,19,10232,8029
ACCCTATAGGACTGAG-1,0,12,20,9728,8323
TTAGATAGGTCGATAC-1,0,13,21,10236,8610
ATTGATAGCAACGAGA-1,0,12,22,9732,8904
TCTCGGCTCCAGGACT-1,0,13,23,10239,9192
CTTGAGGTTATCCCGA-1,0,12,24,9736,9485
AAGAAGGATCAGTTAG-1,0,13,25,10243,9773
GTACGACGGCGCTGCG-1,0,12,26,9739,10066
CTTATGTTGACTACCA-1,0,13,27,10247,10354
CGGCACTCAAGAAAGT-1,0,12,28,9743,10647
GTCAAAGTTTACATAG-1,0,13,29,10251,10935
CTCCTAAGTTATGTCT-1,0,12,30,9747,11228
ACTGTGCTAGTAGATC-1,0,13,31,10254,11516
GTTTGGCCGCTCAGCG-1,0,12,32,9751,11810
TTATCCAATCGAACTC-1,0,13,33,10258,12097
CCGTACCCAAGCGCCA-1,0,12,34,9754,12391
CATACAAAGCCGAACC-1,0,13,35,10262,12678
GGTCGGTAATTAGACA-1,0,12,36,9758,12972
AGCGGGAAGGGTCCAT-1,0,13,37,10266,13259
GCCCACCAAGGCTGTC-1,0,12,38,9762,13553
GTAGACGTCGTTACAT-1,0,13,39,10269,13840
GAGCATCATCCCTGGG-1,0,12,40,9766,14134
AGGTAACCTCCTATTC-1,0,13,41,10273,14421
GGTTTGAGTGCTGGAA-1,0,12,42,9769,14715
GCACTAGTCGCGCTAT-1,0,13,43,10277,15002
GGTAACTATGTATCTG-1,0,12,44,9773,15296
GCGGTCCCTAGACGCA-1,1,13,45,10281,15583
CGAGCGTTGATCAGCC-1,0,12,46,9777,15877
AATCCAAGGGCCTGAG-1,1,13,47,10284,16164
CCGTGCCCATGACGGC-1,1,12,48,9781,16458
GAAATTCACATCGCTG-1,1,13,49,10288,16745
CTCTGCGAAGCAAGCA-1,1,12,50,9784,17039
AGTAGGTAACATACAT-1,1,13,51,10292,17326
ATTGGGAATATCTTGG-1,1,12,52,9788,17620
TAGAGCTACGAAGAAC-1,1,13,53,10296,17907
TGCGGCATAGTTCAAC-1,1,12,54,9792,18201
CCGCCGGTCAACACAC-1,1,13,55,10299,18488
TCGTATAGTGCAATTA-1,1,12,56,9796,18782
TAGTTTATTCTTGCTT-1,1,13,57,10303,19069
GATATCTCATGCAATA-1,1,12,58,9799,19363
CGTTTAAGCGGAGCAC-1,1,13,59,10307,19651
CATGCTGGCTCCAATT-1,1,12,60,9803,19944
GAAACAGCCATGCAGT-1,1,13,61,10311,20232
AGTTTCGCAGGTCGGA-1,0,12,62,9807,20525
CTCATGGCTCACAATC-1,0,13,63,10314,20813
AACCGTTGTGTTTGCT-1,0,12,64,9811,21106
ACCCTTCATCTGCGAA-1,0,13,65,10318,21394
TGCGGTGAAATTTCAT-1,0,12,66,9814,21687
CAAATTGTCAGCAAGC-1,1,13,67,10322,21975
GAGGTACATCCATCTT-1,1,12,68,9818,22269
AAATGGCATGTCTTGT-1,1,13,69,10326,22556
TCATCCCAGAGGGTGG-1,1,12,70,9822,22850
CGTAGCGAATTGTCAG-1,1,13,71,10329,23137
CCTAGTTAGTCGCATG-1,1,12,72,9826,23431
GAAACTCTAATGAAGG-1,1,13,73,10333,23718
TTGTATCACACAGAAT-1,1,12,74,9829,24012
TTCAAGCCGAGCTGAG-1,1,13,75,10337,24299
AGGTACGATATTGCCA-1,1,12,76,9833,24593
TTAAGCCGACAACTTC-1,1,13,77,10341,24880
GTCTTAGTACAGCCGG-1,1,12,78,9837,25174
TGGGTAAGGTTCCCGC-1,0,13,79,10344,25461
CTACGCCATTTCCGAT-1,0,12,80,9841,25755
GACCGTCAGGTCGTGA-1,0,13,81,10348,26042
TAGTTAAGATAGGATA-1,0,12,82,9844,26336
GAATATTCGGAGTCCC-1,0,13,83,10352,26623
CAAACTACGATAGAGA-1,0,12,84,9848,26917
CAGGAAGACTTTATAT-1,1,13,85,10356,27204
TTCGTAATCCCAGCGG-1,1,12,86,9852,27498
GTGAGGAGCGGTTGAG-1,1,13,87,10359,27785
CAATCCCTATACCAGC-1,1,12,88,9856,28079
AGGGAAACGAGGTACT-1,1,13,89,10363,28366
TCCTGCCAACTGGAGA-1,1,12,90,9859,28660
AATTTGGGACATAGTA-1,1,13,91,10367,28947
AACTCCTAATCCCATG-1,1,12,92,9863,29241
GCTCATTACTGCATGT-1,1,13,93,10371,29528
TCTCGAACGAGGTCAC-1,0,12,94,9867,29822
TCACTACGACCAATGC-1,0,13,95,10374,30110
GTGATGCACAACATCT-1,0,12,96,9871,30403
CCGACGTAAACACAAC-1,0,13,97,10378,30691
TGGGATGCACTCATTC-1,1,12,98,9874,30984
TTCCATCATGCGGTGA-1,0,13,99,10382,31272
TGCACAGTGAAGTTAT-1,1,12,100,9878,31565
CTATTGTGTTTGGTCA-1,0,13,101,10386,31853
TGCGAGCCCTTCCGCG-1,1,12,102,9882,32146
TTGAAAGGTGTAAAGG-1,0,13,103,10389,32434
GGTGCAGAGCCTATCG-1,1,12,104,9886,32728
ACTATATGCTGTGTTC-1,1,13,105,10393,33015
TCCTGGCGCTGCCTGG-1,1,12,106,9889,33309
GAGCCGAGCGTTTATT-1,1,13,107,10397,33596
AGAATGCGGGTTCGGA-1,0,12,108,9893,33890
ATGCGACAATTGGTCC-1,1,13,109,10401,34177
TTCCGGCTCGACTTCT-1,0,12,110,9897,34471
TGATTATGGCACGCAG-1,0,13,111,10404,34758
GGTTTGACAAGAAGCT-1,0,12,112,9901,35052
GCAGCTATGGACAGGT-1,0,13,113,10408,35339
CACCATGATCGCAAAG-1,0,12,114,9904,35633
GTCGGAAGGATACCAG-1,0,13,115,10412,35920
GGCCCAGTTATCAGCA-1,0,12,116,9908,36214
GGGCCTATTTAAGTAT-1,0,13,117,10416,36501
GTTGTTACATTGCGCT-1,0,12,118,9912,36795
CAACTCCGTAACTTGC-1,0,13,119,10419,37082
GATCTTTGCTCAAAGA-1,0,12,120,9916,37376
TCGCTTAATTACGAAG-1,0,13,121,10423,37663
CGATCATTAGAGGCAC-1,0,12,122,9919,37957
TGTTCTCTACTCCCTA-1,0,13,123,10427,38244
GCTTAGGGAAGCGGTA-1,0,12,124,9923,38538
CAGGTTTAGTACTACA-1,0,13,125,10431,38825
AAGCGGAGTGCGCGCA-1,0,12,126,9927,39119
TCAGATGGAGACGTAG-1,0,13,127,10434,39406
TCGCACTAACGTTTGT-1,0,14,0,10702,2506
CACGTCGGGTTCTAGA-1,0,15,1,11209,2793
GGAGTACACATGAGCT-1,0,14,2,10705,3087
GTGTGTCGACGTCGCT-1,0,15,3,11213,3374
GAAGCTCTTTGCTTAG-1,0,14,4,10709,3668
ACACCGAGCGCTCTTT-1,0,15,5,11217,3955
CGTAATAATTACGAGT-1,0,14,6,10713,4249
CATCAACACCTACTAA-1,0,15,7,11220,4537
CCAAGTTTCTACAGAT-1,0,14,8,10717,4830
ACGGGTCATGTGACTT-1,0,15,9,11224,5118
AGTGTGCTAAGATCGC-1,0,14,10,10720,5411
GGCGGTTTGCCGGTGC-1,0,15,11,11228,5699
GTATAATCTCCCGGAT-1,0,14,12,10724,5992
TAGTCCGTATGCATAA-1,0,15,13,11232,6280
CACTTCGTCTTATCTC-1,0,14,14,10728,6573
CATCCGCAGGCCCGAA-1,0,15,15,11235,6861
CCCTGATGTAACTCGT-1,0,14,16,10732,7155
CCATAGTCAGTAACCC-1,0,15,17,11239,7442
CGGGCCATAGCCGCAC-1,0,14,18,10735,7736
CTCCGGCTTGTAGACA-1,0,15,19,11243,8023
AACTTGCGTTCTCGCG-1,0,14,20,10739,8317
AATGAGTTCGCATATG-1,0,15,21,11247,8604
CGAGGCCAGGCATTGG-1,0,14,22,10743,8898
TCTGCGTCCGGTTTCT-1,0,15,23,11250,9185
CAATCCTGCCGTGGAG-1,0,14,24,10747,9479
CTGAGCAAGTAACAAG-1,0,15,25,11254,9766
GGGTACCCACGGTCCT-1,0,14,26,10750,10060
ACGGAATTTAGCAAAT-1,0,15,27,11258,10347
GGGCGGTCCTATTGTC-1,0,14,28,10754,10641
ATGTTACGAGCAATAC-1,0,15,29,11262,10928
AACCATGGGATCGCTA-1,0,14,30,10758,11222
TCGCATCCCTAAGTGT-1,0,15,31,11265,11509
ACTTAGTACGACAAGA-1,0,14,32,10762,11803
GAGCTCTCGGACCTAA-1,0,15,33,11269,12090
TCTATTACGCTGGCGA-1,0,14,34,10765,12384
AGATACGACTTCATAT-1,0,15,35,11273,12671
CGCTATACCGCCCACT-1,0,14,36,10769,12965
CAGTGTCCGCAGAATG-1,0,15,37,11277,13252
CCATCCATACCAAGTC-1,0,14,38,10773,13546
AACCCAGAGACGGAGA-1,0,15,39,11280,13833
GAAGAACGGTGCAGGT-1,0,14,40,10777,14127
GATAAATCGGTGGATG-1,0,15,41,11284,14414
CAGCTCGTGCTTGTGT-1,0,14,42,10780,14708
GAGTACGGGTATACAA-1,0,15,43,11288,14996
CATCGCCCGCGGCCAA-1,0,14,44,10784,15289
TCTTACAGAGGTACCG-1,0,15,45,11292,15577
TGGAAGACGAACACCA-1,1,14,46,10788,15870
GTTGTCGTGTTAGTTG-1,1,15,47,11295,16158
CCAAGGAACAGAGAGG-1,1,14,48,10792,16451
CTGCACCTGGAACCGC-1,1,15,49,11299,16739
CGCTTTCATACCGGTG-1,1,14,50,10795,17033
GTTCTTCCCTCGATGT-1,1,15,51,11303,17320
ATTTAACTCGTATTAC-1,1,14,52,10799,17614
AACGATAGAAGGGCCG-1,1,15,53,11307,17901
TATCCTGCATGGGAAT-1,1,14,54,10803,18195
AGGCCCATTGTACAGG-1,1,15,55,11310,18482
CCGGCGCATATTGGAT-1,1,14,56,10807,18776
ATCTGTAATTGTACCC-1,1,15,57,11314,19063
GAGCGAGGGAGTACCG-1,1,14,58,10810,19357
TTATTAGGGAAGCATC-1,1,15,59,11318,19644
CTTCTTACGTCGTATA-1,1,14,60,10814,19938
GAAGTGCTGGATAGCT-1,1,15,61,11322,20225
GTGCAACAAATGTGGC-1,1,14,62,10818,20519
CATGCGTTAGACAGAA-1,1,15,63,11325,20806
ACACACTTTCTACACG-1,0,14,64,10822,21100
AGCCCTAAGCGAAGTT-1,0,15,65,11329,21387
ATTAATTCGGTCACTC-1,0,14,66,10825,21681
AACAGGAAATCGAATA-1,1,15,67,11333,21968
ACGTTTAGTTGTGATC-1,1,14,68,10829,22262
TCCTTCAGTGGTCGAA-1,1,15,69,11337,22549
CGAACGCCCAGTGCCG-1,1,14,70,10833,22843
CCTCGAAGTGGACGGG-1,1,15,71,11340,23130
CTCTGTTTGAGGATTC-1,1,14,72,10837,23424
TGGGCACGTTCTATGG-1,1,15,73,11344,23711
ACTATTCGTCCGTGGT-1,1,14,74,10840,24005
CCTCTGGCCTAGACGG-1,1,15,75,11348,24292
CCATAAACAACCCGAC-1,1,14,76,10844,24586
CATAGTACATTGAGAG-1,1,15,77,11352,24873
ATTTCATTATTTCGCG-1,1,14,78,10848,25167
CAACTATATCGAATGC-1,0,15,79,11355,25455
CTAGTATTCGGAATTA-1,0,14,80,10852,25748
GTGGAACCTACATGCG-1,0,15,81,11359,26036
CCTAAAGGCTGACGCT-1,0,14,82,10855,26329
CGTGACATTGGGTCGT-1,1,15,83,11363,26617
CCAATCGGTAGATCGA-1,1,14,84,10859,26910
ATTGTCGCAATACCTT-1,1,15,85,11367,27198
AAATTACACGACTCTG-1,1,14,86,10863,27492
CACTCCTCTCGGTCGG-1,1,15,87,11370,27779
AAATAACCATACGGGA-1,1,14,88,10867,28073
AGTTACTCTATCGTGG-1,1,15,89,11374,28360
CGTTAGCTCACAACTG-1,1,14,90,10870,28654
GAATGTATGGCAGGTC-1,1,15,91,11378,28941
GCAACCACCAGACCGG-1,1,14,92,10874,29235
TCACTCGTGCAACGGC-1,1,15,93,11382,29522
AAACAGAGCGACTCCT-1,1,14,94,10878,29816
CAGCCTCTCCTCAAGA-1,1,15,95,11385,30103
TTGCGTGAACGCTTAG-1,0,14,96,10882,30397
CCGCCTGCGAATTGGT-1,1,15,97,11389,30684
AGATGAGGGTTGCGAT-1,0,14,98,10885,30978
CGGTGGGCTCCAGCCT-1,0,15,99,11393,31265
GGCAGCGGTAATCCTA-1,0,14,100,10889,31559
GCTAGCAGGGAGTGGG-1,0,15,101,11397,31846
CTCAAGACATTAGCGC-1,0,14,102,10893,32140
CACGGCGCGCCAAAGG-1,0,15,103,11400,32427
TGCAATTTGGGCACGG-1,1,14,104,10897,32721
ATGCCAATCGCTCTGC-1,0,15,105,11404,33008
GCTGGACCCAAAGTGG-1,1,14,106,10900,33302
ATTCCTAAGACGTGGA-1,1,15,107,11408,33589
TCCGGAGGAAGGGCTG-1,1,14,108,10904,33883
TCGGTGACCGCTCCGG-1,1,15,109,11412,34170
TCCGAAGTAGTCACCA-1,1,14,110,10908,34464
CATGTAGGAGCGCCAA-1,0,15,111,11415,34751
CACAAGAAAGATATTA-1,0,14,112,10912,35045
AGGGTCAGTAACCCTA-1,0,15,113,11419,35332
TAAGCCCTTACGACCA-1,0,14,114,10915,35626
ATACCGTCATCCATAA-1,0,15,115,11423,35914
GGACGTCCATAGTTGG-1,0,14,116,10919,36207
CATCAAACTGGCGCCC-1,0,15,117,11427,36495
AAACGTGTTCGCCCTA-1,0,14,118,10923,36788
AAATTGGTGAGAAGCA-1,0,15,119,11430,37076
GGTCATTGTAGTCATA-1,0,14,120,10927,37369
TGCAGTGAGGCTCGGG-1,0,15,121,11434,37657
GAACATTAGTATGTTA-1,0,14,122,10930,37951
GGTTTGCGAACACGTA-1,0,15,123,11438,38238
ACACAAATATTCCTAG-1,0,14,124,10934,38532
TTGGGTTTATTCAGCG-1,0,15,125,11442,38819
ATTCGCAGAGGACACT-1,0,14,126,10938,39113
GATTTAGTGCGTACTG-1,0,15,127,11445,39400
TAGAAACACAATAGTG-1,0,16,0,11713,2500
CAGTAGATGATGTCCG-1,0,17,1,12220,2787
TCTTAACTCGGATGTA-1,0,16,2,11716,3081
TACATCTTGTTTCTTG-1,0,17,3,12224,3368
TTCATAGGGTGTCCAT-1,0,16,4,11720,3662
TGAAGTAGCTTACGGA-1,0,17,5,12228,3949
GCACAAGTGGATCATA-1,0,16,6,11724,4243
GGGCGAATTTCTCCAC-1,0,17,7,12231,4530
ATGTTCCTGCCCACCT-1,0,16,8,11728,4824
GCTCAACCTCTTAGAG-1,0,17,9,12235,5111
ATAGCTGCTCTTGTTA-1,0,16,10,11731,5405
CGTCAGCTATTTACTC-1,0,17,11,12239,5692
ATCTGATAGTGTCTTA-1,0,16,12,11735,5986
TGCACTATGTGAGTGC-1,0,17,13,12243,6273
CCGACAAACACATGAG-1,0,16,14,11739,6567
GCCTTGTATATGCAGT-1,0,17,15,12246,6854
ATAATACCGTTAGCCG-1,0,16,16,11743,7148
ACACTCCAATGTCACT-1,0,17,17,12250,7435
AGTTGCTGACTGATAT-1,0,16,18,11746,7729
GGCGCTCCTCATCAAT-1,0,17,19,12254,8016
TGCCTGACATCGGTCA-1,0,16,20,11750,8310
TTGGCCATCTTGCGCT-1,0,17,21,12258,8597
CAGTGGTTGCACATGA-1,0,16,22,11754,8891
AGAATTGTTTGACATA-1,0,17,23,12261,9178
AAATGCTCGTTACGTT-1,0,16,24,11758,9472
CACCTAATAGAGTCGT-1,0,17,25,12265,9760
CATTTCTAGCAGACTA-1,0,16,26,11761,10053
CCGAAAGTGGTGAGCA-1,0,17,27,12269,10341
AGTCAGCCACCGCCTG-1,0,16,28,11765,10634
TCATCACTCGAGCTCG-1,0,17,29,12273,10922
CTCAGGACTCACCTGT-1,0,16,30,11769,11215
CGGTGTACTTGATCCC-1,0,17,31,12276,11503
CCTACGGCTCAGTCGA-1,0,16,32,11773,11796
GTACTTGGGCACTTCT-1,0,17,33,12280,12084
TGATTTCCTCCTGACG-1,0,16,34,11776,12378
CCTCACCAATCTTGAC-1,0,17,35,12284,12665
GGTGAGATGCAGATAA-1,0,16,36,11780,12959
GCTAGTTTCATTGAGG-1,0,17,37,12288,13246
AGGACATCGCACGTCG-1,0,16,38,11784,13540
GTGGACGTGCTGAGAC-1,0,17,39,12291,13827
TAAGGAACTTGTGGGA-1,0,16,40,11788,14121
TCGCTGTGCGTAAATC-1,1,17,41,12295,14408
GCATCCCTAACTTTGA-1,0,16,42,11791,14702
CACCCACACGTCACCC-1,1,17,43,12299,14989
CCCTCATTCTGGAATT-1,1,16,44,11795,15283
AGGGCGTGATCGGCTA-1,1,17,45,12303,15570
GGTGCGGATAAGTGGC-1,1,16,46,11799,15864
TAATATTGAAATTCGC-1,1,17,47,12306,16151
CTTACACTGGGAAATA-1,1,16,48,11803,16445
ACCAAGAACGCGTGTC-1,1,17,49,12310,16732
GCCTTCAGCCCTACCG-1,1,16,50,11806,17026
GATGCTACAAGCGCCT-1,1,17,51,12314,17313
CCGGGACCCGCAGAGA-1,1,16,52,11810,17607
GTTCCAGTCTGACCAT-1,1,17,53,12318,17894
ATGATCGGGAATAGAC-1,1,16,54,11814,18188
TTGGATTGGGTACCAC-1,1,17,55,12321,18475
TACCTCACGCTTGTAC-1,1,16,56,11818,18769
CATGGCAGGAAGATCG-1,1,17,57,12325,19056
ATGACGCCGGCTCTAA-1,1,16,58,11821,19350
AGCGACATCCCATTCA-1,1,17,59,12329,19637
AGTAATGTCTTGCCGC-1,1,16,60,11825,19931
TTCTTAGTGGCTCAGA-1,1,17,61,12333,20219
CGTCTGGAAGGGCCCG-1,1,16,62,11829,20512
ACGTGCGCCTCGTGCA-1,1,17,63,12336,20800
AGAGCGGGCTAATCAT-1,1,16,64,11833,21093
GCGTCGAAATGTCGGT-1,1,17,65,12340,21381
AACTGATATTAGGCCT-1,1,16,66,11836,21674
CGAGCTGGGCTTTAGG-1,1,17,67,12344,21962
GGGTGTTTCAGCTATG-1,1,16,68,11840,22255
TTAATTTCAGACGCGG-1,1,17,69,12348,22543
ACTGCCGTCGTAACTC-1,1,16,70,11844,22837
GTGCACGAAAGTGACT-1,1,17,71,12351,23124
ATCTCCCTGCAATCTA-1,1,16,72,11848,23418
ACGCCAGATGATTTCT-1,1,17,73,12355,23705
AGCTATTTAATCCAAC-1,1,16,74,11851,23999
CCACGAGAAGAGAATC-1,1,17,75,12359,24286
GATTCCGCGTTTCCGT-1,1,16,76,11855,24580
GTCGGATGTAGCGCGC-1,1,17,77,12363,24867
TATTTATACCGAGTAG-1,1,16,78,11859,25161
GTAGGTGATCCGTGTA-1,1,17,79,12366,25448
AGTTAAGCGGTCCCGG-1,1,16,80,11863,25742
CTGGCGACATAAGTCC-1,0,17,81,12370,26029
TTGGCCTAGAATTTCG-1,1,16,82,11867,26323
GGCATATCGGTTCTGC-1,1,17,83,12374,26610
GGGCGTCCACTGGCTC-1,1,16,84,11870,26904
TTACCCATTGCCGGGT-1,1,17,85,12378,27191
TTAGACACGATCGTTG-1,1,16,86,11874,27485
GCGCTGATCCAGACTC-1,0,17,87,12381,27772
TTCGGCAACCCGCTGA-1,0,16,88,11878,28066
GATATTTCCTACATGG-1,0,17,89,12385,28353
CTGCGTTACGATATAA-1,1,16,90,11882,28647
TAATAAACAAGGAGAT-1,0,17,91,12389,28934
AACCTTTACGACGTCT-1,1,16,92,11885,29228
AGTCCCGCCTTTAATT-1,1,17,93,12393,29515
TGAGATTAGGCCCTAA-1,1,16,94,11889,29809
AGTGTATTGCGCATTG-1,1,17,95,12396,30096
GTTGGATTCAGTGGCT-1,1,16,96,11893,30390
TAAAGCTGCAATAGGG-1,1,17,97,12400,30678
AGTAGGAAGGAAGTTG-1,1,16,98,11897,30971
TATCACTTCGAGTAAC-1,1,17,99,12404,31259
TGATCTACGCTGATCT-1,1,16,100,11900,31552
GGATCATCCCGTACGC-1,1,17,101,12408,31840
TGACACTTCTCTTTGC-1,1,16,102,11904,32133
AGCCCTTCTAATCCGA-1,1,17,103,12411,32421
CACCGCGTCCACTCTA-1,1,16,104,11908,32714
TAATTGGAATCGGGAA-1,0,17,105,12415,33002
TCGTAAGCTCCGAGGA-1,0,16,106,11912,33296
TATATTACAAATGTCG-1,0,17,107,12419,33583
CGCGAGAGGGACTTGT-1,0,16,108,11915,33877
GGACCTACGGTAACGT-1,1,17,109,12423,34164
GAAATATGCTTGAATG-1,0,16,110,11919,34458
CCGTATTAGCGCAGTT-1,0,17,111,12426,34745
AGGCGTCTATGGACGG-1,1,16,112,11923,35039
AACATCGATACGTCTA-1,1,17,113,12430,35326
TGAATATGCTATAAAC-1,0,16,114,11927,35620
ACCAAACACCCAGCGA-1,0,17,115,12434,35907
TGGCTTGTACAAGCTT-1,0,16,116,11930,36201
GAATGAAGGTCTTCAG-1,0,17,117,12438,36488
AGATACCAGCACTTCA-1,0,16,118,11934,36782
GCGGTCCCGGTGAAGG-1,0,17,119,12441,37069
GAGGCATTTGCAGCAG-1,0,16,120,11938,37363
GGCAAGCCAGGGATAG-1,0,17,121,12445,37650
TCTACGGGCTCAGTTG-1,0,16,122,11942,37944
TCTGCGAATCGTTCGC-1,0,17,123,12449,38231
AGCTCGTTGATGGAAA-1,0,16,124,11945,38525
TGAATGAGATACAGCA-1,0,17,125,12453,38812
ACCCTTGCCTGGGTCG-1,0,16,126,11949,39106
GGCGAACCGTTCTGAT-1,0,17,127,12456,39393
GCGATGTCTGTGCTTG-1,0,18,0,12724,2493
ATTAACACCTGAGATA-1,0,19,1,13231,2780
GAAATCTGACCAAGTT-1,0,18,2,12727,3074
CCTGACAAACTCGCGC-1,0,19,3,13235,3361
ATGTCATTTCCCATTG-1,0,18,4,12731,3655
GCGGTGCGGAGCATCG-1,0,19,5,13239,3942
CGGAAAGCAAATGTGC-1,0,18,6,12735,4236
GCTGAGCAACGGTTCT-1,0,19,7,13242,4523
TCACTCTTCGTCTGTC-1,0,18,8,12739,4817
GATCTTCATTGTCCTC-1,0,19,9,13246,5105
ACTCGATGTATTTCAT-1,0,18,10,12742,5398
TGAAGAGCGGTCCTAG-1,0,19,11,13250,5686
TAAACGTCGTCAATGA-1,0,18,12,12746,5979
ACGTTATTGGTCACTC-1,0,19,13,13254,6267
ATAGCCTCAGTACCCA-1,0,18,14,12750,6560
CGGGAGTATACCGCCG-1,0,19,15,13257,6848
GTCCTACAGGCGGCTC-1,0,18,16,12754,7141
CGGATAAGCGGACATG-1,0,19,17,13261,7429
AACTTCTGCGTCTATC-1,0,18,18,12758,7723
GGGTTCAGACGAACAA-1,0,19,19,13265,8010
AGTCTGGACATCCTTG-1,0,18,20,12761,8304
TTGAACGAATCCTTTG-1,0,19,21,13269,8591
GAAATACTAAACGTTT-1,0,18,22,12765,8885
CCCGCGCAATGCACCC-1,0,19,23,13272,9172
TTCGGCTAGAGATGGT-1,0,18,24,12769,9466
GACACGAGTTAGAGGA-1,0,19,25,13276,9753
GAGGTCCCAAAGATCT-1,0,18,26,12773,10047
TAACTCCATGGAGGCT-1,0,19,27,13280,10334
CTTGTTTATGTAGCCA-1,0,18,28,12776,10628
GATGGCGCACACATTA-1,0,19,29,13284,10915
ATAATAGTGTAGGGAC-1,0,18,30,12780,11209
CGCTATTCAATGTATG-1,1,19,31,13287,11496
ATATTGCTGTCAAAGT-1,0,18,32,12784,11790
GGATTCAGTACGGTGG-1,1,19,33,13291,12077
TTCTTAGTGAACGGTG-1,1,18,34,12788,12371
AATGGTTCTCACAAGC-1,1,19,35,13295,12658
TATACACGCAAAGTAT-1,1,18,36,12791,12952
CTTCATAGCTCAAGAA-1,1,19,37,13299,13239
CAACGGTTCTTGATAC-1,1,18,38,12795,13533
ACACCCGAGAAATCCG-1,1,19,39,13302,13820
TCTATCATGCAGTTAC-1,1,18,40,12799,14114
CCCGCCATGCTCCCGT-1,1,19,41,13306,14401
CGCTTCCACTGAAATC-1,1,18,42,12803,14695
CACTGTCCAAGTGAGA-1,1,19,43,13310,14982
ATTACTAGCCTCTTGC-1,1,18,44,12806,15276
CATAGTAGCATAGTAG-1,1,19,45,13314,15564
CAACTCCTTGATCCCG-1,1,18,46,12810,15857
AAGTAGAAGACCGGGT-1,1,19,47,13317,16145
GCGGGAACCAGGCCCT-1,1,18,48,12814,16438
ATTAGATTGATAGCGG-1,1,19,49,13321,16726
CTCGGTCCGTAGCCTG-1,1,18,50,12818,17019
TGGCTTTGGGTAGACA-1,1,19,51,13325,17307
TATCCATATCATGCGA-1,1,18,52,12821,17601
GGAGTGCCGCCCTGGA-1,1,19,53,13329,17888
TGAGAATGCTTTACCG-1,1,18,54,12825,18182
TTAACCAACCCTCCCT-1,1,19,55,13332,18469
TGTTTCGGTACTTCTC-1,1,18,56,12829,18763
TTGCTGAAGGAACCAC-1,1,19,57,13336,19050
TATTTAGTCTAGATCG-1,1,18,58,12833,19344
CTCCGGCCTAATATGC-1,1,19,59,13340,19631
TTGTGGCCCTGACAGT-1,1,18,60,12836,19925
TCGCCGGTCGATCCGT-1,1,19,61,13344,20212
CCATAGGTTGGCGTGG-1,1,18,62,12840,20506
GAACGACCGAATGATA-1,1,19,63,13347,20793
TCCGATAATTGCCATA-1,1,18,64,12844,21087
CATTACGTCGGCCCGT-1,1,19,65,13351,21374
CAAGCACCAAATGCCT-1,1,18,66,12848,21668
TGCATGGATCGGATCT-1,1,19,67,13355,21955
GAAATCGCGCGCAACT-1,1,18,68,12851,22249
CTGAAAGAGATCCGAC-1,1,19,69,13359,22536
CACCTCGATGGTGGAC-1,1,18,70,12855,22830
ATTTGTTCCAGGGCTC-1,1,19,71,13362,23117
TGGGCCACAAGAGCGC-1,1,18,72,12859,23411
CCTTCTTGATCCAGTG-1,0,19,73,13366,23698
CCTCGCCAGCAAATTA-1,1,18,74,12863,23992
TTCATGGCGCAACAGG-1,1,19,75,13370,24279
TTAATCAGTACGTCAG-1,1,18,76,12866,24573
CCTATCTATATCGGAA-1,1,19,77,13374,24860
ATTATACTTTGCTCGT-1,1,18,78,12870,25154
ATGGATCCGGCGTCCG-1,1,19,79,13377,25441
CGCCCGCTTCCGTACA-1,1,18,80,12874,25735
GGATTCCGCTATACCC-1,1,19,81,13381,26023
CGGTCTATCAACCCGT-1,1,18,82,12878,26316
ATGCCGGTTGATGGGA-1,1,19,83,13385,26604
TCATGCAGGTTCTCAT-1,1,18,84,12881,26897
TGAGCTTTAATGACGC-1,1,19,85,13389,27185
TCCCTTAGATTACTCG-1,1,18,86,12885,27478
ATATCTCCCTCGTTAA-1,1,19,87,13392,27766
AGCTCTTCCCAGTGCA-1,0,18,88,12889,28060
TCGCTAAACCGCTATC-1,0,19,89,13396,28347
CACATTCTTTCGATGG-1,0,18,90,12893,28641
GATATGCGGTAGCCAA-1,0,19,91,13400,28928
CGTTTCACTTCGGGCG-1,0,18,92,12896,29222
CCAATTACGGGTCGAG-1,0,19,93,13404,29509
GCAGGTAGAGTATGGT-1,0,18,94,12900,29803
GTCGTATTGGCGTACA-1,0,19,95,13407,30090
GAAATTAGCACGGATA-1,0,18,96,12904,30384
AATGCACCAAGCAATG-1,0,19,97,13411,30671
AGGACGCTCGATGTTG-1,0,18,98,12908,30965
GGCTAAAGGGCGGGTC-1,0,19,99,13415,31252
CATCTATCCCGTGTCT-1,0,18,100,12911,31546
CAGTAACTATTTATTG-1,0,19,101,13419,31833
CATATACTACTGATAA-1,0,18,102,12915,32127
GCGTTCGGAGACCGGG-1,0,19,103,13422,32414
AAGTTCAGTCTGCGTA-1,0,18,104,12919,32708
CGAAGCTATAAATTCA-1,0,19,105,13426,32995
CGCGGTCACAAACCAA-1,1,18,106,12923,33289
GGGAATGAGCCCTCAC-1,1,19,107,13430,33576
ACGGAGCGCAAATTAC-1,1,18,108,12926,33870
CGTTCTTCGCACACCT-1,1,19,109,13434,34157
GAATAGCCCTGCGGTC-1,1,18,110,12930,34451
AATAGCTACCGCGTGC-1,1,19,111,13437,34738
CCGAGCTGTGCTTGTC-1,1,18,112,12934,35032
GATGACGATGATCGCG-1,1,19,113,13441,35319
GCCTATGCTGGGCCTT-1,1,18,114,12938,35613
TTACTGTCTAGAGCTC-1,1,19,115,13445,35901
AGCGGTTGCCGCTCTG-1,0,18,116,12941,36194
GCTTGCAGCACAATTG-1,0,19,117,13449,36482
CCGGAGGTCTTATGGT-1,0,18,118,12945,36775
ACAGTATACCGTGGGA-1,0,19,119,13452,37063
GGGATCCCAATACAAA-1,0,18,120,12949,37356
ATTACGACTCCACAGT-1,0,19,121,13456,37644
CTCACACGCAAGCCTA-1,0,18,122,12953,37937
CCAGATGTAAATGGGT-1,0,19,123,13460,38225
GAACTTGTGCACGGGA-1,0,18,124,12956,38519
AAGCCGCTTTACCTTG-1,0,19,125,13464,38806
TCCATTCCCACTAGAG-1,0,18,126,12960,39100
AGAGCGCTTGTAACGG-1,0,19,127,13467,39387
TGGGTTCCCGGACGGA-1,0,20,0,13735,2487
GCTGCGCCTCCCACGT-1,0,21,1,14242,2774
CTGTTGGCTCTTCTGA-1,0,20,2,13739,3068
TTGTTCTAGATACGCT-1,0,21,3,14246,3355
CCCTCAAGCTCTTAGT-1,0,20,4,13742,3649
TGGTCTAGCTTACATG-1,0,21,5,14250,3936
ATGCACCTTCCTTAAT-1,0,20,6,13746,4230
GGGATACGGTAATAAT-1,0,21,7,14253,4517
AGTTCACCGGTTGGAC-1,0,20,8,13750,4811
GACATACTGTCGCAGA-1,0,21,9,14257,5098
TGGACACCGTTGCTTG-1,0,20,10,13754,5392
TGCGATGCTAATGGCT-1,0,21,11,14261,5679
TTCTGTTTCCTGTCGC-1,0,20,12,13757,5973
CGTTGTAAACGTCAGG-1,0,21,13,14265,6260
GATCGGCGATAAGTCG-1,0,20,14,13761,6554
AGCCTTAAAGCGGAAG-1,0,21,15,14268,6841
TCCGTAACCACAATCC-1,0,20,16,13765,7135
GAATGCCGAAATGACC-1,0,21,17,14272,7422
TATACTCATGCGGCAA-1,0,20,18,13769,7716
TAGTGTCAGAAACGGC-1,0,21,19,14276,8003
CGTCATACCATATCCA-1,0,20,20,13772,8297
TAGTACCTTAGTGGTC-1,0,21,21,14280,8584
CTGGCGGGAATAAGTA-1,0,20,22,13776,8878
AGTGTGGTCTATTGTG-1,0,21,23,14283,9165
GCTATCGCGGCGCAAC-1,0,20,24,13780,9459
CAGTAATCCCTCCCAG-1,0,21,25,14287,9746
GTATTAAGGCGTCTAA-1,0,20,26,13784,10040
CTAATTTCAACAACAC-1,0,21,27,14291,10328
TTAGCAACATGGATGT-1,0,20,28,13787,10621
ATGCTCAGTGTTGCAT-1,0,21,29,14295,10909
GATGTTTGTGCGAGAT-1,0,20,30,13791,11202
CACTTCGCCACAGGCT-1,0,21,31,14298,11490
CTGTATGGTGTAGAAA-1,1,20,32,13795,11783
TACGTGCACTATGCTG-1,1,21,33,14302,12071
GTATCAGCTTGGGTTC-1,1,20,34,13799,12364
TAACAAAGGGAGAAGC-1,1,21,35,14306,12652
TTACATCGTGGCCTGG-1,1,20,36,13802,12946
TCTGAACCGGTCGGCT-1,1,21,37,14310,13233
GGCTCGTGCCACCAGC-1,1,20,38,13806,13527
TATAAGTGAGGATAGC-1,1,21,39,14313,13814
GCCCGCGCGTTTGACA-1,1,20,40,13810,14108
TGCTGGTTGGACAATT-1,1,21,41,14317,14395
GCCTAGCGATCTGACC-1,1,20,42,13814,14689
CCATGCTCTGCAGGAA-1,1,21,43,14321,14976
TATAAATCCACAAGCT-1,1,20,44,13817,15270
CGCTCGACATAATGAT-1,1,21,45,14325,15557
CCAATTGAATGTTAAT-1,1,20,46,13821,15851
GCTAATACCGAATGCC-1,1,21,47,14328,16138
TTCAACGACCCGACCG-1,1,20,48,13825,16432
TTCCTCGAGGGTGTCT-1,1,21,49,14332,16719
CAACGACCCGTTTACA-1,1,20,50,13829,17013
CTTGTACTTGTTGACT-1,1,21,51,14336,17300
TCTCTAATAGCTGGTA-1,1,20,52,13832,17594
ATTATGCCATAGGGAG-1,1,21,53,14340,17881
GACAACGCAGCTTACG-1,1,20,54,13836,18175
AGATGACTCGCCCACG-1,1,21,55,14343,18462
GTGCGGGTCTCCAAAT-1,1,20,56,13840,18756
GTACGAGATTGCGACA-1,1,21,57,14347,19043
GTATAGGACTCAGTAG-1,1,20,58,13844,19337
TTGCACGGAGCAGCAC-1,1,21,59,14351,19624
CACAGCTAGGGAGTGA-1,1,20,60,13847,19918
ATACTAGCATGACCCT-1,1,21,61,14355,20205
CCAAGACTTCTGCGAA-1,1,20,62,13851,20499
ACATAATAAGGCGGTG-1,1,21,63,14358,20787
TAATACACAGTAGTAT-1,1,20,64,13855,21080
TCTTGGTAACACCAAA-1,1,21,65,14362,21368
AACTGGGTCCCGACGT-1,1,20,66,13859,21661
ATCACTTCATCCTCGC-1,1,21,67,14366,21949
TGGAAGGATAAAGATG-1,1,20,68,13862,22242
CATGATGCACAATTCT-1,1,21,69,14370,22530
TGCCTGATCAAACGAT-1,1,20,70,13866,22823
ATAGGGATATCCTTGA-1,1,21,71,14373,23111
CACCTAATCAGTTTAC-1,1,20,72,13870,23405
TGTGACTACGCCAGTC-1,0,21,73,14377,23692
CCCGACCATAGTCCGC-1,0,20,74,13874,23986
CGCGCCCGACTTAATA-1,0,21,75,14381,24273
TGCCACCTGGCGAAAC-1,1,20,76,13877,24567
CTGCCAAGGTTGGAAG-1,0,21,77,14385,24854
TCTCCAACGTAGGTTA-1,1,20,78,13881,25148
TTCTTGGAGTAATGAG-1,1,21,79,14388,25435
GTCTCGATCTGCTTTC-1,1,20,80,13885,25729
TACTCTCCGAACAAAT-1,1,21,81,14392,26016
ATCACATTAGAATATC-1,1,20,82,13889,26310
TACGGGATGCTAGCAG-1,1,21,83,14396,26597
AGCTGAAGTAAACCAA-1,1,20,84,13892,26891
CATGGGTCGGGTGTGG-1,1,21,85,14400,27178
CACCCACGAGGCAATT-1,1,20,86,13896,27472
TGCCATTACTAAAGAA-1,1,21,87,14403,27759
CCGTTACGTTAGAACA-1,1,20,88,13900,28053
GCCAGGAGTAACCGAT-1,1,21,89,14407,28340
GGAAAGTGCCCATGCC-1,0,20,90,13904,28634
TCTTACCGGAACTCGT-1,1,21,91,14411,28921
TATGTCAAGACCGACT-1,0,20,92,13907,29215
CCTAACTAAGGCTCTA-1,1,21,93,14415,29502
GCGGTGAACTGCGCTC-1,0,20,94,13911,29796
CCTCGCGCGATATAGG-1,0,21,95,14418,30083
ATCGGCAAGCAGTCCA-1,0,20,96,13915,30377
AGATCGTGCATAAGAT-1,0,21,97,14422,30664
ATTCAGGACCTATTTC-1,0,20,98,13919,30958
AGCTAGAAGCAGAAGT-1,0,21,99,14426,31246
TTCGCTATCTGACGTG-1,0,20,100,13922,31539
TTCCGCAGAGAAATAT-1,0,21,101,14430,31827
CAGTACATTCTCTAAA-1,0,20,102,13926,32120
GTGAAGATTTCAAGTG-1,0,21,103,14433,32408
AACGCATGATCTGGGT-1,0,20,104,13930,32701
CCCAGAGGAGGGCGTA-1,0,21,105,14437,32989
GGAAACCTTGTTGAAT-1,0,20,106,13934,33282
GTGAAGCCGTATAGTC-1,0,21,107,14441,33570
GAGCTGTCGTCTCGGA-1,1,20,108,13937,33864
TGTCATTTGTTGGGAA-1,1,21,109,14445,34151
ACCAACACCACACACT-1,1,20,110,13941,34445
AAATGATTCGATCAGC-1,0,21,111,14448,34732
CTGCTTTATGTCCGCG-1,1,20,112,13945,35026
GCGAGAGGCCATGTAA-1,0,21,113,14452,35313
ATTGACCGGCGATGAC-1,1,20,114,13949,35607
ACCCTGGTAACGCCCT-1,1,21,115,14456,35894
GTTGGACCGCATCAGG-1,0,20,116,13952,36188
CGTTTACAAGGCAGCT-1,0,21,117,14460,36475
CGGTCCATGAGACTCC-1,0,20,118,13956,36769
GTTCGTCTGGGTCCCT-1,0,21,119,14463,37056
TGTACTACTCTCACGG-1,0,20,120,13960,37350
AGTGAAGATGGTGTCC-1,0,21,121,14467,37637
GAGGGCCATAATATTA-1,0,20,122,13964,37931
ACTCCCGTAGACTAGG-1,0,21,123,14471,38218
CGTCAAATGGTCGCAG-1,0,20,124,13967,38512
AAGTCTAGTAGCTGCC-1,0,21,125,14475,38799
AAGAAATCACCAGATT-1,0,20,126,13971,39093
GAGTGCACGGACAACA-1,0,21,127,14478,39380
GTTCAAATCAGATGTC-1,0,22,0,14746,2480
CATGGCTCCCTATGTC-1,0,23,1,15253,2767
GGCCACACGAAAGCCT-1,0,22,2,14750,3061
GAAGCCGGGTAAGCTC-1,0,23,3,15257,3348
TTGCGCTCTCTCGCTT-1,0,22,4,14753,3642
TACATGACCTTATCCG-1,0,23,5,15261,3929
GTCCTTCTACAACCCA-1,0,22,6,14757,4223
TATATGCTGGGTTGCC-1,0,23,7,15264,4510
GTTTATGGGATTTAGA-1,0,22,8,14761,4804
GGAACCCGAACAAGAA-1,0,23,9,15268,5091
AACGTTATCAGCACCT-1,0,22,10,14765,5385
CATCGTCCGGTTACTA-1,0,23,11,15272,5673
AGACAGCTCAGAATCC-1,0,22,12,14768,5966
GCAGATCCTCGCAAAT-1,0,23,13,15276,6254
GGGTCATGCGTACCAT-1,0,22,14,14772,6547
CTGGTCATTCCAATCC-1,0,23,15,15279,6835
TCAGGGCGCAAACTCG-1,0,22,16,14776,7128
GATGCCAGCAGAAGGC-1,0,23,17,15283,7416
GTTATTAACGTGGGAG-1,0,22,18,14780,7710
AATACAATGTTTCAGG-1,0,23,19,15287,7997
TTGCTGCACCTATCCA-1,0,22,20,14783,8291
CCAGAGACAAAGCCGG-1,0,23,21,15291,8578
CCGAAGTATATTGTTC-1,0,22,22,14787,8872
GCTAAACCTGAGGTGA-1,0,23,23,15294,9159
TCATACTTACAGATCC-1,0,22,24,14791,9453
CGAGCACTTCAAGTTT-1,0,23,25,15298,9740
TAGCAACCTGTCACAA-1,0,22,26,14795,10034
TGGGAAATGCCTTTCC-1,0,23,27,15302,10321
AGACCATGGGATACAA-1,0,22,28,14798,10615
TAAATGAATCCGTTTC-1,0,23,29,15306,10902
ACAACGGTCCCTGCGA-1,0,22,30,14802,11196
GTCACTCTCCAAATCT-1,0,23,31,15309,11483
TTCTACTTGCGAGGGC-1,0,22,32,14806,11777
CGCAATTACTTTCGGT-1,0,23,33,15313,12064
CTGTTCATCTCACGGG-1,1,22,34,14810,12358
TTCTTGTAACCTAATG-1,0,23,35,15317,12645
GCTTGATGATAATCAG-1,1,22,36,14813,12939
TTGGCTCGCATGAGAC-1,1,23,37,15321,13226
GCCCAGTTGGTATGCC-1,1,22,38,14817,13520
ATTCCTCCGCCAGTGC-1,1,23,39,15324,13807
TCGTCCGCTGGCGTCT-1,1,22,40,14821,14101
GGAGAAGTCATTGGCA-1,1,23,41,15328,14388
TTGTTAGCAAATTCGA-1,1,22,42,14825,14682
TCTAGCATCTTCGATG-1,1,23,43,15332,14969
TTCTAGGCCAATTGTG-1,1,22,44,14828,15263
TCACGGTCATCGCACA-1,1,23,45,15336,15550
ATGAAGCCAAGGAGCC-1,1,22,46,14832,15844
AATGACTGTCAGCCGG-1,0,23,47,15339,16132
CCAAACAGAACCCTCG-1,0,22,48,14836,16425
TATCGATGATTAAACG-1,0,23,49,15343,16713
GAACACACATCAACCA-1,0,22,50,14840,17006
CCCGTCAGCGTCTGAC-1,1,23,51,15347,17294
AGCATCGTCGATAATT-1,1,22,52,14843,17587
GACTAAGATCATGCAC-1,1,23,53,15351,17875
TAGGGTGTTTCAAGAG-1,1,22,54,14847,18169
TGGTTCGTAGCAAAGG-1,1,23,55,15354,18456
CTGTTCACTGCCTGTG-1,1,22,56,14851,18750
ATGTGCATCCGACGCA-1,1,23,57,15358,19037
TTGTCGTTCAGTTACC-1,1,22,58,14855,19331
CGGGATCAATGTAAGA-1,1,23,59,15362,19618
TTATCTGTATCATAAC-1,1,22,60,14858,19912
ATCGACTCTTTCCGTT-1,1,23,61,15366,20199
CTCATTTGATGGGCGG-1,1,22,62,14862,20493
GTAAGCGGGCAGTCAG-1,1,23,63,15369,20780
TCTATCGGTCGCAACA-1,1,22,64,14866,21074
AACGCGGTCTCCAGCC-1,1,23,65,15373,21361
ATTAATACTACGCGGG-1,1,22,66,14870,21655
CTTTAACTTTCAAAGG-1,1,23,67,15377,21942
CGTACCTGATAGGCCT-1,1,22,68,14873,22236
GAATGTTGGGTAATCT-1,1,23,69,15381,22523
TGCGGAGTAAAGGTGC-1,1,22,70,14877,22817
CCTGAATATTTACATA-1,1,23,71,15384,23104
TTGCTCCCATACCGGA-1,0,22,72,14881,23398
CCTCTAATCTGCCAAG-1,1,23,73,15388,23685
AGGTTGAGGCACGCTT-1,0,22,74,14885,23979
TCCCGTCAGTCCCGCA-1,1,23,75,15392,24266
TCCGATGACTGAGCTC-1,0,22,76,14888,24560
CAGCCTCCTGCAGAGG-1,0,23,77,15396,24847
CTTAGCCTTCCACATG-1,0,22,78,14892,25141
ATTAATGAACCAGTCG-1,0,23,79,15400,25428
ACGATACATAGAACTA-1,0,22,80,14896,25722
AGCCACTCCCGTGCTT-1,0,23,81,15403,26009
ATACGGGTTTCGATTG-1,1,22,82,14900,26303
CTGTCAAATGGCTCGG-1,0,23,83,15407,26591
GCTCGGAATTTAAAGC-1,1,22,84,14903,26884
TAGGCATGTTACGCCA-1,1,23,85,15411,27172
TGGCAACTCGCGCGCC-1,1,22,86,14907,27465
ATCAGTAGGCAGGGAT-1,1,23,87,15415,27753
TATCGATCTATGCATA-1,1,22,88,14911,28046
CGACTCAGGATGTTAT-1,1,23,89,15418,28334
GCCATATTGCACACAG-1,1,22,90,14915,28628
AATTCATAAGGGATCT-1,1,23,91,15422,28915
CGGTAGAGGTGCAGGT-1,1,22,92,14918,29209
AATGATGATACGCTAT-1,1,23,93,15426,29496
CTTGTGCTCACCGATT-1,1,22,94,14922,29790
TTCCAATCAGAGCTAG-1,1,23,95,15430,30077
CGATGGACCCTACGCC-1,0,22,96,14926,30371
GGTCGGATAAACGGCG-1,1,23,97,15433,30658
TTAGCTAATACGATCT-1,0,22,98,14930,30952
CTCGATATTTGCGAGC-1,1,23,99,15437,31239
ATTACTTACTGGGCAT-1,1,22,100,14933,31533
CTAGCCGATGTTATGA-1,1,23,101,15441,31820
TACTGCAATCAATTAC-1,1,22,102,14937,32114
TAGTCTGTGACGTTGC-1,1,23,103,15445,32401
CTCGTTTCTAATGTTT-1,0,22,104,14941,32695
TTCGTTCAACGAAGTT-1,0,23,105,15448,32982
CTGAATTTATTGCCAG-1,0,22,106,14945,33276
TGGAATATCCTTGACC-1,0,23,107,15452,33563
CAGATCATTTAAAGTC-1,0,22,108,14948,33857
CTCCTTTACGCAAGTC-1,0,23,109,15456,34144
TCCCAAACAGACAACG-1,0,22,110,14952,34438
ATCGCTGCGTGCAGCA-1,0,23,111,15460,34725
TTAGTTCAAGTGTTCG-1,0,22,112,14956,35019
AAACTCGTGATATAAG-1,0,23,113,15463,35306
TTAACGAACAAGCAGT-1,1,22,114,14960,35600
GTTATATCAGGAGCCA-1,1,23,115,15467,35887
CAAATTGGATTATGCC-1,0,22,116,14963,36181
CGAGGAGCTTCCATAT-1,0,23,117,15471,36469
GGAGACCAATGTGCTT-1,0,22,118,14967,36762
CATTGATGAACACGCC-1,0,23,119,15475,37050
GTCAATGCTATAATTT-1,0,22,120,14971,37343
ACCACCCTCTCTTCTA-1,0,23,121,15478,37631
TGGAGGGAAACACCTC-1,0,22,122,14975,37924
CACGGACGTGGATGGC-1,0,23,123,15482,38212
AACTTTCTCGATCATG-1,0,22,124,14978,38505
CGTATTGTTTCCTAAT-1,0,23,125,15486,38793
CCTACTGCGGCGGCCA-1,0,22,126,14982,39087
CTTAGGTCCCAATCGT-1,0,23,127,15490,39374
CGCAATCGATCATTAG-1,0,24,0,15757,2473
TGGTTATGCTTGCGGT-1,0,25,1,16264,2761
GGCTTGGCTCTCACCT-1,0,24,2,15761,3055
ATTGGTAGGATCCGCT-1,0,25,3,16268,3342
TCAGGGCGACTTCCTT-1,0,24,4,15764,3636
TCTGCAGATTCGAGTC-1,0,25,5,16272,3923
CTCTCGCTGTACTATG-1,0,24,6,15768,4217
AATAGTCGCGAGTCGG-1,0,25,7,16276,4504
AGTTACCCTTAAGACT-1,0,24,8,15772,4798
CTTAAATAAGACCCAT-1,0,25,9,16279,5085
GGTTGTGCTCTTGTCC-1,0,24,10,15776,5379
GTGAGTCTAAGACGGA-1,0,25,11,16283,5666
CGCGACACTGCGCAGC-1,0,24,12,15779,5960
GCTCGCGGTTCCGCTC-1,0,25,13,16287,6247
TTAACTCACGCGTGGA-1,0,24,14,15783,6541
GGAACGGCCTGCAGCC-1,0,25,15,16291,6828
GTAGAAACGGGTGGAG-1,0,24,16,15787,7122
TAATGAAAGACCCTTG-1,0,25,17,16294,7409
AGGCTTGCTAGACACC-1,0,24,18,15791,7703
TTGCGTAGTTTGAGGA-1,1,25,19,16298,7990
CGCCCTTGAAGGCTGA-1,1,24,20,15794,8284
CCCGGTGGAAGAACCT-1,0,25,21,16302,8571
TTAACACCTCGAACAT-1,1,24,22,15798,8865
GATTCCTATACGGCGC-1,0,25,23,16306,9152
TTACCCTAACAGTCCT-1,0,24,24,15802,9446
ACCCACCTACATGCTC-1,0,25,25,16309,9733
AAAGGGCAGCTTGAAT-1,0,24,26,15806,10027
CACACAGGGATAGATT-1,1,25,27,16313,10314
AGAGCGTACAAGCTCG-1,0,24,28,15809,10608
TCTTACGGCATCCGAC-1,1,25,29,16317,10896
GCCTATTCCGATATAG-1,0,24,30,15813,11189
GAAAGTGACTAACTGC-1,0,25,31,16321,11477
CCGGAATGGTTTCAGT-1,0,24,32,15817,11770
AGTATAATACTAGGCA-1,1,25,33,16324,12058
TAACTATCGAAGGTCC-1,0,24,34,15821,12351
ATGAGGAGTGTTAATC-1,1,25,35,16328,12639
TGTGTCGCGAGTTGCA-1,0,24,36,15824,12932
ATCCAACGCAGTCATA-1,0,25,37,16332,13220
AAGGCGCGTAAAGCTT-1,1,24,38,15828,13514
AGTCGGCCCAAACGAC-1,1,25,39,16336,13801
AACGTCAGACTAGTGG-1,1,24,40,15832,14095
ACTACCAGCTCTCTGG-1,1,25,41,16339,14382
GCAAGTGCACAGAGAA-1,1,24,42,15836,14676
ACACCTTAAGTAGGGC-1,1,25,43,16343,14963
TTCGACGGGAAGGGCG-1,1,24,44,15839,15257
TTCGCACTCGCGTGCT-1,0,25,45,16347,15544
TATTTGTTACCCTTTA-1,0,24,46,15843,15838
CGCTGTGACGCCGCAC-1,0,25,47,16351,16125
GTTGCACGGAGTTTCG-1,0,24,48,15847,16419
GTTTCCTGGAGGGTGA-1,0,25,49,16354,16706
ACACCCAGCATGCAGC-1,0,24,50,15851,17000
TCAACCATGTTCGGGC-1,0,25,51,16358,17287
TTACAACTACGCATCC-1,1,24,52,15854,17581
TCCGATGGTGCGACAT-1,1,25,53,16362,17868
GGGCGTACATTTATAT-1,1,24,54,15858,18162
AGCGACCAACGATATT-1,1,25,55,16366,18449
ACACAAAGACGGGTGG-1,1,24,56,15862,18743
ATCGCACGCCGGGAGA-1,1,25,57,16369,19030
GCTCTAAACCCTGACG-1,1,24,58,15866,19324
AATGCAACCGGGTACC-1,1,25,59,16373,19611
TCAAACAACCGCGTCG-1,1,24,60,15869,19905
TATGCTCCCTACTTAC-1,1,25,61,16377,20192
AAAGGGATGTAGCAAG-1,1,24,62,15873,20486
ACGATCATACATAGAG-1,1,25,63,16381,20773
TTGTTCAGTGTGCTAC-1,1,24,64,15877,21067
ATGCATGATCCAGGAT-1,1,25,65,16384,21355
AGTCTTCTCCTCAAAT-1,1,24,66,15881,21648
GATTCCCTTGTCGCAG-1,1,25,67,16388,21936
CTCGCACCTATATAGT-1,1,24,68,15884,22229
ACTCAATAAAGGCACG-1,1,25,69,16392,22517
AACCGAGCTTGGTCAT-1,1,24,70,15888,22810
TAAGGCAACATAAGAT-1,1,25,71,16396,23098
CACGCACAGCGCAGCT-1,1,24,72,15892,23391
GGTTTACAATCTCAAT-1,1,25,73,16399,23679
TGCAGGATCGGCAAAG-1,1,24,74,15896,23973
ATAACGGAGTCCAACG-1,1,25,75,16403,24260
AACGATATGTCAACTG-1,1,24,76,15899,24554
GACAACGACCATTGAA-1,1,25,77,16407,24841
TTGACCATGTTCTCCG-1,1,24,78,15903,25135
AGTACGGGCACCTGGC-1,1,25,79,16411,25422
CGCCATCCGATTATGA-1,1,24,80,15907,25716
AAGGTATCCTAATATA-1,1,25,81,16414,26003
TGTTGTCAAGAAGTCT-1,0,24,82,15911,26297
CAGTGAATAAATGACT-1,1,25,83,16418,26584
CACCTTGCGAAACTCG-1,0,24,84,15914,26878
CATTTAGCGGACCATG-1,1,25,85,16422,27165
CCAGTCTAGACGGCGC-1,0,24,86,15918,27459
TCGCTTTAAACGTTTG-1,0,25,87,16426,27746
GTGAAACGGCGCCACC-1,1,24,88,15922,28040
GGGCTCATCGAACCCA-1,0,25,89,16429,28327
TTGATGTGTAGTCCCG-1,1,24,90,15926,28621
CAGTAGCCCACGCGGT-1,0,25,91,16433,28908
AGCGCGGGTGCCAATG-1,1,24,92,15929,29202
TAATCGATCCGTACGT-1,1,25,93,16437,29489
AGTGGCGGCAATTTGA-1,1,24,94,15933,29783
CCTTTCAATGAAGAAA-1,1,25,95,16441,30070
CTCAGTCACGACAAAT-1,1,24,96,15937,30364
ATAGGCTAGCTTCGCA-1,1,25,97,16444,30651
CGGTTCAAGTAGGTGT-1,1,24,98,15941,30945
CAGTCGAGGATGCAAT-1,1,25,99,16448,31232
TATCACCCAACCGACC-1,0,24,100,15944,31526
AATGATGCGACTCCTG-1,0,25,101,16452,31814
TGGAACCACTGACACA-1,0,24,102,15948,32107
GCCAATAGGGCATCTC-1,0,25,103,16456,32395
TTCTTTGGTCGCGACG-1,0,24,104,15952,32688
ATTAGATTCCTCAGCA-1,1,25,105,16459,32976
CCGTGGAACGATCCAA-1,0,24,106,15956,33269
GGGTCGTGGCAAGTGT-1,0,25,107,16463,33557
TCGCTCGGCACCAGCG-1,0,24,108,15959,33850
ACGCAATCACTACAGC-1,0,25,109,16467,34138
CTCTAATGCATTGATC-1,0,24,110,15963,34432
GTCTCGACTAAGTTTG-1,0,25,111,16471,34719
TGGTTTAAACGTGGGT-1,0,24,112,15967,35013
CGCAGATCTTCACCCG-1,1,25,113,16474,35300
TCCAGATGTACGCCAA-1,1,24,114,15971,35594
CATTGCGGGTCAATTC-1,1,25,115,16478,35881
GACGTTCGTAAATACA-1,0,24,116,15974,36175
TACACCGTCGTTAGTC-1,0,25,117,16482,36462
ACGGGCGTATGCGACA-1,0,24,118,15978,36756
GAAGGCTACCATTGTT-1,0,25,119,16486,37043
TAAATCTTTACACCTC-1,0,24,120,15982,37337
AGTTTATGTAAAGACA-1,0,25,121,16489,37624
AGGAGACATCCACAGT-1,0,24,122,15986,37918
CAACCTGAACCTGCCA-1,0,25,123,16493,38205
AGTCCCTCGCAGAAAG-1,0,24,124,15989,38499
TGTATACGGATGATGA-1,0,25,125,16497,38786
TTGTGGTATAGGTATG-1,0,24,126,15993,39080
TCTGCACCATTAGTAA-1,0,25,127,16501,39367
AAATGTATCTTATCCC-1,0,26,0,16768,2467
ACTCTAAACCTGGGAT-1,0,27,1,17275,2754
GCTGGCAGGTGCCGTG-1,0,26,2,16772,3048
CTCATTCGTGAACATC-1,0,27,3,17279,3335
TCGCCGGATGGGCAAG-1,0,26,4,16775,3629
GGACTAAGTCAGGAGT-1,0,27,5,17283,3916
TATCAAAGGTCTGTAA-1,0,26,6,16779,4210
TTCAGTTTGTGGCAGC-1,0,27,7,17287,4497
TGTTCATAAATGTGCT-1,0,26,8,16783,4791
CTTAGCCCGGATAGTG-1,0,27,9,17290,5078
GATGCGAATGGTATTA-1,0,26,10,16787,5372
TCTAACTGTATGTAAA-1,0,27,11,17294,5659
TTAAACCTGGTTCCTT-1,0,26,12,16790,5953
GCTAAGTAAAGGCGAT-1,0,27,13,17298,6241
AGTTACCGCACATGGT-1,0,26,14,16794,6534
GACTGCGGCACGTGTA-1,0,27,15,17302,6822
TGGTGATCGTATTTGT-1,0,26,16,16798,7115
TTATCGCCTGCGAAGC-1,1,27,17,17305,7403
TGGAATTAGACGCTTT-1,0,26,18,16802,7696
TCGTCACACTGTTAGC-1,1,27,19,17309,7984
TTATGTTTGCGATAGA-1,0,26,20,16805,8278
GGTGCTGATCACAAAG-1,0,27,21,17313,8565
CATAGCCGCCCGGGAT-1,0,26,22,16809,8859
GGTTAGTTACGGCGCC-1,0,27,23,17317,9146
ATTCCCACATAAACAA-1,0,26,24,16813,9440
ATTCAGTAGCAGGGTC-1,0,27,25,17320,9727
CAGTTCCGCGGGTCGA-1,1,26,26,16817,10021
AAGAGATGAATCGGTA-1,1,27,27,17324,10308
CGCAATTCTACAATAA-1,0,26,28,16820,10602
TAACGCTTTGAGAGCG-1,0,27,29,17328,10889
AGGCTATGGTTAGCTT-1,1,26,30,16824,11183
GAGGAATGGAGAGGTT-1,1,27,31,17332,11470
TCCTCTACGAGATGGC-1,1,26,32,16828,11764
TTGATTATGCAGATGA-1,1,27,33,17335,12051
TCAGTACTGACCCGCG-1,1,26,34,16832,12345
TTATGACAAACTGGAT-1,1,27,35,17339,12632
GTAAGTAGGGTATACC-1,1,26,36,16835,12926
CGCAAACACGAGTTAC-1,0,27,37,17343,13213
TGGCCGTATATTGACC-1,0,26,38,16839,13507
ACTGTAGCACTTTGGA-1,1,27,39,17347,13794
GCTCTATGTTACGTGC-1,1,26,40,16843,14088
TGCGCGATTAACGGAG-1,1,27,41,17350,14375
GAATCGACATGGTCAC-1,1,26,42,16847,14669
GACTAAGTAGGCTCAC-1,1,27,43,17354,14956
ATCTTGACCTGCAACG-1,1,26,44,16850,15250
ATGCACTACCGCATTG-1,1,27,45,17358,15537
CAGATACTAACATAGT-1,0,26,46,16854,15831
GATCGACACTATCTGA-1,1,27,47,17362,16118
ATAGAGTACTGGGACA-1,0,26,48,16858,16412
CCTACTGCTTACACTT-1,1,27,49,17365,16700
CCTGCTATTTGAGAAG-1,0,26,50,16862,16993
CGCGTTCATGAAATAC-1,1,27,51,17369,17281
CATTATGCTTGTTGTG-1,1,26,52,16865,17574
CCAGGGACGTGGCCTC-1,1,27,53,17373,17862
TATGGATGTGCTACGC-1,1,26,54,16869,18155
GTACTAAGATTTGGAG-1,1,27,55,17377,18443
AGACCCGCCCTCCTCG-1,1,26,56,16873,18737
CGCATTAGCTAATAGG-1,1,27,57,17380,19024
GCTCTCGGGTACCGAA-1,1,26,58,16877,19318
CACCGCCAGAAGGTTT-1,1,27,59,17384,19605
TCCCAAAGACGAAGGA-1,1,26,60,16880,19899
ATGGATTGACCAAACG-1,1,27,61,17388,20186
GTCATGGACATGACTA-1,1,26,62,16884,20480
CTACTGCCACCTGACC-1,1,27,63,17392,20767
TTATATTTGGCAATCC-1,1,26,64,16888,21061
AGCACCAGTACTCACG-1,1,27,65,17395,21348
CATGGTCTAGATACCG-1,1,26,66,16892,21642
TCTACCGTCCACAAGC-1,1,27,67,17399,21929
CTAGTTGGGCCCGGTA-1,1,26,68,16895,22223
TCCCGCGTACTCCTGG-1,1,27,69,17403,22510
CAGAGCATGAGCTTGC-1,1,26,70,16899,22804
ACACGGGAACTTAGGG-1,1,27,71,17407,23091
GGCTCTGCTCCAACGC-1,1,26,72,16903,23385
AGAACGTGGTACATTC-1,1,27,73,17410,23672
CAATAAACCTTGGCCC-1,1,26,74,16907,23966
ACTTCGCCATACGCAC-1,1,27,75,17414,24253
ATCTGGTTAAGACTGT-1,1,26,76,16910,24547
TCGTAAGACGACATTG-1,1,27,77,17418,24834
GTGTACCTTGGCTACG-1,1,26,78,16914,25128
GCCCGTAATACCTTCT-1,1,27,79,17422,25415
CGGTCAAGTGGGAACC-1,1,26,80,16918,25709
TTGTAAGGCCAGTTGG-1,1,27,81,17425,25996
GGAGCACCAAGAACTA-1,1,26,82,16922,26290
TAATAGTGACGACCAG-1,1,27,83,17429,26577
CTAAATCCTATTCCGG-1,1,26,84,16925,26871
CGAGTTCTGTCCCACC-1,1,27,85,17433,27159
AGGCAGATGCGTAAAC-1,1,26,86,16929,27452
AAGGATGAGGGACCTC-1,1,27,87,17437,27740
AGAGAACCGTCTAGGA-1,1,26,88,16933,28033
GAGGGCGCAGCTCTGC-1,1,27,89,17440,28321
AAGATTGGCGGAACGT-1,1,26,90,16937,28614
CCAGTAGTCTGATCCA-1,1,27,91,17444,28902
AAGGGACAGATTCTGT-1,1,26,92,16940,29196
ATAGAGTTATCAACTT-1,1,27,93,17448,29483
AAATTACCTATCGATG-1,1,26,94,16944,29777
GATCCTAAATCGGGAC-1,1,27,95,17452,30064
TTACAGACCTAAATGA-1,0,26,96,16948,30358
CCTCACCTTAGCATCG-1,1,27,97,17455,30645
CATGCGACCAGTTTAA-1,0,26,98,16952,30939
AACATATCAACTGGTG-1,1,27,99,17459,31226
CTATAAGAGCCAATCG-1,1,26,100,16955,31520
AATATCGAGGGTTCTC-1,0,27,101,17463,31807
GTACTCCTGGGTATGC-1,1,26,102,16959,32101
ATAAGTAGGATTCAGA-1,0,27,103,17467,32388
AGGTCGCGGAGTTACT-1,1,26,104,16963,32682
CTAATTCTCAGATATT-1,1,27,105,17470,32969
GCCAACCATTTCCGGA-1,1,26,106,16967,33263
TGATCCCAGCATTAGT-1,1,27,107,17474,33550
CGTTGTAAGATTGATT-1,1,26,108,16970,33844
GAAACCATGGTGCGCT-1,0,27,109,17478,34131
AATCTATGCCGGAGCC-1,0,26,110,16974,34425
GACTCCCAGAATAAGG-1,1,27,111,17482,34712
TATGATCCGGCACGCC-1,0,26,112,16978,35006
CCGCTTGCTGACATGG-1,1,27,113,17485,35293
TGGTTAAGGGCGCTGG-1,1,26,114,16982,35587
TTGATAGTCAATACAT-1,0,27,115,17489,35874
GGTTTAATTGAGCAGG-1,0,26,116,16985,36168
CATTACATAGATTGTG-1,0,27,117,17493,36455
GGTACACCAGATTTAT-1,0,26,118,16989,36749
GGCCCGTATACCATGC-1,0,27,119,17497,37037
ATCTTTCGTATAACCA-1,0,26,120,16993,37330
GAGATGACAATCCTTA-1,0,27,121,17500,37618
AAAGCTTGCCTACATA-1,0,26,122,16997,37911
GAACGATAAGTTAAAG-1,0,27,123,17504,38199
TAATAGCTAAATGATG-1,0,26,124,17000,38492
TATGGCTAGGCTAATT-1,0,27,125,17508,38780
AGGAGAGTCTGGCTAC-1,0,26,126,17004,39073
TGCTCTGCCGGTTCAC-1,0,27,127,17512,39361
CCAATAGATTTCATCT-1,0,28,0,17779,2460
GGGCACGAATTGGCCG-1,0,29,1,18286,2748
TCGTTGACAGGGTCCC-1,0,28,2,17783,3041
ATCGTATTCCGAGAAC-1,0,29,3,18290,3329
GGGAATTCTGTCCAGT-1,0,28,4,17786,3623
ACGCGTTTCTTAAGAG-1,0,29,5,18294,3910
GAGAGCGCAGTCCCTG-1,0,28,6,17790,4204
GTCCTATTGTTGTGGT-1,0,29,7,18298,4491
CATCTGCAGGATCATT-1,0,28,8,17794,4785
GAGTCGACAGACCCTC-1,0,29,9,18301,5072
AAGTGCAAAGGTAGAC-1,0,28,10,17798,5366
AGGGTGGATAGTGCAT-1,1,29,11,18305,5653
TGATAGCGGGATTCTA-1,1,28,12,17801,5947
GTCAGTTTGGTAGTCG-1,1,29,13,18309,6234
GCATTCGAAATGAACA-1,1,28,14,17805,6528
AAAGACTGGGCGCTTT-1,1,29,15,18313,6815
TAACAATATTTGTTGC-1,1,28,16,17809,7109
CCAGCTTCCGCCCGCA-1,1,29,17,18316,7396
GATATGGATTACGCGG-1,1,28,18,17813,7690
AGAGCAGTTATGAGAC-1,1,29,19,18320,7977
TCACATCTTATCTGAT-1,0,28,20,17816,8271
TATGAAGACAGGTGCG-1,1,29,21,18324,8558
TACCTGCTGCACTGTG-1,1,28,22,17820,8852
TAGGTCCAAGTAAGGA-1,0,29,23,18328,9139
GAAACTCGTGCGATGC-1,1,28,24,17824,9433
AACAATTACTCTACGC-1,1,29,25,18331,9720
CCGCACGTGACCTCGG-1,1,28,26,17828,10014
AACTTGCCCGTATGCA-1,1,29,27,18335,10301
GGGTATGTATGCACTT-1,1,28,28,17831,10595
TTCGTACTCCAGAACG-1,0,29,29,18339,10882
GAATTTCTCGCTGCAG-1,1,28,30,17835,11176
AACAGGATGGGCCGCG-1,0,29,31,18343,11464
GACGTGTAGGGATTAT-1,1,28,32,17839,11757
TAGGTGAGCCCTACTC-1,1,29,33,18346,12045
CTAATTCGCACGCGCT-1,1,28,34,17843,12338
GAAGCTTGCTGACCGC-1,1,29,35,18350,12626
GGTTAGGCTTGGAGAA-1,1,28,36,17846,12919
ACAAGGACAAGAGGTT-1,0,29,37,18354,13207
AGGCCACCCGTTATGA-1,0,28,38,17850,13500
GTGGGCTTAGACACAC-1,1,29,39,18358,13788
CGTGTCCCATTCGCGA-1,1,28,40,17854,14082
TGGAGTGATGCGATGA-1,1,29,41,18361,14369
AACAACTGGTAGTTGC-1,1,28,42,17858,14663
CCTGGCTAGACCCGCC-1,1,29,43,18365,14950
CGCAATTAGGGTAATA-1,1,28,44,17861,15244
TCGAAATTTAGGACCA-1,1,29,45,18369,15531
AGACTAGCCTTCCAGA-1,1,28,46,17865,15825
TTGATCTAACTTTGTC-1,1,29,47,18373,16112
AAGGAGCGGTTGGTGC-1,1,28,48,17869,16406
ACTTGGGACCCGGTGG-1,1,29,49,18376,16693
TGATCTCCGGCGCCAG-1,1,28,50,17873,16987
CAGTTCAAATTGACAC-1,1,29,51,18380,17274
GTCCGGCTGAATTGCG-1,1,28,52,17876,17568
CTGGAAATGGATGCTT-1,1,29,53,18384,17855
TGATCGGTTTGACCCT-1,1,28,54,17880,18149
TAGAGTCTAAGCGAAC-1,1,29,55,18388,18436
GAGACTGATGGGTAGA-1,1,28,56,17884,18730
TAGCTAAGTCCGGGAG-1,1,29,57,18391,19017
GGGCGATATGTGTGAA-1,1,28,58,17888,19311
CTCGAGGTCGAACAGT-1,1,29,59,18395,19598
GATCCCTTTATACTGC-1,1,28,60,17891,19892
GTCATGCACCTCCGTT-1,1,29,61,18399,20179
ACTTTCCTATAGCTTC-1,1,28,62,17895,20473
TCGCTCGATATATTCC-1,1,29,63,18403,20760
ATAGGTTGGGCAGATG-1,1,28,64,17899,21054
CAATTAAGGGTGATGA-1,1,29,65,18406,21341
ACCGACTGAGTCCCAC-1,1,28,66,17903,21635
CCTGTCACCCGGGCTC-1,1,29,67,18410,21923
GATCGGTGGCCATAAC-1,1,28,68,17906,22216
CCTATGGGTTACCGTC-1,1,29,69,18414,22504
TTGGGACACTGCCCGC-1,1,28,70,17910,22797
CGAGGCTAAATATGGC-1,1,29,71,18418,23085
TCAGGGTGTAACGTAA-1,1,28,72,17914,23378
CGAGAGATGTGAACCT-1,1,29,73,18421,23666
TCGCTGGGCGGATTGT-1,1,28,74,17918,23959
AGATCTCAGGTGTGAT-1,1,29,75,18425,24247
TGGCCAAACTGAAGTA-1,1,28,76,17921,24541
GCTTCCGTCCCTAGAC-1,1,29,77,18429,24828
CAGCAGCCCGTTCCTT-1,1,28,78,17925,25122
TGTATAACAGATCCTG-1,1,29,79,18433,25409
CGCGGGAATTAGGCAG-1,1,28,80,17929,25703
TGCATGTGGTAATCTA-1,1,29,81,18436,25990
ACAATTTGAGCAGTGG-1,1,28,82,17933,26284
GAGCTAAGGGCATATC-1,1,29,83,18440,26571
CCAGATAGTTGAGTGA-1,1,28,84,17936,26865
CCACAATGTACGTCTT-1,1,29,85,18444,27152
CAATGGATCTCTACCA-1,1,28,86,17940,27446
TGTGGCAAAGCGTATG-1,1,29,87,18448,27733
TAAAGCGTTAGGAGAA-1,1,28,88,17944,28027
TCCGTTTAGCCTTGAA-1,1,29,89,18451,28314
CAGCTCGACAAGTTAA-1,1,28,90,17948,28608
GCCTATAGTGTCAGGG-1,1,29,91,18455,28895
ATAGACAACGGGACCT-1,1,28,92,17951,29189
CTACTATCTTTCAGAG-1,1,29,93,18459,29476
GCGCTGCTTTGCATTT-1,1,28,94,17955,29770
GCGCATCCAGTCAGCA-1,1,29,95,18463,30057
GACTCGCGGGAATGAC-1,1,28,96,17959,30351
CTGGTAACGAGCTCTT-1,1,29,97,18466,30638
TCCGGCCTAGCGTACA-1,1,28,98,17963,30932
TCTAGGTGGCGACGCT-1,1,29,99,18470,31219
ACGCTAGTGATACACT-1,1,28,100,17966,31513
ATCTGCACCTCTGCGA-1,1,29,101,18474,31800
CCTCACCTGAGGGAGC-1,1,28,102,17970,32094
AGTGAGCCTCGCCGCC-1,1,29,103,18478,32382
ACGAGTACGGATGCCC-1,0,28,104,17974,32675
GGTACCATTAAGACGG-1,0,29,105,18481,32963
TTCTGCTAGACTCCAA-1,0,28,106,17978,33256
TAACTATTACGCCAAA-1,0,29,107,18485,33544
GCATTCAAGGCAACGC-1,0,28,108,17981,33837
AGTACATCATTTATCA-1,0,29,109,18489,34125
GTCGTGTCTGGTCATC-1,0,28,110,17985,34418
AGTCTAAAGTATACTC-1,0,29,111,18493,34706
CGGCCCAACCTGTAGT-1,0,28,112,17989,35000
AGGGAGACATACTTCG-1,0,29,113,18496,35287
TCCCTAGATCAATAGG-1,0,28,114,17993,35581
TCCCGTCGCGTCATAG-1,0,29,115,18500,35868
CGCATCCATCAGCCAG-1,0,28,116,17996,36162
CTGCACCTAGTCCACA-1,0,29,117,18504,36449
CGAGGATCGGGAACGA-1,0,28,118,18000,36743
CAATGAGGTTCGACTA-1,0,29,119,18508,37030
TCTGACGGGCTAACCC-1,0,28,120,18004,37324
TTCTATGCCTTTCGCA-1,0,29,121,18511,37611
AGAGTATAGTGTTACG-1,0,28,122,18008,37905
CCATTGTTTCCTCCAT-1,0,29,123,18515,38192
CTCATCACTTAGTGAT-1,0,28,124,18011,38486
CCGAAGGGCGTACCGC-1,0,29,125,18519,38773
TCAAGCTGCCTTGAAA-1,0,28,126,18015,39067
CTCATTAACGTTGCCC-1,0,29,127,18523,39354
GTCTTCCTCACCTAAG-1,0,30,0,18790,2454
GGTGATGAAGGAAGTG-1,0,31,1,19297,2741
TCAATACAATTGCTGC-1,0,30,2,18794,3035
GCAACCCAAGTTGTTT-1,0,31,3,19301,3322
ATGAAGTGGACCCAGC-1,0,30,4,18797,3616
GAGAATCTCACGATCA-1,0,31,5,19305,3903
TATATCATTGATCAGT-1,0,30,6,18801,4197
AACTTTACGGGAGCTT-1,0,31,7,19309,4484
TTCTTGTGTCCATCAG-1,0,30,8,18805,4778
ACAATTTAGGAGGCTC-1,1,31,9,19312,5065
ATACTTGTTCTCGAGC-1,1,30,10,18809,5359
CACGGGATTGAGGGTT-1,1,31,11,19316,5646
GTTAATGTCTATCTTA-1,1,30,12,18812,5940
GCGTTATATTTGGAAC-1,1,31,13,19320,6227
CGTCAAGGCTATAAAT-1,1,30,14,18816,6521
TTAGCTCTGTAATCCG-1,1,31,15,19324,6809
AATGGTCCACCGTTCA-1,1,30,16,18820,7102
GTCATTGCATTGACCC-1,1,31,17,19327,7390
TGTCCGTGGCGCCTTT-1,1,30,18,18824,7683
TCAACTAACGTATAAC-1,0,31,19,19331,7971
TCCTCTCCAGTTGTCC-1,0,30,20,18827,8264
TGTGTTCGTATCCAAG-1,0,31,21,19335,8552
CCGCGTAGGTAAGGGC-1,0,30,22,18831,8846
CTGCGGGTGAAATGTT-1,0,31,23,19339,9133
TATCTACAGAGGTAAT-1,0,30,24,18835,9427
CTACTCTAGGCCCGGC-1,0,31,25,19342,9714
ACAAGCAGTGCCTAGC-1,0,30,26,18839,10008
TACAAGTCTCGTGCAT-1,0,31,27,19346,10295
TCGGAATGCGCTCTGA-1,0,30,28,18842,10589
TCGCGTCCAGAAGGTC-1,1,31,29,19350,10876
TATGGCCCGGCCTCGC-1,0,30,30,18846,11170
GCTGGCATATTCACCT-1,1,31,31,19354,11457
GTCAGAATAGTCTATG-1,1,30,32,18850,11751
GGCGTCCTATCCGCTG-1,1,31,33,19357,12038
CGGAGTTTGAGAGACA-1,1,30,34,18854,12332
AGCACTTAAGGACGCC-1,1,31,35,19361,12619
TCCACAATGGTTTACG-1,1,30,36,18857,12913
CCAACGATGCACTGAT-1,0,31,37,19365,13200
ATTTACAGTTTACTGG-1,0,30,38,18861,13494
CCCTGAAATGAGTTGA-1,1,31,39,19369,13781
CAAACGGTCGCACTTT-1,1,30,40,18865,14075
TGATTCGTCTATCACT-1,0,31,41,19372,14362
TCAGGTTCTTTGAGAA-1,1,30,42,18869,14656
CACGCAGCGAGGCTTT-1,1,31,43,19376,14943
TTAAGCGCCTGACCCA-1,1,30,44,18872,15237
CTTACACGGTATTCCA-1,1,31,45,19380,15524
AAGGCTGTGCTCATCG-1,1,30,46,18876,15818
GACCAGAGCCCTGTAG-1,1,31,47,19384,16105
TCCCAGGCTTAGCTAA-1,1,30,48,18880,16399
ATTGAAGATCTTAGTG-1,1,31,49,19387,16686
AGTTCCTACAGAATTA-1,1,30,50,18884,16980
GGGCTGGTTAGTCGCG-1,1,31,51,19391,17268
GAAATGGCGGTGTTAG-1,1,30,52,18887,17561
TACGAACACGACTTCA-1,1,31,53,19395,17849
ACCACAAGTTTCTATC-1,1,30,54,18891,18142
ATATTTAACCCTCAAG-1,1,31,55,19399,18430
GATCATTCCAAACATT-1,1,30,56,18895,18723
TCCAGGCGAGTACGGT-1,1,31,57,19402,19011
GTTTGACCAAATCCTA-1,1,30,58,18899,19305
CACAGCACCCACGGCA-1,1,31,59,19406,19592
TGCAAGAATGACGTAA-1,1,30,60,18902,19886
GCGAAGCCATACCCGT-1,1,31,61,19410,20173
TCCTTTCTTACGCTTA-1,1,30,62,18906,20467
GCTGCTCTCCGGACAC-1,1,31,63,19414,20754
ACTGTCTTCTTTAGAA-1,1,30,64,18910,21048
TCAAACTTAGATTGTT-1,1,31,65,19417,21335
CTATGTCACTAGCCCA-1,1,30,66,18914,21629
TGCGCAAAGCATTTGG-1,1,31,67,19421,21916
TTAATGTAGACCAGGT-1,1,30,68,18918,22210
GGCGGTAGGATCATTG-1,1,31,69,19425,22497
GGCAATAGTCAATGAG-1,1,30,70,18921,22791
ACACGAGACTCCTTCT-1,1,31,71,19429,23078
GACACAAGGGAAGAAA-1,1,30,72,18925,23372
TCAGCAAATGCATCTC-1,1,31,73,19432,23659
GAGATCTGTCACTCCG-1,1,30,74,18929,23953
ATGCCGGTCTTGCATA-1,1,31,75,19436,24240
TTGGGCGGCGGTTGCC-1,1,30,76,18933,24534
TTGTTGTGTGTCAAGA-1,1,31,77,19440,24821
ACTGTACGATACACAT-1,1,30,78,18936,25115
TCCACTTTATCTAGGT-1,1,31,79,19444,25402
GGTCTGAGAATCTGGA-1,1,30,80,18940,25696
TAGAAAGGTGGCGCTA-1,1,31,81,19447,25983
TATGTCTCATTGTGCC-1,1,30,82,18944,26277
GGATTTCACTTCTATA-1,1,31,83,19451,26564
TGAGTGGTCCGTGACG-1,1,30,84,18948,26858
CGCTTTCTTGCATTCG-1,1,31,85,19455,27146
ACCCAACGCCCGTGGC-1,1,30,86,18951,27439
GAACGTCTCATGGTCG-1,1,31,87,19459,27727
AGGGTTCCCTTTGGTT-1,1,30,88,18955,28020
GTAGCTTCCTCTTGTT-1,1,31,89,19462,28308
GCATGAGGGACGCGGC-1,1,30,90,18959,28601
CTACCCTAAGGTCATA-1,1,31,91,19466,28889
TCACCGCTCGGCACTC-1,1,30,92,18963,29182
GGCTCGCGTTGAGGTA-1,1,31,93,19470,29470
CTAACGAAACTTGCTG-1,1,30,94,18966,29764
TTAAACTCGAATTCAT-1,1,31,95,19474,30051
TACTTTACTGAGCCGG-1,1,30,96,18970,30345
GCTTGGATCGATTAGG-1,1,31,97,19477,30632
CGGTTATCCAACAGTG-1,1,30,98,18974,30926
CAGACCTGTAAGTGTT-1,1,31,99,19481,31213
GACGGTCAATAGAAGC-1,1,30,100,18978,31507
CTGACTGCGCAGCTCG-1,1,31,101,19485,31794
CCATACCTTTACTTGT-1,1,30,102,18981,32088
GTAATAAAGGGCTCCC-1,1,31,103,19489,32375
GTGAACTCCCATTCGA-1,1,30,104,18985,32669
GTGGTTACTTCTTTCG-1,1,31,105,19492,32956
TCAGAACCTCCACAGG-1,1,30,106,18989,33250
TCCCACTCTCTTCCGG-1,1,31,107,19496,33537
ATCTTGACTTGTCCAA-1,0,30,108,18993,33831
TCGGGAACGTGCCTAG-1,0,31,109,19500,34118
GTTAGCCGTAAATCAA-1,0,30,110,18996,34412
ATTTACTAAGTCCATT-1,0,31,111,19504,34699
GGGTGCATATGAAAGC-1,0,30,112,19000,34993
TCCGAATGGTCCTGAG-1,0,31,113,19507,35280
TGATGGCTGTTTCTGA-1,0,30,114,19004,35574
AAATAAGGTAGTGCCC-1,0,31,115,19511,35861
CCACTATCCGGGTCAC-1,0,30,116,19008,36155
ACACCACATAATTAGC-1,0,31,117,19515,36442
CGCGGTAAGTCTAGCT-1,0,30,118,19011,36736
GCGGGCATTACGATGC-1,0,31,119,19519,37023
AGGATTGCTTACGACA-1,0,30,120,19015,37317
CTCGGGATAACACCTA-1,0,31,121,19522,37605
GTCGTCTGGTTGGCTA-1,0,30,122,19019,37898
GCAATTAGTCGCACCG-1,0,31,123,19526,38186
GTGACCTAAAGAATAA-1,0,30,124,19023,38479
CTGAGCGAGACTTATT-1,0,31,125,19530,38767
CAAGACTCAGAAGCGC-1,0,30,126,19026,39060
ACTTCGCTAGCGAGTG-1,0,31,127,19534,39348
CCATACTCGCCTCTCC-1,0,32,0,19801,2447
ACGATACCTATCCTGA-1,0,33,1,20308,2735
CTCACCAGTACAAGTG-1,0,32,2,19805,3028
CGAAGACGGTGAGTGC-1,0,33,3,20312,3316
AAATTAATAAGCGCGA-1,0,32,4,19809,3609
GGGCCCTTATCTATAC-1,0,33,5,20316,3897
CTGCCCACGAAGCGTT-1,0,32,6,19812,4191
GGACAAGTTGCAGTGA-1,1,33,7,20320,4478
GTCCGAGAGCAATCAT-1,1,32,8,19816,4772
ATGGCAGCCGAGAAAC-1,1,33,9,20323,5059
CCTCGGATGCTACCTG-1,1,32,10,19820,5353
ATACGGTGAAGATGCA-1,1,33,11,20327,5640
ACATCAGCTGGGACGC-1,1,32,12,19824,5934
GGTTGTGTAGCCTGGC-1,1,33,13,20331,6221
CCTGCGTTCTACGCTT-1,1,32,14,19827,6515
GAACGTTAGGAAGACG-1,1,33,15,20335,6802
CTGATAGTGTATCTCA-1,0,32,16,19831,7096
TTCTGCGAGCGCCCTT-1,0,33,17,20338,7383
CTTTGGCGCTTTATAC-1,0,32,18,19835,7677
TCCGAACTTGGCTTAC-1,0,33,19,20342,7964
TAGATTCCTGGTTATT-1,0,32,20,19839,8258
CCGACAAAGGGAGTGC-1,0,33,21,20346,8545
CCATGGCCCTTGTACC-1,0,32,22,19842,8839
GAAATATCACCATCAG-1,0,33,23,20350,9126
ACGAAATGGGCGGCAC-1,0,32,24,19846,9420
GTGAGCGTGCTGCACT-1,0,33,25,20353,9707
CCGCGGGTACGAAGAA-1,0,32,26,19850,10001
TCCCTGGCTCGCTGGA-1,0,33,27,20357,10288
CAGCTTAGTAGGTAGC-1,1,32,28,19854,10582
CACGAAAGTTAGTCCC-1,1,33,29,20361,10869
ACCTAATCGACTTCCT-1,1,32,30,19857,11163
AAGTAGTGACGCGAGG-1,1,33,31,20365,11450
TCCGATTACATTGCCG-1,1,32,32,19861,11744
CCTCCGACAATTCAAG-1,1,33,33,20368,12032
GTTCACAGGAGTCTAG-1,1,32,34,19865,12325
CGAAGTTGCTCTGTGT-1,0,33,35,20372,12613
GTCGGATATCTCAGAC-1,0,32,36,19869,12906
CGCTCTCCGTAGATTA-1,0,33,37,20376,13194
CAAGCAACGTCGGAGT-1,1,32,38,19872,13487
CCATTCCCTGCCCACA-1,1,33,39,20380,13775
CTTTGGCTTTAGTAAA-1,1,32,40,19876,14068
GGCTATTAAGTTGTAT-1,1,33,41,20383,14356
CCATTAGCGATAATCC-1,1,32,42,19880,14650
TGTTCTTCCATTGACT-1,1,33,43,20387,14937
AGATAACTTCAGGGCC-1,1,32,44,19884,15231
ATAGACGAAGAGAAAG-1,1,33,45,20391,15518
GGCGGAGTAATATTAG-1,1,32,46,19887,15812
TGACCCACGTTAGACA-1,1,33,47,20395,16099
TCACAGGTTATTGGGC-1,1,32,48,19891,16393
TCACGCATTGTAGATC-1,1,33,49,20398,16680
TTGAAGAATTCCCAGG-1,1,32,50,19895,16974
AAATGGTCAATGTGCC-1,1,33,51,20402,17261
TAGTGCCCTCCAGAGT-1,1,32,52,19899,17555
GGTATTGCCGAGTTTA-1,1,33,53,20406,17842
CGTATTAAGAGATCTA-1,1,32,54,19902,18136
ACTGTCCAGGATTATA-1,1,33,55,20410,18423
CGGGCAGCTAAACCGC-1,1,32,56,19906,18717
TTGCTGATCATGTTCG-1,1,33,57,20413,19004
TATGGGTACGTATCGT-1,1,32,58,19910,19298
CAGCTCACTGAGACAT-1,1,33,59,20417,19585
GGGACTGCATAGATAG-1,1,32,60,19914,19879
ACGCATTCGTGAGTAC-1,1,33,61,20421,20166
CTCTGGACGCCTGGTG-1,1,32,62,19917,20460
AGGGTTTAGTTCGGGA-1,1,33,63,20425,20747
GGGAGAACTCACAGTA-1,1,32,64,19921,21041
ATCAATCTGGGCTGCA-1,1,33,65,20428,21328
TCTTCGATACCAATAA-1,1,32,66,19925,21622
ACGTAGATTGCTGATG-1,1,33,67,20432,21909
TCTTGATGCGTAGCGA-1,1,32,68,19929,22203
GGGCTGCCTAGGGCGA-1,0,33,69,20436,22491
CTCTCACAATCGATGA-1,1,32,70,19932,22784
CCAAGCGTAACTCGTA-1,1,33,71,20440,23072
ACAACAGCATGAGCTA-1,1,32,72,19936,23365
GTCCCAACGTAAAGTA-1,1,33,73,20443,23653
TCGGAGTACATGAGTA-1,1,32,74,19940,23946
GGGAGTTAATGAGGCG-1,1,33,75,20447,24234
CCGGGCGGTCTCGTCA-1,1,32,76,19944,24527
CCGTAAGTTGGTCCCA-1,1,33,77,20451,24815
GGAGGGCTTGGTTGGC-1,1,32,78,19947,25109
TCGGACGCCCAGCCCA-1,1,33,79,20455,25396
TCTGTGCCATCATAGT-1,1,32,80,19951,25690
GTACTGGAGTTAGACC-1,1,33,81,20458,25977
GGAATGCGCTAGCGTG-1,1,32,82,19955,26271
GTGTGAATAACTTAGG-1,1,33,83,20462,26558
GGTCGGCCAGGAGCTT-1,1,32,84,19959,26852
TAGCCGGCGGTCAGCG-1,1,33,85,20466,27139
CGGGTGTACCCATTTA-1,1,32,86,19962,27433
AGTGATTCAAGCAGGA-1,1,33,87,20470,27720
GTTGGATTGAGAACAC-1,1,32,88,19966,28014
CACACGCGCTGTCTTA-1,1,33,89,20473,28301
TAGACGCCCGTACCGG-1,1,32,90,19970,28595
GGTTTCAATCGGTCAG-1,1,33,91,20477,28882
AATCTGCGTTGGGACG-1,1,32,92,19974,29176
TTACGGATGGTTCGAG-1,1,33,93,20481,29463
CGGCAGGGTCGGGTTG-1,1,32,94,19977,29757
GCTTTCAGAGGAGGTG-1,1,33,95,20485,30044
TCTTCCCATGGGCACA-1,1,32,96,19981,30338
TACCGCGGACTTGCAG-1,1,33,97,20488,30625
AGAATTATGGATTCGA-1,1,32,98,19985,30919
ATTGATGAGTCCTAAC-1,1,33,99,20492,31206
TAGGTCGCCGGAACTG-1,1,32,100,19989,31500
TAACCTACCGTCCGAG-1,1,33,101,20496,31787
CTTAGTAGGCCTACAG-1,1,32,102,19992,32081
CTAGATGTGAGTGTAA-1,1,33,103,20500,32368
ACTCCCGAATTCGTTT-1,1,32,104,19996,32662
GTTCATCGTTTGGCTG-1,1,33,105,20503,32950
ACTTTACCCTCATGAA-1,1,32,106,20000,33243
GCGAGAGTTGCGTCCA-1,1,33,107,20507,33531
GTTCGGGCGTACCATT-1,1,32,108,20004,33824
CGACTTTGTATAGCCT-1,0,33,109,20511,34112
GCCATCGATGCTGCAT-1,0,32,110,20007,34405
GCATTTCCAAGGCTCC-1,0,33,111,20515,34693
ATGTAAGGCTGCTCTT-1,0,32,112,20011,34986
ACGTTCGCAATCAATT-1,0,33,113,20518,35274
GTGACGAGGGTGACCC-1,0,32,114,20015,35568
ATTATAGCTACTTTAC-1,0,33,115,20522,35855
CGTGTGTTAAACCCTG-1,0,32,116,20019,36149
TTGGTATGGCTTGTGT-1,0,33,117,20526,36436
CATTCCCATTCCGTCG-1,0,32,118,20022,36730
TGCCGAAAGCGTATTC-1,0,33,119,20530,37017
CAACACATCTCCTGCC-1,0,32,120,20026,37311
CTGCCTCATATGCAAC-1,0,33,121,20533,37598
TCCCGCCTATGTGCGT-1,0,32,122,20030,37892
GGTTACCCGACACTTT-1,0,33,123,20537,38179
CCAGCGGGATCACCAG-1,0,32,124,20034,38473
ATGTTTCGGCCCGGAG-1,0,33,125,20541,38760
GCGTCTAACCTCCTAA-1,0,32,126,20037,39054
ATCAGGTAGCTGACAG-1,0,33,127,20545,39341
GGTATGAAAGAACTGA-1,0,34,0,20812,2441
GTGGCCTAATATCATT-1,0,35,1,21319,2728
CCTGTGAAACCGTAAC-1,0,34,2,20816,3022
GGCAGAGAGATCGGGA-1,0,35,3,21323,3309
TAGCGTCGAATATTGA-1,0,34,4,20820,3603
CGCCGACTATTCGCTA-1,0,35,5,21327,3890
TCTGGCGCAAGCCGGG-1,0,34,6,20823,4184
AGTGGTTGCGTATAGG-1,0,35,7,21331,4471
ATCGGTTACCTAGTAA-1,1,34,8,20827,4765
CCTGCCCGTTGTCTAG-1,1,35,9,21334,5052
GCACACGCCCATGGTC-1,1,34,10,20831,5346
AGTACGGCCCGTATCG-1,1,35,11,21338,5633
TATCTAGCCTAAAGGA-1,1,34,12,20835,5927
CACTCGGTTAGGAGGA-1,1,35,13,21342,6214
ATGTTCGTCGACCCAC-1,1,34,14,20838,6508
TTCCTCTGCCCGAATA-1,1,35,15,21346,6795
TTACTATCGGCTTCTC-1,1,34,16,20842,7089
GCCGCATTAGTCCGGC-1,1,35,17,21349,7377
TAAGGGCTGGGAGAGG-1,0,34,18,20846,7670
TAAGCAGGCGACACGC-1,1,35,19,21353,7958
AGCACTACCGGCCTGT-1,1,34,20,20850,8251
GAAAGCCCTTTGGACC-1,1,35,21,21357,8539
GACCGACTGAAGCGTC-1,1,34,22,20853,8832
CGGTGAAGACTAAAGT-1,1,35,23,21361,9120
CCCTGCGCTACGCATA-1,0,34,24,20857,9414
TACTGGACAGCTCGGC-1,0,35,25,21364,9701
TTAGTAGGGCGGCGGG-1,1,34,26,20861,9995
GAGGCTATCAAAGTCG-1,1,35,27,21368,10282
TTACCATTGATTACCC-1,1,34,28,20865,10576
ATACCACGGGCAACTT-1,1,35,29,21372,10863
TGTCCTAAGTCACCGC-1,1,34,30,20868,11157
AGGTAGGTACAAAGCT-1,0,35,31,21376,11444
GGCATACAGGTAGCGG-1,1,34,32,20872,11738
TGTAGTGATCTATAAT-1,0,35,33,21379,12025
TCCCGGGTGTGCTGCT-1,0,34,34,20876,12319
TACGATGTTGATCATC-1,0,35,35,21383,12606
CCTCTCTCCCATCTAG-1,0,34,36,20880,12900
GCAGGACTATAGAATA-1,1,35,37,21387,13187
CTAGTGAAGGACAGGA-1,1,34,38,20883,13481
TACGAGAACTTCACGT-1,1,35,39,21391,13768
CGTTGTTTCAATTCCC-1,1,34,40,20887,14062
GCAAATATTACGCTTT-1,1,35,41,21394,14349
CCAATAGTGCCGTCGA-1,1,34,42,20891,14643
ATTGCTGCTCCTCCAT-1,1,35,43,21398,14930
GAGATCTGCTTGGCAT-1,1,34,44,20895,15224
GCCGAAATTCCTACGT-1,1,35,45,21402,15511
GGCACTCCACTGGGCA-1,1,34,46,20898,15805
GGGTCACCGTGACGGT-1,1,35,47,21406,16092
CACTTAATCAGACGGA-1,1,34,48,20902,16386
CGTTTCGCTCATTACA-1,1,35,49,21409,16673
ATAAAGGCTCGGTCGT-1,1,34,50,20906,16967
CACTAAAGTTGCCTAT-1,1,35,51,21413,17254
GTGCTCAAGTACTGTC-1,1,34,52,20910,17548
CCATGCCTGTTTAGTA-1,1,35,53,21417,17836
TCTAGTTATCAGAAGA-1,1,34,54,20913,18129
TTGTAATCCGTACTCG-1,1,35,55,21421,18417
TCCCAGCTTTAGTCTG-1,1,34,56,20917,18710
CTACGCACGGAGTACC-1,1,35,57,21424,18998
AAATTAACGGGTAGCT-1,1,34,58,20921,19291
CGGCCACGCACAAAGT-1,1,35,59,21428,19579
GAAGCGTGAGGAATTT-1,1,34,60,20925,19873
ATATCTTAGGGCCTTC-1,1,35,61,21432,20160
ACGCGGGCCAAGGACA-1,1,34,62,20928,20454
GCGAGTTCTGCAAAGA-1,1,35,63,21436,20741
TATTCGTGCCAGAATA-1,0,34,64,20932,21035
AGGGCTGCAGTTACAG-1,1,35,65,21439,21322
CTAGCATAGTATAATG-1,0,34,66,20936,21616
TAGGTTCGAGTTCGTC-1,0,35,67,21443,21903
GAATTATAGTGAAAGG-1,0,34,68,20940,22197
CTATCGGGTCTCAACA-1,0,35,69,21447,22484
GCGCTAATTGAATAGA-1,0,34,70,20943,22778
ATGCGACAGTCCCATT-1,0,35,71,21451,23065
GGTAGTGCTCGCACCA-1,0,34,72,20947,23359
AAGCTCGTGCCAAGTC-1,0,35,73,21454,23646
TATTCAATTCTAATCC-1,0,34,74,20951,23940
TTCAAAGTCTCTAGCC-1,0,35,75,21458,24227
TTGAATATGGACTTTC-1,1,34,76,20955,24521
AAGAGCTCTTTATCGG-1,1,35,77,21462,24808
TTACTCCGGCCGGGAA-1,1,34,78,20958,25102
AAACGAGACGGTTGAT-1,1,35,79,21466,25389
GCTAAGTAGTTTCTCT-1,1,34,80,20962,25683
ATAACGCCGGAGGGTC-1,1,35,81,21469,25970
GGATCCGGAATATACT-1,1,34,82,20966,26264
TGAAAGGACCTGACTC-1,1,35,83,21473,26551
TCCGCGGCAGCATCTG-1,1,34,84,20970,26845
TGCATATGTCTGTCAC-1,1,35,85,21477,27132
TGTAGGAGAAATTTCC-1,1,34,86,20973,27426
AGTGAGACTTCCAGTA-1,1,35,87,21481,27714
CCCAAACATGCTGCTC-1,1,34,88,20977,28007
GCTTATGAAGCAGGAA-1,1,35,89,21484,28295
TTCTAACCGAAGCTTA-1,1,34,90,20981,28588
GGATGTCCTTACCGCA-1,1,35,91,21488,28876
AGGGTGCTCTCGAGGG-1,1,34,92,20985,29169
AACTCTCAATAGAGCG-1,1,35,93,21492,29457
TCTGAATTCCGTACAA-1,1,34,94,20988,29750
GCGTGGTACTGGGTTA-1,1,35,95,21496,30038
CGTCGGATAGTGTTGA-1,1,34,96,20992,30332
ATATGTCTCCCTAGCC-1,1,35,97,21499,30619
TCTTTAAGACTATGAA-1,1,34,98,20996,30913
TCATTTAAGTCTCCGA-1,1,35,99,21503,31200
GATATTGAGATTGGCG-1,1,34,100,21000,31494
TGACATCGAGCGGACC-1,1,35,101,21507,31781
GCGTAAATGGCCATAA-1,1,34,102,21003,32075
ATTGTACAACTCGGCT-1,1,35,103,21511,32362
TACGCTATAGAAACCT-1,1,34,104,21007,32656
CACCCAAATCTTATGT-1,1,35,105,21514,32943
AGATGATGGAGTCTGG-1,1,34,106,21011,33237
CCACGGTGCCCGGTAG-1,1,35,107,21518,33524
TCAAGAAATACTAGCT-1,1,34,108,21015,33818
AGGTATAATTGATAGT-1,0,35,109,21522,34105
CAAGGTCCTATAGGCT-1,0,34,110,21018,34399
CCGGCACGACCGTTTC-1,0,35,111,21526,34686
ACCTCCGTTATTCACC-1,0,34,112,21022,34980
GCAGCCTATATCACAT-1,0,35,113,21529,35267
GGTATAGTGACACATA-1,0,34,114,21026,35561
AAATTCCAGGTCCAAA-1,0,35,115,21533,35848
TCTTTAGCAGGCGAAC-1,0,34,116,21030,36142
TATTGACATTTCTGCC-1,0,35,117,21537,36429
TCTGATCGGGTGCTAG-1,0,34,118,21033,36723
GGCCCGGAGCATGTCT-1,0,35,119,21541,37010
GGGCGCAGCGTTACTC-1,0,34,120,21037,37304
TTGGCGATCCGAATAT-1,0,35,121,21545,37591
CCACGTAAATTAGACT-1,0,34,122,21041,37885
TCTGATTGGAAATGGA-1,0,35,123,21548,38173
ATGGCGGAATAGTCGC-1,0,34,124,21045,38466
ATCGCTTTACGTCTCA-1,0,35,125,21552,38754
TACGTGCAAGGTTCCT-1,0,34,126,21048,39047
CAGGACAGCTGCCCTT-1,0,35,127,21556,39335
CAAACCAGGTCTGCAT-1,0,36,0,21823,2434
ACAAGCTATATGGAAG-1,0,37,1,22330,2722
TCGCCCACTGCGAGAG-1,0,36,2,21827,3015
AGCCGCAAATTCAAAT-1,0,37,3,22334,3303
TTAACGTTAAAGCCTG-1,0,36,4,21831,3596
CAGCGCCAACACGATA-1,0,37,5,22338,3884
ATCCAATGGTACCGAA-1,0,36,6,21834,4177
GTGCTGCAGATAAGGA-1,0,37,7,22342,4465
GGCCTTTGCAACTGGC-1,0,36,8,21838,4759
GTCGTACCTACGATTG-1,1,37,9,22345,5046
TAGAAATTCACGTATA-1,0,36,10,21842,5340
AGAATAAATCTTCAGG-1,1,37,11,22349,5627
CATTGCGAAATGGGCG-1,0,36,12,21846,5921
GTCTACTCAATTACAA-1,0,37,13,22353,6208
TGTAATGACCACAATA-1,1,36,14,21849,6502
AAAGTCGACCCTCAGT-1,0,37,15,22357,6789
TACTCGGCACGCCGGG-1,1,36,16,21853,7083
AGGTGTATCGCCATGA-1,1,37,17,22360,7370
TGTGCTTTACGTAAGA-1,1,36,18,21857,7664
AAACCTCATGAAGTTG-1,1,37,19,22364,7951
TATAGGGTACTCATGA-1,1,36,20,21861,8245
CCAGCTGATGGTACTT-1,1,37,21,22368,8532
AATATTGGAGTATTGA-1,1,36,22,21864,8826
GGCCCTCACCCACTTA-1,0,37,23,22372,9113
AACCAAGACTTCTCTG-1,0,36,24,21868,9407
TCGTATTACCCATTGC-1,0,37,25,22375,9694
ATTCGACGCCGGGCCT-1,1,36,26,21872,9988
GGCGCAGGACATCTTC-1,1,37,27,22379,10275
GTACTCCCTTATCGCT-1,1,36,28,21876,10569
TGGTCTGTTGGGCGTA-1,1,37,29,22383,10856
AATAACAACGCTCGGC-1,1,36,30,21879,11150
CATACCCGTACCCAGT-1,0,37,31,22387,11437
ACAATCCATTTAAACC-1,0,36,32,21883,11731
GTTACAATTGGTGACG-1,1,37,33,22390,12018
TTGCCCTGATCACGGG-1,1,36,34,21887,12312
CTAACCGCGCGCCCGT-1,1,37,35,22394,12600
CTAAAGAATGCCTACT-1,1,36,36,21891,12893
ACCCATCTTGAGGGTA-1,1,37,37,22398,13181
GATCTTTGCAGGGTAT-1,1,36,38,21894,13474
GGGTACTTCATGAACT-1,1,37,39,22402,13762
GCCGCTTGTGAGAAAC-1,1,36,40,21898,14055
CCTGTAAGACATGATA-1,1,37,41,22405,14343
CGACAGTTCGCGTTAT-1,1,36,42,21902,14636
ACGATGCATATGTTAT-1,1,37,43,22409,14924
TGTTCCGCTTCCATGA-1,1,36,44,21906,15218
GGATGACGCGAGTTTA-1,1,37,45,22413,15505
GAAGTTTCCACTCAAT-1,1,36,46,21909,15799
GCGAGGCCCGAGCAGA-1,1,37,47,22417,16086
CATACTATGTAATTGT-1,1,36,48,21913,16380
CCAATGTCACAGCAAG-1,1,37,49,22420,16667
GTTGGATTTGCGTTGG-1,1,36,50,21917,16961
GGGAGGATGCCCGAAA-1,1,37,51,22424,17248
GATCGCGGGCTCTCCA-1,1,36,52,21921,17542
GTTCGCCATAAGTGCC-1,1,37,53,22428,17829
AGATTATAGGACGTTT-1,1,36,54,21924,18123
TCGAGACCAACACCGT-1,1,37,55,22432,18410
TATGGGACCGAGCAGG-1,1,36,56,21928,18704
GATGCGTCCTGCATTC-1,1,37,57,22436,18991
TATGGTCTGAGTAACA-1,1,36,58,21932,19285
GCATAGAGCACTCAGG-1,1,37,59,22439,19572
CTTCATTGTCAGTGGA-1,1,36,60,21936,19866
GCAGATTAGGGATATC-1,1,37,61,22443,20153
CCTGTCGCCCGTAAAT-1,1,36,62,21939,20447
CAATTTCGTATAAGGG-1,1,37,63,22447,20734
GTACACTTACCTGAAG-1,1,36,64,21943,21028
CCAGCCTGGACCAATA-1,1,37,65,22451,21315
ATGGAGCAGGCCGTGA-1,1,36,66,21947,21609
GTCATTAGAGCGAACG-1,1,37,67,22454,21896
AAGACTGCAAGCTACT-1,0,36,68,21951,22190
CTAGTCACGTCTTAAG-1,0,37,69,22458,22477
ACTCTTGTATAGTAAC-1,0,36,70,21954,22771
ATTAGGCGATGCTTTC-1,0,37,71,22462,23059
TTCGGGACTAATCGCG-1,0,36,72,21958,23352
TGGACTGTTCGCTCAA-1,0,37,73,22466,23640
AACGTGCGAAAGTCTC-1,0,36,74,21962,23933
CCACCCAAGGAAAGTG-1,0,37,75,22469,24221
CCGCACAAAGACCAAC-1,0,36,76,21966,24514
GCGATTGTTAACGTTA-1,0,37,77,22473,24802
ACTCGTCAGTAATCCC-1,0,36,78,21969,25095
GGTGATAAGGAGCAGT-1,0,37,79,22477,25383
AAGAGGCATGGATCGC-1,1,36,80,21973,25677
CACGTTCGTGCTCTAG-1,1,37,81,22481,25964
CTATTTGGTTACGGAT-1,1,36,82,21977,26258
GTACAGAGGCAAGGGT-1,1,37,83,22484,26545
GGGCCGGCCGAAGTAC-1,1,36,84,21981,26839
CCTGAACGATATATTC-1,1,37,85,22488,27126
CCGGGCTGCTCCATAC-1,1,36,86,21984,27420
TACTTGTTAGTAGTCC-1,1,37,87,22492,27707
CCTAGGCGTAGCGATC-1,1,36,88,21988,28001
CTGGCGCACAGGTCTG-1,1,37,89,22496,28288
ACTTATACTTACCCGG-1,1,36,90,21992,28582
GAAGTCTCCCTAGCGA-1,1,37,91,22499,28869
ACCGATGGTAGCATCG-1,1,36,92,21996,29163
CGAGTTTATCGGACTG-1,1,37,93,22503,29450
CATAACGGACAGTCGT-1,1,36,94,21999,29744
TGACGATGCACTAGAA-1,1,37,95,22507,30031
TAGGGAGCTTGGGATG-1,1,36,96,22003,30325
AGGGTCGATGCGAACT-1,1,37,97,22511,30612
TATATCCCTGGGAGGA-1,1,36,98,22007,30906
CATCTTACACCACCTC-1,1,37,99,22514,31193
GTGCGACAGGGAGTGT-1,1,36,100,22011,31487
CCGATCTCAACCTTAT-1,1,37,101,22518,31774
ACGATCATCTTGTAAA-1,1,36,102,22014,32068
GAAAGAACAGCGTTAT-1,1,37,103,22522,32355
CTAGGTCTGAAGGAAT-1,1,36,104,22018,32649
ATATCAACCTACAGAG-1,1,37,105,22526,32936
AAATAGCTTAGACTTT-1,1,36,106,22022,33230
GCGACATGTAAACATC-1,1,37,107,22529,33518
ATAAGTAGGGCGACTC-1,1,36,108,22026,33811
GCGAGCGCATGCTCCC-1,1,37,109,22533,34099
AGGGACCGGCTGCGTT-1,0,36,110,22029,34392
CCTATGAAGTGGTGCC-1,0,37,111,22537,34680
GCTTACGTAGTTAGTA-1,0,36,112,22033,34973
CATACTTAGGCAATAC-1,0,37,113,22541,35261
CCTGTCCCTCACGTTA-1,0,36,114,22037,35554
CAATGTGCCAACCCTT-1,0,37,115,22544,35842
GTTAAGTTAGAGTGGG-1,0,36,116,22041,36136
CTGGGATACGCTACCC-1,0,37,117,22548,36423
AACCTGTCACGGAATT-1,0,36,118,22044,36717
ACTGCGGACACACCGT-1,0,37,119,22552,37004
CCGTGAGGCATTCATG-1,0,36,120,22048,37298
GCCCAGATGCTGGAGA-1,0,37,121,22556,37585
TCTGGCCGTTCAAGTT-1,0,36,122,22052,37879
ATACGAAGGCTTTCCA-1,0,37,123,22559,38166
GATCCGAATATAAGTG-1,0,36,124,22056,38460
GTGGAGCATGTCGGCC-1,0,37,125,22563,38747
ACTCTTCAGCTCCCGC-1,0,36,126,22059,39041
CCCGATAGCCTCGCCT-1,0,37,127,22567,39328
ACAGGTGTGTTGTTGC-1,0,38,0,22834,2428
TGAACTGCTATGACTT-1,0,39,1,23342,2715
TGACATATATGACGAT-1,0,38,2,22838,3009
AAGTCTTCTGTGGCCT-1,0,39,3,23345,3296
ACCAGACCATAACAAC-1,0,38,4,22842,3590
TGAGACGTACCTCTCA-1,0,39,5,23349,3877
GACCGTTACATGCGAC-1,0,38,6,22845,4171
GGTTCGGATTATACTA-1,0,39,7,23353,4458
CCTCCTGAGCCCACAT-1,1,38,8,22849,4752
CCGCGATTTGGTAGGT-1,1,39,9,23357,5039
AATCTCTACTGTGGTT-1,1,38,10,22853,5333
ACTTTGACTGCATCCT-1,1,39,11,23360,5620
CCCTGACTAACAAATT-1,1,38,12,22857,5914
ACGCTGTGAGGCGTAG-1,1,39,13,23364,6201
GCATACGAGGTCTTTA-1,1,38,14,22860,6495
TCGGGATTCAAACATA-1,0,39,15,23368,6782
GGGCCCTACGAAAGGG-1,1,38,16,22864,7076
CGCCAAGAAGCCGAGT-1,0,39,17,23372,7363
GGTACATCTGGGACGA-1,1,38,18,22868,7657
GGATGCTGGCGTTCCT-1,1,39,19,23375,7945
CCGATTCGAGGGACCC-1,0,38,20,22872,8238
CCACTGGTGGCTGGTT-1,1,39,21,23379,8526
GACAGGCACACACTAT-1,0,38,22,22875,8819
TCAACGCGACCGGCAG-1,0,39,23,23383,9107
CTACGACTAGCTATAA-1,0,38,24,22879,9400
CGGTTGACCTGGCATA-1,0,39,25,23387,9688
ATCCTGAATCGCTGCG-1,0,38,26,22883,9982
GTTTCATATCGTCGCT-1,0,39,27,23390,10269
ATAAATATTAGCAGCT-1,1,38,28,22887,10563
AAGAGGATGTACGCGA-1,1,39,29,23394,10850
TCCTGCGTTGATACTC-1,0,38,30,22890,11144
CGTGCATTGTCGACGC-1,1,39,31,23398,11431
CCGGGTTCGAGGTTAC-1,1,38,32,22894,11725
CCCAATTTCACAACTT-1,1,39,33,23402,12012
TGATTTATTAGCTGTG-1,1,38,34,22898,12306
TGGAAGAAGGGAACGT-1,1,39,35,23405,12593
GACGCTTGCTTCTAAA-1,1,38,36,22902,12887
GGGAACGGGAGGTTAG-1,1,39,37,23409,13174
GCGGCTCTGACGTACC-1,1,38,38,22905,13468
ACGTTAGATTTGCCCG-1,1,39,39,23413,13755
GAGAGGGCGCGAGGTT-1,1,38,40,22909,14049
GCGTCTCTGCATTGGG-1,1,39,41,23417,14336
GCAGCACACAGCCCAG-1,1,38,42,22913,14630
CAGGCCGTTTGGGTGT-1,1,39,43,23420,14917
AACTCAAGTTAATTGC-1,1,38,44,22917,15211
CTTCGTAGATAGGTGA-1,1,39,45,23424,15498
TGCAGAGTACCGAGCA-1,1,38,46,22920,15792
GAAGTGATTTATCGTG-1,1,39,47,23428,16079
CGCTACGGGACATTTA-1,1,38,48,22924,16373
CCACACTGAGATATTA-1,1,39,49,23432,16660
CGATCCGACCCAGTGC-1,1,38,50,22928,16954
CTGTACTTCTTAGCAT-1,1,39,51,23435,17241
ACTTATTAGGATCGGT-1,1,38,52,22932,17535
TAGTCCGCAGAGAATG-1,1,39,53,23439,17822
TTCACGAAAGGATCAC-1,1,38,54,22935,18116
TACATTTCTAACGTGC-1,1,39,55,23443,18404
ACCATATCCGCAATAA-1,1,38,56,22939,18697
CACTCAAGAGCTATGG-1,1,39,57,23447,18985
TGTACGAACAAATCCG-1,1,38,58,22943,19278
ATCATCCAATATTTGT-1,1,39,59,23450,19566
CGCTATTCTTAGGCTC-1,1,38,60,22947,19859
TGGCAGCAGTAATAGT-1,1,39,61,23454,20147
TCACGTGCCCGATTCA-1,1,38,62,22950,20441
CATACGGCGTCTGGGC-1,1,39,63,23458,20728
CACATGATTCAGCAAC-1,1,38,64,22954,21022
GCTAGTAGAGCTTGTA-1,1,39,65,23462,21309
TGCTGTTGAAGAACTC-1,1,38,66,22958,21603
CGGAGCATGGCGATCC-1,1,39,67,23465,21890
TAGCGTTGGGTCTTAC-1,1,38,68,22962,22184
GTAGCGGCTATACACT-1,1,39,69,23469,22471
TAACATACAATGTGGG-1,0,38,70,22965,22765
TCTTCGAATAGACGTT-1,1,39,71,23473,23052
GATCGTGACTGATATC-1,0,38,72,22969,23346
GATCCGGGAATTAACA-1,0,39,73,23477,23633
TTATATACGCTGTCAC-1,0,38,74,22973,23927
GTCGCGTAACCCGTTG-1,0,39,75,23480,24214
AGCTCTAGACGTTCCA-1,0,38,76,22977,24508
GTCAAGCGGACTCGGG-1,0,39,77,23484,24795
CGAGGGACTGCGGTCG-1,0,38,78,22980,25089
AATCGCCTCAGCGCCA-1,0,39,79,23488,25376
CTTGTTGCTGAGTCAA-1,0,38,80,22984,25670
GATATGAGACACTAAC-1,1,39,81,23492,25957
TTATGATCTTAACGAA-1,1,38,82,22988,26251
CGCCGCCCATGCCTGT-1,1,39,83,23495,26538
CTGGGATAAATAATGG-1,1,38,84,22992,26832
GTGCCCGTTCGGATTC-1,1,39,85,23499,27119
TTCAATACTCTGAATC-1,1,38,86,22995,27413
CGCACATGTCCACTAC-1,1,39,87,23503,27700
AGAAGAGCGCCGTTCC-1,1,38,88,22999,27994
GATAACTCGCACTGTG-1,1,39,89,23507,28282
AGTCGACGGTCTCAAG-1,1,38,90,23003,28575
GTGACCGCACACTACG-1,1,39,91,23510,28863
GTATGTGGGTCTAGTT-1,1,38,92,23007,29156
CTTGAGTTAGGGTAAT-1,1,39,93,23514,29444
TTAGCTGATTTGCCGT-1,1,38,94,23010,29737
GCTGTTGCTACCGAAC-1,1,39,95,23518,30025
TATTACCATCCTGCTT-1,1,38,96,23014,30318
TTGAATTCACGTGAGG-1,1,39,97,23522,30606
CCATCTCACCAGTGAA-1,1,38,98,23018,30900
CGCACGTGCGCTATCA-1,1,39,99,23525,31187
ACCCGGATGACGCATC-1,1,38,100,23022,31481
CGCTAGAGACCGCTGC-1,1,39,101,23529,31768
ATAGTTCCACCCACTC-1,1,38,102,23025,32062
GCAGACCCAGCACGTA-1,1,39,103,23533,32349
TAGACTACCTAGCGTT-1,1,38,104,23029,32643
GGTTCTACTCGTCTGA-1,1,39,105,23537,32930
GACTCACCCACGTGAG-1,1,38,106,23033,33224
AGCTCTTCGTAACCTT-1,1,39,107,23540,33511
ACTATCCAGGGCATGG-1,1,38,108,23037,33805
AAGGATCGATCGCTTG-1,1,39,109,23544,34092
ATATCGGTAGGGAGAT-1,0,38,110,23040,34386
TTCCAGACGAGATTTA-1,0,39,111,23548,34673
GACCGACGTGAAAGCA-1,0,38,112,23044,34967
CCTGGAAACGTTCTGC-1,0,39,113,23552,35254
CCGGTAATGGCTAGTC-1,0,38,114,23048,35548
GCCGTGGAAGAAATGT-1,0,39,115,23555,35835
GTCTTGAGGAGCAGTG-1,0,38,116,23052,36129
TCCCAAAGCCCTAAAT-1,0,39,117,23559,36416
TTGAGCGCCACGTGAT-1,0,38,118,23055,36710
TTGAGTCCCGCTGCTG-1,0,39,119,23563,36997
ATGGAACCTTTGCACA-1,0,38,120,23059,37291
GCTAGCACCTGGGCCA-1,0,39,121,23567,37578
CGCCGTCTACCCATCG-1,0,38,122,23063,37872
GATAGGTGTCCCGGGC-1,0,39,123,23570,38159
AGGTATGCGGACATTA-1,0,38,124,23067,38453
TTGGTTCGCTCAAAGG-1,0,39,125,23574,38741
TCTGGAGCGTAAGAGT-1,0,38,126,23070,39034
TGCCTAAATTTAATAG-1,0,39,127,23578,39322
TAATTTCCGTCCAGTA-1,0,40,0,23845,2421
TCCTTCAATCCCTACG-1,0,41,1,24353,2709
TACCTATCCCTAGAGG-1,0,40,2,23849,3002
GCATGGGTACTGACGC-1,0,41,3,24356,3290
GTCGGGAACATGGTAG-1,0,40,4,23853,3583
GCAAATGAGGACACTT-1,0,41,5,24360,3871
GAATGGGCTTATCGAC-1,0,40,6,23856,4164
TGGTCGTGCAAGGCAA-1,0,41,7,24364,4452
CACCACGCCACACAGA-1,0,40,8,23860,4745
GAACCTCGACCTACAC-1,0,41,9,24368,5033
CAATACGCTCTGAGGC-1,1,40,10,23864,5327
TGGTAAGCAGGATTGA-1,1,41,11,24371,5614
AGTGGCTCCGTCGGCC-1,1,40,12,23868,5908
GATCGGATAGAACCAT-1,1,41,13,24375,6195
GCTACAGTACGGACCG-1,1,40,14,23871,6489
TCTATTACTAGAGGAT-1,1,41,15,24379,6776
TTCAGGCGTCAAAGCC-1,0,40,16,23875,7070
AGACCGGGAAACCCTG-1,0,41,17,24383,7357
AGAGATCTCTAAAGCG-1,0,40,18,23879,7651
CCCTGCCCAATCCGCT-1,0,41,19,24386,7938
GTGGCGGTCCCAGCGT-1,1,40,20,23883,8232
GCATTGTAATTCATAT-1,1,41,21,24390,8519
CCGTTCCGAATCTCGG-1,1,40,22,23886,8813
AGCTTGATCTTAACTT-1,1,41,23,24394,9100
CCTGTACTCACGCCCA-1,0,40,24,23890,9394
AAGTGACGACCGAATT-1,1,41,25,24398,9681
CTCACTTGGCTGGTAA-1,1,40,26,23894,9975
CGCCTGGCCTACGTAA-1,1,41,27,24401,10262
CCCGTAAGTCTAGGCC-1,1,40,28,23898,10556
TTGGACATGTGGCTTA-1,1,41,29,24405,10843
ATTACGCGCTGGCAGG-1,1,40,30,23901,11137
ACGCGCTACACAGGGT-1,1,41,31,24409,11424
TACGTTTACCGGCAAT-1,1,40,32,23905,11718
CGAAACGCAATTCATG-1,1,41,33,24413,12005
TAGTCTAACAACGAGA-1,1,40,34,23909,12299
TTGCATGCTGATCACG-1,1,41,35,24416,12586
TCTGGGTAGCGCTCAT-1,1,40,36,23913,12880
ACATCGGTCAGCCGCG-1,1,41,37,24420,13168
AGATACCGGTGTTCAC-1,1,40,38,23916,13461
GATTACTGAATTTGGG-1,1,41,39,24424,13749
TCCAACTTTAAATTCT-1,1,40,40,23920,14042
TCCTAGCAAAGAAGCT-1,1,41,41,24428,14330
GTCTATCTGAGTTTCT-1,1,40,42,23924,14623
GATGTTCAATCCACGA-1,1,41,43,24431,14911
AGTTAAACACTTGCGA-1,1,40,44,23928,15204
AGCTCTTTACTCAGTT-1,1,41,45,24435,15492
ATCCAGGATTCGTGAA-1,1,40,46,23931,15786
AGTCAACACCACCATC-1,1,41,47,24439,16073
CGATACCTCGCGGACA-1,1,40,48,23935,16367
TACAACGCACAACTCA-1,1,41,49,24443,16654
AATTAAAGGTCGGCGT-1,1,40,50,23939,16948
TACGCAGTTCTTTCCT-1,1,41,51,24446,17235
GACCGTGCTGACGGTG-1,1,40,52,23943,17529
GGCAAATTACTTTACT-1,1,41,53,24450,17816
GGTACAAACATGCTAT-1,1,40,54,23946,18110
CGGGCCTTCTTTGTAA-1,1,41,55,24454,18397
CGTGAAGTTAATTCAC-1,1,40,56,23950,18691
ATAGTGAAGCGTTCTC-1,1,41,57,24458,18978
TACGCCATATTCTAAT-1,1,40,58,23954,19272
GCCGGGTTAGGGTCGC-1,1,41,59,24461,19559
TACATAGGCATACACC-1,1,40,60,23958,19853
GCCGATTGGCCAAGCT-1,1,41,61,24465,20140
CTGCCATGCATCACAT-1,1,40,62,23961,20434
TTATGAATGAAAGGGA-1,1,41,63,24469,20721
GCTGAGGCGTGAGTAT-1,1,40,64,23965,21015
GCGCCGTTCCACGATA-1,1,41,65,24473,21302
CGCATGGTGCGATGCT-1,1,40,66,23969,21596
AGGTTTCACACACCTT-1,1,41,67,24476,21883
CAAGGATCGCATGTTC-1,1,40,68,23973,22177
ACGTTAATGTCGAAGA-1,1,41,69,24480,22464
TCCAGAGCACCGGTTC-1,1,40,70,23976,22758
GATTCGACGGTTCACG-1,1,41,71,24484,23045
GTTTCTGCAGTCTCCC-1,1,40,72,23980,23339
GCTGCACGGTTTCTTA-1,1,41,73,24488,23627
CGTGCAGACTGGGACA-1,0,40,74,23984,23920
GTGTTACTATGCGTCC-1,0,41,75,24491,24208
TCCTCGGGCTGGGCTT-1,0,40,76,23988,24501
GTGAGGACACTTAAGG-1,0,41,77,24495,24789
ATACGCCGGCGAAACC-1,0,40,78,23991,25082
TCTGCCAGAAACTGCA-1,0,41,79,24499,25370
TTCTGCGGGTTAGCGG-1,0,40,80,23995,25663
CTCGGTACCACTGCTC-1,1,41,81,24503,25951
GTAAGTAACAGTCTGG-1,1,40,82,23999,26245
GTGCGTGTATATGAGC-1,1,41,83,24506,26532
ATTTGTCTTGGGAGCT-1,1,40,84,24003,26826
CCTCGGACCGGGATAG-1,1,41,85,24510,27113
TAGGTGCTCGCCTAGC-1,1,40,86,24006,27407
CTTTAGGAACACTGTT-1,1,41,87,24514,27694
TCGGGCCGTCGTGGTA-1,1,40,88,24010,27988
AGTGCTTGCACGAATA-1,1,41,89,24518,28275
TGCAGTTTCCTCCCAT-1,1,40,90,24014,28569
TGAGAGATTTACCACG-1,1,41,91,24521,28856
GAAACAGATGACCACC-1,1,40,92,24018,29150
AGCAACATATCTTATT-1,1,41,93,24525,29437
CAAGTGTGGTTGCAAA-1,1,40,94,24021,29731
GCCTCATCTGGAAATA-1,1,41,95,24529,30018
AACCCTACTGTCAATA-1,1,40,96,24025,30312
ACGTATTACTCCGATC-1,1,41,97,24533,30599
TCTGGGAACCTTTGAA-1,1,40,98,24029,30893
GCTCGCTCATGTCCAA-1,1,41,99,24536,31180
GCGCAAGAGCGCGCTG-1,1,40,100,24033,31474
TTGACGCTCCATGAGC-1,1,41,101,24540,31761
TATAGATGGTCGCAGT-1,1,40,102,24036,32055
TTACATGCCACAACTA-1,1,41,103,24544,32342
ACATGGCGCCAAAGTA-1,1,40,104,24040,32636
TATGGTTAGTGGGAGA-1,1,41,105,24548,32923
CATGACTTCGCTGAAT-1,1,40,106,24044,33217
ACCACCAATGTAACAA-1,1,41,107,24551,33504
TCTTAGAGCTCCAATT-1,1,40,108,24048,33798
CCACGAATTTAACCTC-1,0,41,109,24555,34086
TTCTTGCTAGCATCTC-1,0,40,110,24051,34379
ACACCTTACTACTTGC-1,0,41,111,24559,34667
AGTCGGTTGCGTGAGA-1,0,40,112,24055,34960
ACCTACAGTATGTGGT-1,0,41,113,24563,35248
GAGGATAAACAGTGCT-1,0,40,114,24059,35541
TTCCGGTATCTGTGTC-1,0,41,115,24566,35829
GGAGGCCGAAGTCGTC-1,0,40,116,24063,36122
TTCGCTAGGAAGTTGT-1,0,41,117,24570,36410
TAAAGACAACCCTTTA-1,0,40,118,24066,36704
GTTGCGCTAACATTAC-1,0,41,119,24574,36991
GCTGAACTCTCCAGGG-1,0,40,120,24070,37285
AGCCCTGTCGCACCGT-1,0,41,121,24578,37572
AGCGCTAGAGCGATGT-1,0,40,122,24074,37866
TGCGCCGTTAATAACG-1,0,41,123,24581,38153
TGACAACGCATGTCGC-1,0,40,124,24078,38447
CGTCTTGAGTGTGACG-1,0,41,125,24585,38734
GATAGGATTAATTACA-1,0,40,126,24081,39028
GATACCGTGTCGGAGT-1,0,41,127,24589,39315
TGTGTCGAAGTCGAGG-1,0,42,0,24856,2415
GGATCAGAGCCATCAG-1,0,43,1,25364,2702
GTCCCAATCATCCCGC-1,0,42,2,24860,2996
TGCCACACTAGAGGAA-1,0,43,3,25367,3283
TGAATTTCACTTGCCT-1,0,42,4,24864,3577
CTCAGATTGTGATAAG-1,0,43,5,25371,3864
CGGACGTTACTTGAAG-1,0,42,6,24867,4158
CCGCCTTGCGATGTCG-1,0,43,7,25375,4445
CCAGTCAAATCTCTTA-1,0,42,8,24871,4739
AAACAGCTTTCAGAAG-1,0,43,9,25379,5026
TAGCTGATGTGAAGCG-1,0,42,10,24875,5320
CTTATGCGCTCAGGGC-1,0,43,11,25382,5607
TGGCTCTTGTCGCGTA-1,0,42,12,24879,5901
TTGTGAGGCATGACGC-1,0,43,13,25386,6188
CATAAGCTCTCCGTCT-1,1,42,14,24882,6482
CCTTCTCAGCGTTCCT-1,0,43,15,25390,6769
TGCAGCTACGTACTTC-1,0,42,16,24886,7063
CTCTACACTGGCGATT-1,0,43,17,25394,7350
TGCAGATCGTCCTAGG-1,1,42,18,24890,7644
TGCCAAAGTCAGACTT-1,0,43,19,25397,7931
ACAATAGTCGTACGTT-1,1,42,20,24894,8225
CATGCCAACTCGCAAA-1,0,43,21,25401,8513
TGCAGAACTATATCGT-1,1,42,22,24897,8806
TCGTGTCACGCTGACA-1,0,43,23,25405,9094
TGATCAGGGAACTGCT-1,0,42,24,24901,9387
CTTGCAACCGCCTCCT-1,0,43,25,25409,9675
AGCCCATACATGTAAG-1,0,42,26,24905,9968
ATCCAATGGAGGGTCC-1,1,43,27,25412,10256
AAACCGGGTAGGTACC-1,1,42,28,24909,10550
GCAACCACGGCCGCGT-1,1,43,29,25416,10837
CGCTTATTCCCGGTCG-1,1,42,30,24912,11131
TTACTCTGGTACGTAC-1,1,43,31,25420,11418
GTGGTTTCCGCCTTTC-1,1,42,32,24916,11712
ATAGGCGGCTATAGAA-1,1,43,33,25424,11999
GTGCCATCACACGGTG-1,1,42,34,24920,12293
CCCAACATACGTCGCG-1,1,43,35,25427,12580
CGGTGCAGATAGAACG-1,1,42,36,24924,12874
GGGCGGGTTCCCTACG-1,1,43,37,25431,13161
TGAGCCATACAGTCTC-1,1,42,38,24927,13455
CTCCGCCCACATGAGG-1,1,43,39,25435,13742
GTTGAACCGGTTCCAT-1,1,42,40,24931,14036
TTGACTACCATATGGT-1,1,43,41,25439,14323
ACCATCGTATATGGTA-1,1,42,42,24935,14617
TGCGTAAGAACCTGAT-1,1,43,43,25442,14904
AGAAGGTTGCCGAATT-1,1,42,44,24939,15198
AGGACGACCCATTAGA-1,1,43,45,25446,15485
GGTGCTGGTACACATT-1,1,42,46,24942,15779
GCGCTATGCCGAGGCA-1,1,43,47,25450,16066
ACCCGGTTACACTTCC-1,1,42,48,24946,16360
TAACTCATCCGCGCGG-1,1,43,49,25454,16647
CACAATGAGCTGCTAT-1,1,42,50,24950,16941
GTTACTTTGGGCCTAG-1,1,43,51,25457,17228
GGGCCCGTCTTAAACA-1,1,42,52,24954,17522
GAAATTGTCTCTATAA-1,1,43,53,25461,17809
GGCGCATGAATTGATG-1,1,42,54,24957,18103
CATATAGGTACAGTCA-1,1,43,55,25465,18391
TCAACGAGGAGACAAA-1,1,42,56,24961,18684
TTGCACAATTCAGAAA-1,1,43,57,25469,18972
CATCGGACGGGTTAAT-1,1,42,58,24965,19265
ATTAAACATGCGGACC-1,1,43,59,25472,19553
TATCTACCACAGCGGG-1,1,42,60,24969,19846
CGAGACCCTAGAGTGT-1,1,43,61,25476,20134
ACATCGATCGTTTACC-1,1,42,62,24972,20427
ATCGACCCAATACAGA-1,1,43,63,25480,20715
GAATCTGAACATTCTC-1,1,42,64,24976,21009
AGTTCCTATTTATGTT-1,1,43,65,25484,21296
CAGTCTGTATACTGGG-1,1,42,66,24980,21590
GGAGACGACACCTTTG-1,1,43,67,25487,21877
CCTAAATTAACGGTTC-1,1,42,68,24984,22171
GCTACGACTTATTGGG-1,1,43,69,25491,22458
CTGTGCAGGGTAGGTC-1,1,42,70,24987,22752
ACGCCGCTAGACGACC-1,1,43,71,25495,23039
ACTTGACTCCCTCTTT-1,1,42,72,24991,23333
CGCCTCCCTCCTCTAT-1,1,43,73,25499,23620
CTAGATTTACGACGGC-1,1,42,74,24995,23914
GATGCTGTATTTCATC-1,1,43,75,25502,24201
TGCGTTTGTTGACACT-1,0,42,76,24999,24495
CGTGCCCTCCCGAAGA-1,0,43,77,25506,24782
ACTCTCTGACTTAGGT-1,0,42,78,25002,25076
CTGGGTAGGCAGTTAA-1,0,43,79,25510,25363
GTTTGGCCCAAGTTAT-1,1,42,80,25006,25657
GAATGTGGTCCGGATT-1,1,43,81,25514,25944
CCCAGTTAAGGCGCCG-1,1,42,82,25010,26238
CGGTACTAGAATCAAA-1,1,43,83,25517,26525
GCTTAATGTAACTAAC-1,1,42,84,25014,26819
AGGACAGTCGAATCCC-1,1,43,85,25521,27106
GACAGCCAGACCTGAC-1,1,42,86,25017,27400
GGCGAAATCTAACTTG-1,1,43,87,25525,27687
CTGGTAACACATAGAA-1,1,42,88,25021,27981
TAGCCATTTCAAAGTC-1,1,43,89,25529,28268
GGGATTTACCGCACCT-1,1,42,90,25025,28562
ATGCCATTTGCGACCA-1,1,43,91,25532,28850
GAATAGACGCGACCCA-1,1,42,92,25029,29143
TGTATGGCGCAGACAG-1,1,43,93,25536,29431
GGATGAAGATCGCTGA-1,1,42,94,25032,29724
CGACAATTTGATCTAA-1,1,43,95,25540,30012
AAAGTTGACTCCCGTA-1,1,42,96,25036,30305
CGCGGCTCAACTTGAA-1,1,43,97,25544,30593
CACGCGGAACTGTTGC-1,1,42,98,25040,30886
TCTTAGAGTGAACTCT-1,1,43,99,25547,31174
AGTCCATTGGCTGATG-1,1,42,100,25044,31468
TTAAGATAGGATTGAC-1,1,43,101,25551,31755
ACATCCTGGTAACTGT-1,1,42,102,25047,32049
CACCTTGGCGCCTTTG-1,1,43,103,25555,32336
GCTAGACCGTCTACTG-1,1,42,104,25051,32630
CGGCCCAGGTATATCC-1,1,43,105,25559,32917
GTCCATTACTGCTACG-1,1,42,106,25055,33211
GGGTTTAGGATAGGAT-1,0,43,107,25562,33498
TAATTAGGACATCCGT-1,0,42,108,25059,33792
GCTCCCAGTCGGTCCA-1,0,43,109,25566,34079
ATTCGTGCTATCTCTT-1,0,42,110,25063,34373
GTTAACTATGTTGTCA-1,0,43,111,25570,34660
GCTCCGCTCGCTTCAG-1,0,42,112,25066,34954
GCAACGGCTAGTTATG-1,0,43,113,25574,35241
AATCGCGCAGAGGACT-1,0,42,114,25070,35535
AGGTTACACCATGCCG-1,0,43,115,25577,35822
CGAGATTTCGCTCGGG-1,0,42,116,25074,36116
CGATAATACTCAGGTT-1,0,43,117,25581,36403
AAGGCAGGCTGTCTCC-1,0,42,118,25078,36697
GTAAGTCCACACTCTA-1,0,43,119,25585,36984
ATGAGGGCAGCGGCTA-1,0,42,120,25081,37278
GCCGCACTCCGTTTCA-1,0,43,121,25589,37565
GAGCACGGCGCCTCTT-1,0,42,122,25085,37859
ACAATTTGGCCATATT-1,0,43,123,25592,38146
CTGGTTCGCGAGCTAC-1,0,42,124,25089,38440
GACGGTCCTAGGGTGT-1,0,43,125,25596,38727
ACTCGCGATCTGACGC-1,0,42,126,25093,39021
GTGTACGAACCGTTCC-1,0,43,127,25600,39309
CTTTGACGTCGCTTCT-1,0,44,0,25867,2408
CGTTATCATACTTCCA-1,0,45,1,26375,2695
GCTATGCCAGCTTATG-1,0,44,2,25871,2989
CAGTCGGCCTAGATAT-1,0,45,3,26378,3277
CCCGTGAGGGCGGTGA-1,0,44,4,25875,3570
TCTCGTGTTACGAGGA-1,0,45,5,26382,3858
ACGTCTCGTTCCGGGA-1,0,44,6,25878,4151
CGAGAGCGCGTAGATA-1,0,45,7,26386,4439
GACAGATTTCTGGCTC-1,0,44,8,25882,4732
GGGCCTAAATGGGCTA-1,0,45,9,26390,5020
ACTTGTAGTCCCTTCA-1,0,44,10,25886,5313
CCCGAAGTTTCGCGAA-1,0,45,11,26393,5601
ACCATCCGCCAACTAG-1,0,44,12,25890,5895
TGCGAATATGGGATTT-1,0,45,13,26397,6182
TACATCCCTATCCCTG-1,0,44,14,25893,6476
GTGGGAAGACTGAATC-1,0,45,15,26401,6763
TCAACATCGACCGAGA-1,0,44,16,25897,7057
CTATGTGAGTCACGGC-1,0,45,17,26405,7344
CCGAACACTGGGCCTC-1,0,44,18,25901,7638
AAACTTGCAAACGTAT-1,0,45,19,26408,7925
AGGGCGAGCAGCTGAT-1,0,44,20,25905,8219
AACACGAGACGCGGCC-1,0,45,21,26412,8506
TGACGAATATTTCCCT-1,0,44,22,25908,8800
TCGGAGAGTATCGGGA-1,0,45,23,26416,9087
CAAATCTCTCACAAGG-1,0,44,24,25912,9381
AGGCCCTAGAACGCCA-1,0,45,25,26420,9668
TAGAGATCATGCAACT-1,1,44,26,25916,9962
TTGTTTCCATACAACT-1,1,45,27,26423,10249
GAGAGGTGCATTCTGG-1,1,44,28,25920,10543
GTGGACCAACCCGATT-1,1,45,29,26427,10830
CTGGGCCTGCTATATC-1,1,44,30,25923,11124
CATAGTCCACAAGAAC-1,1,45,31,26431,11411
TTGACATGAACGTGGA-1,1,44,32,25927,11705
GGTTACCACCCTCGGG-1,1,45,33,26435,11992
TACCGGTCGTTTCCAT-1,1,44,34,25931,12286
CGAGTACTAAAGAGGA-1,1,45,35,26438,12573
GCAAGAATTCCTTGGC-1,1,44,36,25935,12867
TCGCCGAAGTTGCGTC-1,1,45,37,26442,13154
TTGAGAGTACTGCTAA-1,1,44,38,25938,13448
GCCACAATTTAAGGAC-1,1,45,39,26446,13736
ATATTCAGTTAAACCT-1,1,44,40,25942,14029
TGAGTGCCTCTTAAAT-1,1,45,41,26450,14317
ATCAGACGGCACGCCG-1,1,44,42,25946,14610
GTGCGAAATCGAACAC-1,1,45,43,26453,14898
GTGCCGCTTCAAAGGT-1,1,44,44,25950,15191
GATACGATGGGAGTCA-1,1,45,45,26457,15479
GACACTGAGTTCAGTG-1,1,44,46,25954,15772
ATCCTGCGTGGAATGG-1,1,45,47,26461,16060
ATCCTACCTAAGCTCT-1,1,44,48,25957,16354
AGTGATATGAGTAGTT-1,1,45,49,26465,16641
ATGATGCAATGGTACA-1,1,44,50,25961,16935
GAAACCGAATTACCTT-1,1,45,51,26468,17222
AGTGACCTACTTTACG-1,1,44,52,25965,17516
CAAATGTCCTTCCGTG-1,1,45,53,26472,17803
TTACTGGGATATTTCA-1,1,44,54,25969,18097
CTTGCCCAGGCTCTAC-1,1,45,55,26476,18384
AAATCGTGTACCACAA-1,1,44,56,25972,18678
GTGATCATAGATCTGC-1,1,45,57,26480,18965
TGGCAGATTACGATCA-1,1,44,58,25976,19259
TCACCCTCTTAAGATT-1,1,45,59,26483,19546
CAGGATATATCGTTGT-1,1,44,60,25980,19840
CCTGACCACCGATGGT-1,1,45,61,26487,20127
CTAAAGGGAAATAGGA-1,1,44,62,25984,20421
CCGCTATCAGCACCAG-1,1,45,63,26491,20708
CTTTAGTGCTATTATT-1,1,44,64,25987,21002
CGGGAATTTATGTAAA-1,1,45,65,26495,21289
TACGACTGCCTCTTAG-1,1,44,66,25991,21583
AAACTGCTGGCTCCAA-1,1,45,67,26498,21870
GTACGTTTGCCCGTCA-1,1,44,68,25995,22164
GGCAAGGCGAAATAGC-1,1,45,69,26502,22451
GATCTTGGAGGGCATA-1,1,44,70,25999,22745
AGCGTGGTATTCTACT-1,1,45,71,26506,23032
CTAAGGGAATGATTGG-1,1,44,72,26002,23326
CATGGTAAGTAGCGTT-1,1,45,73,26510,23613
CGTTGAGCGACCGTCG-1,1,44,74,26006,23907
TGCCCGTACCGTTAAA-1,1,45,75,26513,24195
ACAAGGGCAGGCTCTG-1,1,44,76,26010,24488
GAGATCTTCCATGACA-1,1,45,77,26517,24776
AATGACGTAGGATGTC-1,1,44,78,26014,25069
GTGGTGGCCAAGTGAA-1,1,45,79,26521,25357
TCCCGTGTGCAATTTG-1,0,44,80,26017,25650
ACATCGTATGCAATGG-1,1,45,81,26525,25938
GCGAAACTTAACTGGA-1,1,44,82,26021,26231
AATTGAACGCTCTGGT-1,1,45,83,26528,26519
ACAAATGGTAGTGTTT-1,1,44,84,26025,26813
ATGGTCGCGTGGTTTC-1,1,45,85,26532,27100
TGTTATTGTATGTGGC-1,1,44,86,26029,27394
TTCCGGTTACCCACTT-1,1,45,87,26536,27681
GAGTGTGCGGTACCCA-1,1,44,88,26032,27975
CAAGATATTATAACGT-1,1,45,89,26540,28262
ACACACCAGGACCAGT-1,1,44,90,26036,28556
ATGGGCCTCGGCCTCT-1,1,45,91,26543,28843
AAGGTGATAAACCAGC-1,1,44,92,26040,29137
TCTTACTTATGCCTCT-1,1,45,93,26547,29424
AAAGTGTGATTTATCT-1,1,44,94,26044,29718
TGCTCCACAGTTCTTA-1,1,45,95,26551,30005
CTGGCTGATTCATCCT-1,1,44,96,26047,30299
TAAGGCTGAATCCCTC-1,1,45,97,26555,30586
TCTAGTGATATCGTGG-1,1,44,98,26051,30880
TCGAAGAACCGAGCAC-1,1,45,99,26558,31167
GACAAACATATGCAGG-1,1,44,100,26055,31461
AAGTCAATTGTCGTCA-1,1,45,101,26562,31748
AGTGAACAAACTTCTC-1,1,44,102,26059,32042
CATGATGGAAGTTAGC-1,0,45,103,26566,32329
AAGTGCCTTGACTGTA-1,0,44,104,26062,32623
ATCGCCAGTCAACATT-1,0,45,105,26570,32910
ACCGCGGTGGAAGTCG-1,0,44,106,26066,33204
TCTTCTATAACCCGCC-1,0,45,107,26573,33491
CACATTTCTTGTCAGA-1,0,44,108,26070,33785
TAGCGTCCCTCGATTG-1,0,45,109,26577,34072
GTTCGGATCGGGAACA-1,0,44,110,26074,34366
CAAACTCGCGACGCCG-1,0,45,111,26581,34654
GTCTTGTAGCTATTCA-1,0,44,112,26077,34947
TCTCGACGTATCGCCG-1,0,45,113,26585,35235
TTGCCAAGCAGAACCC-1,0,44,114,26081,35528
AAACCCGAACGAAATC-1,0,45,115,26588,35816
TTGAGCAGCCCACGGT-1,0,44,116,26085,36109
CGCCTTTAGCATGCTC-1,0,45,117,26592,36397
TGTGGCTCCCACCAAC-1,0,44,118,26089,36690
CCGCCGTTGAGGATAA-1,0,45,119,26596,36978
CAATACGAGAGTCTGA-1,0,44,120,26092,37272
CATCTAGTGAAGGGAA-1,0,45,121,26600,37559
GGTGGAGGTTGATACG-1,0,44,122,26096,37853
CCGCACACGAACGTGT-1,0,45,123,26603,38140
AGAACCCAGCGTGACA-1,0,44,124,26100,38434
GCGCTCGATCACCTGT-1,0,45,125,26607,38721
ATCATGGACTACCGAC-1,0,44,126,26104,39015
TACGCCGCCTCAGAAG-1,0,45,127,26611,39302
CGACCTACTAGACAAT-1,0,46,0,26878,2402
GAGTCTTGTAAAGGAC-1,0,47,1,27386,2689
AATATCCTAGCAAACT-1,0,46,2,26882,2983
CCCTAGGCAACAAGAG-1,0,47,3,27389,3270
ACAAAGAAGGTAGGCC-1,0,46,4,26886,3564
CCCTGGCTGTTCCTTC-1,0,47,5,27393,3851
TCGCCGCACCGCGTGA-1,0,46,6,26890,4145
TATAGCGCACGTTATC-1,0,47,7,27397,4432
TTATCTGACATTAGGA-1,0,46,8,26893,4726
AGTGGTGTTACCCGTG-1,0,47,9,27401,5013
GCCAAGAATACTTCTG-1,0,46,10,26897,5307
CCGGCGTGAGACTCTG-1,0,47,11,27404,5594
TTCCCGGCGCCAATAG-1,0,46,12,26901,5888
AAACAGGGTCTATATT-1,0,47,13,27408,6175
ACAGTAATACAACTTG-1,0,46,14,26905,6469
CGAACGGCCGGACAAC-1,0,47,15,27412,6756
GCAACACACTAGAACT-1,0,46,16,26908,7050
ACTCCCATTCCTAAAG-1,0,47,17,27416,7337
ACCTGCGTGTCATGTT-1,0,46,18,26912,7631
TACTTTCCGCACGCCA-1,0,47,19,27419,7918
AGGTCAGGTGAGAGTG-1,0,46,20,26916,8212
TCCTCCTAAGACATTC-1,0,47,21,27423,8499
ATGTGAAAGCCTAATG-1,0,46,22,26920,8793
AGTCGGCTCAACTTTA-1,0,47,23,27427,9081
CGATCTGTTGGAGGAC-1,0,46,24,26923,9374
ACGGGAGTGTCGGCCC-1,1,47,25,27431,9662
TTAACTTCAGGTAGGA-1,1,46,26,26927,9955
CCACGGAGCCATAAGA-1,1,47,27,27434,10243
CTTCTATGTTGAAGTA-1,1,46,28,26931,10536
CACCGTTGCGCGATAT-1,1,47,29,27438,10824
TCTAGCAATCTCCGCC-1,1,46,30,26935,11118
AGTTTGGCCAGACCTA-1,1,47,31,27442,11405
TTGTAAGGACCTAAGT-1,1,46,32,26938,11699
AAATTTGCGGGTGTGG-1,1,47,33,27446,11986
AAGTTCGGCCAACAGG-1,1,46,34,26942,12280
CCGCTTACCTCACTCT-1,1,47,35,27449,12567
ATCACGTGCTAATTAA-1,1,46,36,26946,12861
GGTGAAGTACAGGGAT-1,1,47,37,27453,13148
GCTGTATTACTGGCCC-1,1,46,38,26950,13442
AACGGCCATCTCCGGT-1,1,47,39,27457,13729
TAAGTAACATCTTGAC-1,1,46,40,26953,14023
TTCTTGAGCCGCGCTA-1,1,47,41,27461,14310
AGTGCGTAGCTCGTAA-1,1,46,42,26957,14604
GGGATGGTCGTAACCG-1,1,47,43,27464,14891
GTCTGGGCGGTCGAGA-1,1,46,44,26961,15185
CGGAACGTAAACATAG-1,1,47,45,27468,15472
TGCGACACCCTAGTGC-1,1,46,46,26965,15766
CAAACGAGTATCGCAG-1,1,47,47,27472,16053
TCAGTAGGGACTATAA-1,1,46,48,26968,16347
GCGGTTCCCTATCATG-1,1,47,49,27476,16634
GTGACTTCAGTAGTGC-1,1,46,50,26972,16928
CGTCACGTCCATTGGT-1,1,47,51,27479,17215
ATAAGTTACCGCGACG-1,1,46,52,26976,17509
CTGAATCCGAGACCTC-1,1,47,53,27483,17796
TACGACGCTTGCTGCG-1,1,46,54,26980,18090
GAATTCACCCGGGTGT-1,1,47,55,27487,18377
GGGTGACACCTTAACT-1,1,46,56,26983,18671
TGAGTAAATTAGCGTA-1,1,47,57,27491,18959
GAGTCCGCTTACCGGA-1,1,46,58,26987,19252
GGCGCGTTCGAGTTTA-1,1,47,59,27494,19540
ATTCATATACTGTCCA-1,1,46,60,26991,19833
ATAAACGGACCCGTAA-1,1,47,61,27498,20121
GTCGTACCATCTCGGG-1,1,46,62,26995,20414
ATAATAGCTGTTGAAT-1,1,47,63,27502,20702
TTCCGCGTGAGGCGAT-1,1,46,64,26998,20995
TACCGGCTCACTGCCC-1,1,47,65,27506,21283
GTATCTTTCATAACCA-1,1,46,66,27002,21577
GTTACCTACAACTTGC-1,1,47,67,27509,21864
TGACTATAATCCTTTC-1,1,46,68,27006,22158
AAATACCTATAAGCAT-1,1,47,69,27513,22445
TTATTAGAGCGTGTTC-1,1,46,70,27010,22739
ATGTGGACATCTTGAT-1,1,47,71,27517,23026
GTACGCTTCATTGCAC-1,1,46,72,27013,23320
CACATATTAGCAGGAT-1,1,47,73,27521,23607
CAAGAGGGCGGAGTAC-1,1,46,74,27017,23901
TCGCAAAGATGCATTT-1,1,47,75,27524,24188
GTCGTTATTCGCTTAT-1,1,46,76,27021,24482
TCGTGTACTATGGATG-1,1,47,77,27528,24769
GCGGAGAGGGAGAACG-1,1,46,78,27025,25063
TCACAGGGAATCGCAA-1,1,47,79,27532,25350
GACTGCACCAGCCCAG-1,1,46,80,27028,25644
TCCGCTGTCATCCCGG-1,1,47,81,27536,25931
AGATACTCAAGATCGA-1,1,46,82,27032,26225
ACTGAATGGCGAAAGT-1,1,47,83,27539,26512
TCCTACATCCACGGCC-1,1,46,84,27036,26806
TTCAGCCCTGGTCCAC-1,1,47,85,27543,27093
TTAGAGTTTAGAAGGA-1,1,46,86,27040,27387
GGTTAGCTATATGTCT-1,1,47,87,27547,27674
CTGGTTTCGAGCAAGA-1,1,46,88,27043,27968
TGGGCCCATACTAATT-1,1,47,89,27551,28255
ACTTATTTATGTGCCA-1,1,46,90,27047,28549
TTAGTTATTCGTGGCA-1,1,47,91,27554,28836
AACCGCTAAGGGATGC-1,1,46,92,27051,29130
ATACGTCCACTCCTGT-1,1,47,93,27558,29418
CGACACGCTCCGACAG-1,1,46,94,27055,29711
TCTGAACTCGTACCCG-1,1,47,95,27562,29999
AGGATATAGGGATTTA-1,1,46,96,27058,30292
GTGATCACTAACGCCT-1,1,47,97,27566,30580
ACCGGGCCTTTGTTGA-1,1,46,98,27062,30873
TTGACAGGAGCTCCCG-1,1,47,99,27569,31161
CTCTTCTATTGACTGG-1,1,46,100,27066,31454
CGTGGCCGAATATCTA-1,0,47,101,27573,31742
GGTTTAGCCTTTCTTG-1,0,46,102,27070,32036
TCAAGGTTACTACACC-1,0,47,103,27577,32323
TTGACTATTGTCCGGC-1,0,46,104,27073,32617
CGGGAATATAGTATAC-1,0,47,105,27581,32904
GCAACAGCAGTATGCG-1,0,46,106,27077,33198
ATCAAACACTGTTCCA-1,0,47,107,27584,33485
TGGGCAATAGTTGGGT-1,0,46,108,27081,33779
TGAATGTCAGCCGGCC-1,0,47,109,27588,34066
CGGCTCTAAAGCTGCA-1,0,46,110,27085,34360
GGACACAAGTTTACAC-1,0,47,111,27592,34647
CCGAGAAGTCGCATAA-1,0,46,112,27088,34941
AACTACCCGTTTGTCA-1,0,47,113,27596,35228
GCACAAACGAGGCGTG-1,0,46,114,27092,35522
CACACAGCTTGCGCTC-1,0,47,115,27599,35809
GTGCTTACATCAGCGC-1,0,46,116,27096,36103
GCAAACGTCGCCAGGT-1,0,47,117,27603,36390
GAATAGCATTTAGGGT-1,0,46,118,27100,36684
TACTGTTTCTCTGGTA-1,0,47,119,27607,36971
TCCTATCATAGGTAAC-1,0,46,120,27103,37265
TTCGGTGGAGACGCCC-1,0,47,121,27611,37552
TGTTGCCGTCGTCCCA-1,0,46,122,27107,37846
CCAACTTGATAGATCC-1,0,47,123,27614,38133
CAAAGGTCATCTGAAA-1,0,46,124,27111,38427
CTAGCTTAATGGTCCC-1,0,47,125,27618,38714
AGGCCACATTGGTTAC-1,0,46,126,27115,39008
TTAGGATGGGAGGGTA-1,0,47,127,27622,39295
TATGACCTTGCGCTGG-1,0,48,0,27889,2395
ATATACATGTATGGTA-1,0,49,1,28397,2682
TGTGTGACCATGAATC-1,0,48,2,27893,2976
CCCACTCCACGGTATC-1,0,49,3,28400,3263
GGGCAGACGTCACTGC-1,0,48,4,27897,3557
TCAAAGAGCTATCTGT-1,0,49,5,28404,3845
AGATGCATCCTGTGTC-1,0,48,6,27901,4138
GTGAAGTCACGACTCG-1,0,49,7,28408,4426
TGATTCAGGTCCCGCG-1,0,48,8,27904,4719
CGCCACAGGTCGCGAT-1,0,49,9,28412,5007
TTGAATCGTTGTATAA-1,0,48,10,27908,5300
TGGCCAATTTGGTACT-1,0,49,11,28415,5588
CGACCCTTAACGCCGG-1,0,48,12,27912,5881
TCGGCGTACTGCACAA-1,0,49,13,28419,6169
GAGTAAGGCCACGGGA-1,0,48,14,27916,6463
ATCAGCTCGTCCACTA-1,0,49,15,28423,6750
AGGATCACGCGATCTG-1,0,48,16,27919,7044
AAATGGCCCGTGCCCT-1,0,49,17,28427,7331
CAGTACCAGTTTACGT-1,0,48,18,27923,7625
GGTCGTAAGCTCGCAC-1,0,49,19,28430,7912
CGTTCATGGTGCGCGT-1,0,48,20,27927,8206
GACTACAAAGCGGTGG-1,0,49,21,28434,8493
CAGCTGGCGTAACCGT-1,0,48,22,27931,8787
ACTCGTAACCCGTCCT-1,0,49,23,28438,9074
CATATGTCAGGCTACG-1,1,48,24,27934,9368
GCCCGACTTCTTCCCG-1,1,49,25,28442,9655
CTGGCATCCGAATGAG-1,1,48,26,27938,9949
AAGTGCGTTAGAATCT-1,1,49,27,28445,10236
AGAAGTGATTCGTGAT-1,1,48,28,27942,10530
TACCTTAAGATTTCCC-1,1,49,29,28449,10817
AATGACAGCAATGTCT-1,1,48,30,27946,11111
TCAACGCAGGAAATAA-1,1,49,31,28453,11398
TATTCCTCCGCCCACT-1,1,48,32,27949,11692
ATCAAACGAAGGTTTG-1,1,49,33,28457,11979
TTGATTAGCTGTTTCT-1,1,48,34,27953,12273
CTGCTGAGGCCACGAA-1,1,49,35,28460,12560
CCGTGTTAAATTCCAT-1,1,48,36,27957,12854
CACGTCGGCAACCTCT-1,1,49,37,28464,13141
GTATTCTGAGAAACGA-1,1,48,38,27961,13435
CGGTGCGCGTTGGTCC-1,1,49,39,28468,13722
GTGATTCGCCGCTCAA-1,1,48,40,27964,14016
GCCCGCGCGTAAACGG-1,1,49,41,28472,14304
AACGTACTGTGGGTAC-1,1,48,42,27968,14597
GAGTATGCCCGCCTTG-1,1,49,43,28475,14885
TGATTCTGTCGCCGGT-1,1,48,44,27972,15178
GGGCGGCAAATGAATT-1,1,49,45,28479,15466
TTCCAATCTGGCTATC-1,1,48,46,27976,15759
GGAACCGTGTAAATTG-1,1,49,47,28483,16047
TTGGTCACACTCGTAA-1,1,48,48,27979,16340
CGAACCCGCATGCGTC-1,1,49,49,28487,16628
GGGCGTCACCACGTAA-1,1,48,50,27983,16922
TACCAGAAGTAGGTTC-1,1,49,51,28490,17209
TTGGATATCGTCTACG-1,1,48,52,27987,17503
TAGATATGGACTGGAA-1,1,49,53,28494,17790
GCGACGATAGTTGTAC-1,1,48,54,27991,18084
CTGGATTTACACTTGA-1,1,49,55,28498,18371
GTTATATTATCTCCCT-1,1,48,56,27994,18665
TATTCCACTCAGCTCG-1,1,49,57,28502,18952
CTGTTACCCAATCTAG-1,1,48,58,27998,19246
ACGCGAAGTCAGACGA-1,1,49,59,28505,19533
GATAGGTAACGTTGAC-1,1,48,60,28002,19827
TGTTCGTATTGCGGTG-1,1,49,61,28509,20114
GGTCAGTGGGTCCCAC-1,1,48,62,28006,20408
AATTCTAGAGTTAGGC-1,1,49,63,28513,20695
GTTTACGTTCCATCTG-1,1,48,64,28009,20989
AGACCCACCGCTGATC-1,1,49,65,28517,21276
TCTAGCATGCCCAGAA-1,1,48,66,28013,21570
CCCGCAGCGCGAACTA-1,1,49,67,28520,21857
CTCTATTTGGCTGCAG-1,1,48,68,28017,22151
TTCTGCCGCGCCTAGA-1,1,49,69,28524,22438
ACTCCCTAGAATAGTA-1,1,48,70,28021,22732
CCGAACCTTCCCGGCC-1,1,49,71,28528,23019
TCAGACGCTATAGAAG-1,1,48,72,28024,23313
CAGGCGCCATGCTAGG-1,1,49,73,28532,23600
CACTCGAGCTGAACAA-1,1,48,74,28028,23894
ACAAGGAAATCCGCCC-1,1,49,75,28535,24181
ACCACGTGCAGCTATA-1,1,48,76,28032,24475
ACGGCGACGATGGGAA-1,1,49,77,28539,24763
TTACTAAAGGACTTTA-1,1,48,78,28036,25056
GGCTGAAATAGCAAAG-1,1,49,79,28543,25344
TTAGACGAGTCACCTC-1,1,48,80,28039,25637
GTAGTCGCGGGAATCA-1,1,49,81,28547,25925
GCAAACCCTACATTAT-1,1,48,82,28043,26218
GTTAAAGTAGGACTGG-1,1,49,83,28550,26506
ACCCTCCCTTGCTATT-1,1,48,84,28047,26799
CATGTCTCATTTATGG-1,1,49,85,28554,27087
AATAGAATCTGTTTCA-1,1,48,86,28051,27381
TCTCATGAGATAGGGT-1,1,49,87,28558,27668
ATGACTATGCGACATT-1,1,48,88,28054,27962
CCTAACCCAAACAAGT-1,1,49,89,28562,28249
AGTCAAGATGACACTT-1,1,48,90,28058,28543
CGGGAGCTTCAGTGTA-1,1,49,91,28565,28830
CCACAGTACCCATCCT-1,1,48,92,28062,29124
GAGCGCGCACGAGTAG-1,1,49,93,28569,29411
ACCAGTGCGGGAGACG-1,1,48,94,28066,29705
TCCTTACGACGGTCCG-1,1,49,95,28573,29992
TAGTCGATCACGGGTT-1,1,48,96,28069,30286
AGACGAAGTGCCGGTC-1,1,49,97,28577,30573
CGCTGGTGACTACCCT-1,1,48,98,28073,30867
AGGCATTGTCGTAGGG-1,0,49,99,28580,31154
TGGTAGAATATATGGG-1,0,48,100,28077,31448
TTCTTATCCGCTGGGT-1,0,49,101,28584,31735
AGTTTGGCACGGGTTG-1,0,48,102,28081,32029
GCATCGGCCGTGTAGG-1,0,49,103,28588,32316
ATGCGAGTCCCACCAC-1,0,48,104,28084,32610
TCGGCGAACCCAAACC-1,0,49,105,28592,32897
AGAGTAAACTTCACTA-1,0,48,106,28088,33191
AAGCCGAAGCGGTTTA-1,0,49,107,28596,33478
CCCGAGTTTCTCCGTA-1,0,48,108,28092,33772
AATATCGAATCAATGC-1,0,49,109,28599,34059
GCGCCTCCCACTCCGA-1,0,48,110,28096,34353
CGTTAAACTAGTTAGG-1,0,49,111,28603,34640
TGAGTTAAAGACATTC-1,0,48,112,28099,34934
AACAGGTAGTATGGAT-1,0,49,113,28607,35222
GAACGCGGGTCACACG-1,0,48,114,28103,35515
TGTTTGAGATCGTCAG-1,0,49,115,28611,35803
ATCTCGTGAGCGAAAC-1,0,48,116,28107,36096
CTGAGAAAGTTCGGCG-1,0,49,117,28614,36384
ATTACCACACTGCCTG-1,0,48,118,28111,36677
CTGCTGTCTAACGAGC-1,0,49,119,28618,36965
CGTGGAAGCCTCGTAC-1,0,48,120,28114,37258
GGACTCACAAATTAGG-1,0,49,121,28622,37546
CTTTGCTGTCATGGAT-1,0,48,122,28118,37840
GGTGTTGGGCGTCTTA-1,0,49,123,28626,38127
TACCATGTATTGATTT-1,0,48,124,28122,38421
GGTCTCCAAGTAGTGC-1,0,49,125,28629,38708
ATCCTTCTGAAAGAAC-1,0,48,126,28126,39002
CCGGAAGTTATCAGTC-1,0,49,127,28633,39289
TTAGAGGGATATACAG-1,0,50,0,28900,2389
TTGTACACCTCGAACA-1,0,51,1,29408,2676
GTGGGTACTGAGCGTA-1,0,50,2,28904,2970
CTTAAGCAGCGAGCCG-1,0,51,3,29411,3257
GCATTGACTTGCGGAA-1,0,50,4,28908,3551
CCATAACCTGTGCAGT-1,0,51,5,29415,3838
GGGCTACTATTTCGTG-1,0,50,6,28912,4132
GGCGAGCGAAACGGCA-1,0,51,7,29419,4419
GGAGACCATCTACATA-1,0,50,8,28915,4713
AGACCAAACCACACCT-1,0,51,9,29423,5000
CGACGCATCCGTACCT-1,0,50,10,28919,5294
CCTAGGTAAAGGTAGC-1,0,51,11,29426,5581
AGCGGCGGTTAGCGGT-1,0,50,12,28923,5875
CTGGACGCAGTCCGGC-1,0,51,13,29430,6162
AGCCTAATACCCACGT-1,0,50,14,28927,6456
AATCTGGCTTTCTAGT-1,0,51,15,29434,6743
CACCCTTGGTGAGACC-1,0,50,16,28930,7037
GGATCTTGACTCAACC-1,0,51,17,29438,7324
ACGAGGATACCACTCT-1,0,50,18,28934,7618
GAGTTGATGGCAATTT-1,0,51,19,29441,7905
GTGGCAAACAGCGGCA-1,0,50,20,28938,8199
GATGTAACGAACCACC-1,0,51,21,29445,8486
AGCCGTGGCTAAATGT-1,0,50,22,28942,8780
CTCCCTCCTTTCGATC-1,1,51,23,29449,9067
TTGGAAGAATACAGTC-1,1,50,24,28945,9361
AGTTAAGTCAACCGCT-1,1,51,25,29453,9649
CTCATGGTAATTTGCG-1,1,50,26,28949,9942
AAAGTAGCATTGCTCA-1,1,51,27,29456,10230
TTGTGGTAGGAGGGAT-1,1,50,28,28953,10523
AGTCGTGGGCATTACG-1,1,51,29,29460,10811
ACCTAAGTACCTTTCA-1,1,50,30,28957,11104
GTAGAGGGAGACAAGT-1,1,51,31,29464,11392
GATCCTCGACACTGGC-1,1,50,32,28960,11686
CCTACATTCACAGACG-1,1,51,33,29468,11973
TTGACCGTGTTAATGA-1,1,50,34,28964,12267
TCTGTTACCCAGCATA-1,1,51,35,29472,12554
CTAACTGGTCCGGTTC-1,1,50,36,28968,12848
AGCGACAGGAACGGTC-1,1,51,37,29475,13135
TAATAGAACAGAGTTA-1,1,50,38,28972,13429
ACAGGTGGAGGTGAGG-1,1,51,39,29479,13716
TGCGAGAATATTACCC-1,1,50,40,28975,14010
TTGCGTCGGCCAACCG-1,1,51,41,29483,14297
AGGCTTCCCGAAGAAG-1,1,50,42,28979,14591
GCGGACCGCGTTGTGG-1,1,51,43,29487,14878
GTAATCTGATTCTTCG-1,1,50,44,28983,15172
CCGCGGAATGCGTCAC-1,1,51,45,29490,15459
TTCCACACAGATTTGA-1,1,50,46,28987,15753
CTTCTATTAATGCTAG-1,1,51,47,29494,16040
CATTTGAGTGGTACGT-1,1,50,48,28990,16334
TCACAGCAAACTCGAA-1,1,51,49,29498,16621
CAGACGAACCTGATAC-1,1,50,50,28994,16915
TAGCTAGAAGGCATGA-1,1,51,51,29502,17202
ATCCAGAGCAACAACC-1,1,50,52,28998,17496
TCCGGTTCGTCCGGTC-1,1,51,53,29505,17783
CGCGCATGTTTGATTG-1,1,50,54,29002,18077
TGGCGATCAAGTTATG-1,1,51,55,29509,18364
CCCTTTGACAGGTCTT-1,1,50,56,29005,18658
CAGAGACGGTCACCCA-1,1,51,57,29513,18945
TAGCTCGCCTGATAAC-1,1,50,58,29009,19239
TTGTGTTTCCCGAAAG-1,1,51,59,29517,19527
TATACACAGACGCCTT-1,1,50,60,29013,19820
ACATTAGTTTATATCC-1,1,51,61,29520,20108
CCATCGCAGTTAAACT-1,1,50,62,29017,20401
AATTAGCGCTGCAGCG-1,1,51,63,29524,20689
TCCGCTTATCCCATTA-1,1,50,64,29020,20982
GTTTGGGCTTGTGAGC-1,1,51,65,29528,21270
CTTGTCAACATTCGAG-1,1,50,66,29024,21563
GGACCAACAGGATAAC-1,1,51,67,29532,21851
AAGCTAGATCGAGTAA-1,1,50,68,29028,22145
TACCGTGCCTCGGACC-1,1,51,69,29535,22432
GTAGCCAAACATGGGA-1,1,50,70,29032,22726
TGCCAGTACGTGGAGA-1,1,51,71,29539,23013
ATAAGGTGGAGAACAT-1,1,50,72,29035,23307
CTTTAATATTGGTCGA-1,1,51,73,29543,23594
TGGTTCAACGGGTAAT-1,1,50,74,29039,23888
GCTGCTACTGCGTAGC-1,1,51,75,29547,24175
CTGCACAACTACATAT-1,1,50,76,29043,24469
ATATTCCACATAGTGA-1,1,51,77,29550,24756
TGGCAAACTAAATTAC-1,1,50,78,29047,25050
ACCGCAATAACTGCCT-1,1,51,79,29554,25337
TCGCACCAGGAGGCAG-1,1,50,80,29050,25631
ACTTCAGGCTGATCCC-1,1,51,81,29558,25918
ACAAATCGCACCGAAT-1,1,50,82,29054,26212
TCTGATGTATTCTGTC-1,1,51,83,29562,26499
CTTTACCGAATAGTAG-1,1,50,84,29058,26793
GCAGATCCATAAGACT-1,1,51,85,29565,27080
TTCCTCGGACTAACCA-1,1,50,86,29062,27374
TTATCCGGGATCTATA-1,1,51,87,29569,27661
CTGGAAGACACGGTGG-1,1,50,88,29065,27955
GTTCGTCTAAAGAACT-1,1,51,89,29573,28242
GTCTATTGGTTCCGGT-1,1,50,90,29069,28536
CTAGGCGCCCTATCAG-1,1,51,91,29577,28823
AACGGACGTACGTATA-1,1,50,92,29073,29117
AACACACGCTCGCCGC-1,1,51,93,29580,29404
GCTACTATAGTAGAGT-1,1,50,94,29077,29698
AGCATATCAATATGCT-1,1,51,95,29584,29986
CGAACAGTATGGGCGT-1,1,50,96,29080,30279
ACAATTGTGTCTCTTT-1,1,51,97,29588,30567
GATCGCTACCCGATTT-1,1,50,98,29084,30860
ATTGCGATCAGTAACT-1,0,51,99,29592,31148
CAGCAGTCCAGACTAT-1,0,50,100,29088,31441
AGAGGCTTCGGAAACC-1,0,51,101,29595,31729
AAACAAGTATCTCCCA-1,0,50,102,29092,32022
GGCAGCAAACCTATGC-1,0,51,103,29599,32310
ACTAGTTGCGATCGTC-1,0,50,104,29095,32604
TTGGACCATCTGGCAA-1,0,51,105,29603,32891
CCCTCCTCGCTCGTAT-1,0,50,106,29099,33185
GAGCGCAAATACTCCG-1,0,51,107,29607,33472
ATTACATGTCAGTCTT-1,0,50,108,29103,33766
TTGGGACGTAAGAGTT-1,0,51,109,29610,34053
CTTCGGCCAATTGTTT-1,0,50,110,29107,34347
AGACCGCTCCGCGGTT-1,0,51,111,29614,34634
GACCGCGTCTGACGTG-1,0,50,112,29110,34928
CCAAATAACAAGATTC-1,0,51,113,29618,35215
TCTTTAGAGTCTAACA-1,0,50,114,29114,35509
CTCCCAATGAGTCGCG-1,0,51,115,29622,35796
TAGTCTTTCCGAATTG-1,0,50,116,29118,36090
GAGTAAACCGGAAAGT-1,0,51,117,29625,36377
GATCTCGACGCTGTGG-1,0,50,118,29122,36671
CTGACATAGAAATAGA-1,0,51,119,29629,36958
TATACCGAGTGCCACA-1,0,50,120,29125,37252
TCCGAACGTTGCCGCT-1,0,51,121,29633,37539
GCAGAAGGTAATCTCC-1,0,50,122,29129,37833
GGTACTAAGTGCTTTG-1,0,51,123,29637,38120
CAGAATATTCGTTATC-1,0,50,124,29133,38414
TAATCAACCAAATGGG-1,0,51,125,29640,38701
TCTGCTTAGAACAAGC-1,0,50,126,29137,38995
AACTGAGTTATACTGA-1,0,51,127,29644,39282
CCTCAACGATCGCTGT-1,0,52,0,29911,2382
CGGTACGGCAAACCCA-1,0,53,1,30419,2669
CAGATGTTTGTCCCAA-1,0,52,2,29915,2963
GTTTGTTAGCCAAGTA-1,0,53,3,30423,3250
ACGTGACAAAGTAAGT-1,0,52,4,29919,3544
TTGTCACCGCGGTATC-1,0,53,5,30426,3831
GATCTAACCGTATTCA-1,0,52,6,29923,4125
ATGGAAATTTAAGGAG-1,0,53,7,30430,4413
ATTGATCACCACATTT-1,0,52,8,29926,4706
ACTGCTCGGAAGGATG-1,0,53,9,30434,4994
TCTAAAGAACAGTCTC-1,0,52,10,29930,5287
CTGGGTTGAGTTAAAG-1,0,53,11,30438,5575
CCCAGTAAACTTGGGA-1,0,52,12,29934,5868
AGATTCACAACCGATA-1,0,53,13,30441,6156
AGAAGGTACACTTCAC-1,0,52,14,29938,6449
GCAGGAACTTAGATCT-1,0,53,15,30445,6737
AATCTAGGTTTACTTG-1,0,52,16,29941,7031
CCCGGTGTATCGGAAT-1,0,53,17,30449,7318
TTATCCTCAAGGAATA-1,0,52,18,29945,7612
AGCATCATTTCGAAAG-1,0,53,19,30453,7899
CGCGAGTCTGCCGGGT-1,0,52,20,29949,8193
TGCGTCATGACTGAGC-1,0,53,21,30456,8480
GTATGAAATTTCACTC-1,0,52,22,29953,8774
TTGGTTGCGGTGCGCG-1,1,53,23,30460,9061
ACAGAACTGAGAACAA-1,1,52,24,29956,9355
CTACTATCATAGGTTT-1,1,53,25,30464,9642
CCTCTATCGATTAGCA-1,1,52,26,29960,9936
CCGTATCTCGTCGTAG-1,1,53,27,30468,10223
TCACGATGTCCGTGGA-1,1,52,28,29964,10517
TCAACAAAGATAATTC-1,1,53,29,30471,10804
ATGACGCGTTCTATCC-1,1,52,30,29968,11098
ATTTGCGCGAGTAGCT-1,1,53,31,30475,11385
TTCTTGGACGATCTGC-1,1,52,32,29971,11679
AGACGACGATGCCGCT-1,1,53,33,30479,11966
GGTCTCTGAATGGACT-1,1,52,34,29975,12260
GCTCAATCCGTTTATT-1,1,53,35,30483,12547
CCAGAAAGCAACTCAT-1,1,52,36,29979,12841
CACCGTTAGGGATCAC-1,1,53,37,30486,13128
AATAACACTAGAACAA-1,1,52,38,29983,13422
CACCCGGTTTGTGACT-1,1,53,39,30490,13709
CCACCAACTTTACTGT-1,1,52,40,29986,14003
AACTCTCAGTGTGCTC-1,1,53,41,30494,14290
AAACCGTTCGTCCAGG-1,1,52,42,29990,14584
CAGCGATTCCCTTCAA-1,1,53,43,30498,14872
GCTAGCTTGAATAGCT-1,1,52,44,29994,15165
TTGCGGCATCAGAAAG-1,1,53,45,30501,15453
AATAGAACAGAGTGGC-1,1,52,46,29998,15746
GCCATCGAGCTGCGTG-1,1,53,47,30505,16034
ACACTGATCAAGGTGT-1,1,52,48,30001,16327
ACCAACGCTTATTTAT-1,1,53,49,30509,16615
GACATCGATTTATAAC-1,1,52,50,30005,16908
CAGACACCGATCGCTG-1,1,53,51,30513,17196
CCAAGAAAGTGGGCGA-1,1,52,52,30009,17490
GGTAGACCGTTGGGCG-1,1,53,53,30516,17777
TCGTTAGGAGTCCCTA-1,1,52,54,30013,18071
ACGGCCAACATGGACT-1,1,53,55,30520,18358
GTGAGTGGTACAACGC-1,1,52,56,30016,18652
GAGACTTCGCGACCGA-1,1,53,57,30524,18939
GAAGTCAGTTGCACTA-1,1,52,58,30020,19233
GTTTGGTAGGGTCAAC-1,1,53,59,30528,19520
ACGGCACTTGCTTGGG-1,1,52,60,30024,19814
CCTCTGTACTATTCTA-1,1,53,61,30531,20101
CTATTCATGTGTCCCA-1,1,52,62,30028,20395
GCCCGATCTGTGGTCG-1,1,53,63,30535,20682
TTAGAAGAACATGACT-1,1,52,64,30031,20976
AGGATAAAGTCGGGAT-1,1,53,65,30539,21263
CGGCAAACATCGTGCG-1,1,52,66,30035,21557
CTAGTTACAACCCGGT-1,1,53,67,30543,21844
TTCGACAGAGCCCGTG-1,1,52,68,30039,22138
AAGCATACTCTCCTGA-1,1,53,69,30546,22425
GACGACGATCCGCGTT-1,1,52,70,30043,22719
GGTAGAAGACCGCCTG-1,1,53,71,30550,23006
GAGATGGGAGTCGACA-1,1,52,72,30046,23300
AACGATAATGCCGTAG-1,1,53,73,30554,23587
TGGTCCCACGCTACGG-1,1,52,74,30050,23881
CTGCTTGGCGATAGCT-1,1,53,75,30558,24168
ATCGGAGACAGACGGC-1,1,52,76,30054,24462
TAGCGTCCGGTGTGGT-1,1,53,77,30561,24749
GTTGAGTCCCGCCGGT-1,1,52,78,30058,25043
AAATAGGGTGCTATTG-1,1,53,79,30565,25331
AAGTGTTTGGAGACGG-1,1,52,80,30061,25624
AGCACTACCTCACCAG-1,1,53,81,30569,25912
TGCCTTGGCCAGGCAA-1,1,52,82,30065,26205
TCGTCTTAGGCGTTAA-1,1,53,83,30573,26493
TTCTGACCGGGCTCAA-1,1,52,84,30069,26786
CAGAACTTAGCCCTCT-1,1,53,85,30576,27074
AGCTCCTTCGCACATC-1,1,52,86,30073,27367
ACAGGCTTGCCCGACT-1,1,53,87,30580,27655
GCTATACGTCTCGGAC-1,1,52,88,30076,27949
GAGCCAGCTACCTGTG-1,1,53,89,30584,28236
TGCTAAGTGTCTATTT-1,1,52,90,30080,28530
GTCCTACGAATAGTCT-1,1,53,91,30588,28817
CAGTGTCGGCTGGCCC-1,1,52,92,30084,29111
CTATCGACGAAATACA-1,1,53,93,30591,29398
CATCATTACCCTGAGG-1,1,52,94,30088,29692
TAAGTTGCGACGTAGG-1,1,53,95,30595,29979
AGTGCACGCTTAAGAA-1,1,52,96,30091,30273
TGTGCCGGTGCCGGAA-1,1,53,97,30599,30560
AGGAGGCCTTCGCGCG-1,0,52,98,30095,30854
TCCGCGGCCCAATGAA-1,0,53,99,30603,31141
TCCGTTAAGCTAATAT-1,0,52,100,30099,31435
AAATCTAGCCCTGCTA-1,0,53,101,30606,31722
CGCAGGCGATCCAAAC-1,0,52,102,30103,32016
CCATATGGAAACTATA-1,0,53,103,30610,32303
CACCGTATCCCATCCG-1,0,52,104,30106,32597
GGTCAAGACTACTTCG-1,0,53,105,30614,32884
CCCGTTTCGCAGATGT-1,0,52,106,30110,33178
GTTATAATACGGTGAA-1,0,53,107,30618,33465
ACTTGTGGATGGAACG-1,0,52,108,30114,33759
GTTCGCTGAGACGTCT-1,0,53,109,30621,34046
GACACTGGAACCCGAT-1,0,52,110,30118,34340
CCCAGGTCTGAAGGCT-1,0,53,111,30625,34627
TCTCGAGGAGGTTCGC-1,0,52,112,30121,34921
ACTATCTGCCCGCGTA-1,0,53,113,30629,35208
CCTAAATTGTATCCTA-1,0,52,114,30125,35502
AGAAATTATGACTCGC-1,0,53,115,30633,35790
TCCAGCGCTATAAGCG-1,0,52,116,30129,36083
TCGTGTATTGGTCACG-1,0,53,117,30636,36371
CCACATACTGCACCCA-1,0,52,118,30133,36664
GTTGCGGACGGTCAGG-1,0,53,119,30640,36952
GTATTTAATGGCATAA-1,0,52,120,30136,37245
GTCGATAGGTGACTTT-1,0,53,121,30644,37533
AATAATCTTCGTATCG-1,0,52,122,30140,37827
ATTGTTCAACGATCCG-1,0,53,123,30648,38114
GTGCAGCGTAGAGTAG-1,0,52,124,30144,38408
TGTGGTAGGGTGCCTT-1,0,53,125,30651,38695
TGTGGACTATCTACGT-1,0,52,126,30148,38989
GGCGGGCTCTAAGAGT-1,0,53,127,30655,39276
TGTGCCAGAGGCAAAG-1,0,54,0,30922,2376
TGGCTTATGTATAATG-1,0,55,1,31430,2663
GCAAGCTGGAAACCGC-1,0,54,2,30926,2957
GATATCAAGCAGGAGC-1,0,55,3,31434,3244
CACCAATCATCCGTCT-1,0,54,4,30930,3538
CCACATGGCTCTTTAT-1,0,55,5,31437,3825
GTCCTACTCTACGGGC-1,0,54,6,30934,4119
CTCGAGACATACGATA-1,0,55,7,31441,4406
TATCAGTGGCGTAGTC-1,0,54,8,30937,4700
TGACAGGACAAGTCCA-1,0,55,9,31445,4987
TATTAACACCAAAGCA-1,0,54,10,30941,5281
TAGGCGATGAGGTCTC-1,0,55,11,31449,5568
CCGCCGGAACTTCTCG-1,0,54,12,30945,5862
GCCATTAGCCTCAAAC-1,0,55,13,31452,6149
GTTAGGCTACCCGTTT-1,0,54,14,30949,6443
GGGTATTCTAGCAAAC-1,0,55,15,31456,6730
GCCCTAGCCGTCGCGA-1,0,54,16,30952,7024
CAGATCCTGGTTTGAA-1,0,55,17,31460,7311
CTTCAGTGGTCGCCTA-1,0,54,18,30956,7605
GGGCAACCGCACGTGC-1,0,55,19,31464,7892
GACCCAATTATGATAC-1,0,54,20,30960,8186
GAAGCTCGGACCCGTC-1,0,55,21,31467,8473
CGTCGGGTCTAAGCGC-1,0,54,22,30964,8767
GAGGCCCGACTCCGCA-1,1,55,23,31471,9054
TTGCCATAGCCCGCTC-1,1,54,24,30967,9348
TAACATACACGCGATC-1,1,55,25,31475,9636
CCGACGGGCATGAGGT-1,1,54,26,30971,9929
AATGTGCCCGAGGTGT-1,1,55,27,31479,10217
AGCTGTAACCTCAATC-1,1,54,28,30975,10510
CGAGTGAAGGTACCAG-1,1,55,29,31482,10798
AGTCTCACAAGACTAC-1,1,54,30,30979,11091
AAATTGATAGTCCTTT-1,1,55,31,31486,11379
TAAGTCGCCGAGTATC-1,1,54,32,30982,11672
GCGGAGAAACTTCGCA-1,1,55,33,31490,11960
GGCAAAGGCGCCAATA-1,1,54,34,30986,12254
ATTTCCGGGTTCTGCG-1,1,55,35,31494,12541
TAAACCCAGGAGGGCA-1,1,54,36,30990,12835
TTCGGGCGCTAGTCTT-1,1,55,37,31497,13122
GTGGAGTCGGCGGTTG-1,1,54,38,30994,13416
GCACGCCTACTTAGAT-1,1,55,39,31501,13703
CAATATTCTTGACCTA-1,1,54,40,30997,13997
CGTTTGTGTAGAGGGT-1,1,55,41,31505,14284
CATAGCGTTGCCCACC-1,1,54,42,31001,14578
TGATACATTTAGCCGT-1,1,55,43,31509,14865
TTCCGGCCTTGAGGCT-1,1,54,44,31005,15159
CCTATACCGTCCTGTC-1,1,55,45,31512,15446
TCGTTGCTATCCGGTC-1,1,54,46,31009,15740
TGGCGACTGCTCCAAA-1,1,55,47,31516,16027
CAGAGGCGATGCATGA-1,1,54,48,31012,16321
TCACAGGAGAATAAGA-1,1,55,49,31520,16608
GGGTTAACATTTGAGT-1,1,54,50,31016,16902
GCGGGCGAGCCTTACC-1,1,55,51,31524,17189
TGCCAATGGGTACTCT-1,1,54,52,31020,17483
AGGGACTCTACGCGAC-1,1,55,53,31527,17770
GACGCCGTAAAGGCTA-1,1,54,54,31024,18064
AAAGGCTCTCGCGCCG-1,1,55,55,31531,18351
CTGGCTGGTTGTCAGT-1,1,54,56,31027,18645
ACATCCCGGCCATACG-1,1,55,57,31535,18932
CTCTTGTCCCGCTTGG-1,1,54,58,31031,19226
TACGCCTCCATTCCGA-1,1,55,59,31539,19513
CGGAGCAATTTAATCG-1,1,54,60,31035,19807
AACTAGGCTTGGGTGT-1,1,55,61,31542,20095
GCGTCGCCAGGGTGAT-1,1,54,62,31039,20388
GTTGGTCATGCTATCC-1,1,55,63,31546,20676
GCTGGCGGCGCATGCT-1,1,54,64,31042,20969
TGAGCGGAAAGTGTTC-1,1,55,65,31550,21257
CTTTCTGTGCGGGCTT-1,1,54,66,31046,21550
ATCTAATATCCTACGG-1,1,55,67,31554,21838
AACCTTTAAATACGGT-1,1,54,68,31050,22131
TTCACTCGAGCACCTA-1,1,55,69,31557,22419
CTGCACTCCAGTACAG-1,1,54,70,31054,22713
CCATTTCTACCTATTA-1,1,55,71,31561,23000
CAAGCGGCACATAATT-1,1,54,72,31057,23294
GTTAACATCACTTAAA-1,1,55,73,31565,23581
ATATAAATGTAGCTGC-1,1,54,74,31061,23875
GCCTCTATACATAGCA-1,1,55,75,31569,24162
GTGTCGTATAGCGTTC-1,1,54,76,31065,24456
ATACGTACTTAGCCAC-1,1,55,77,31572,24743
GCTATCATACTCATGG-1,1,54,78,31069,25037
TATCCAATTGGTTATC-1,1,55,79,31576,25324
TCTCCCTGGGCAGCGT-1,1,54,80,31072,25618
CCTATAATGAGTGCCC-1,1,55,81,31580,25905
CAATGCGAGAAGTATC-1,1,54,82,31076,26199
TACCAATAAAGTACCA-1,1,55,83,31584,26486
GCTAGGCACCACGGAG-1,1,54,84,31080,26780
GGTGGACTGCTCTGGC-1,1,55,85,31587,27067
TATTCCGAGCTGTTAT-1,1,54,86,31084,27361
TTGAGAAGTTTAGCAT-1,1,55,87,31591,27648
GTCCGGACCTGAAATT-1,1,54,88,31087,27942
CTGTGGTCGGGAGATA-1,1,55,89,31595,28229
CATGTAAGAGACATTT-1,1,54,90,31091,28523
CACGTTTCGTACACAC-1,1,55,91,31599,28810
CATCCTCTCAAAGATC-1,1,54,92,31095,29104
GATTAACCGAAAGCCC-1,1,55,93,31602,29391
AACGCTGTTGCTGAAA-1,1,54,94,31099,29685
TTCAGCTGGCGTGCCC-1,1,55,95,31606,29972
TAGAGGTTCTACTTGT-1,1,54,96,31102,30266
GTATCAAACGTTAGCT-1,0,55,97,31610,30554
AATCATGTAAAGACTC-1,0,54,98,31106,30847
AGTCACTAGCTCTCGA-1,0,55,99,31614,31135
GCGAAACGATCGGGAG-1,0,54,100,31110,31428
CATGGATTGTCTTCCG-1,0,55,101,31617,31716
ATTGGATTACAGCGTA-1,0,54,102,31114,32009
CACACACGCTAACGAG-1,0,55,103,31621,32297
CTATGGGAAGCGGAAT-1,0,54,104,31117,32590
TGCCTAATTGAAGATT-1,0,55,105,31625,32878
TGGCAATGGGACGGCG-1,0,54,106,31121,33172
ACCTCCGCCCTCGCTG-1,0,55,107,31629,33459
CGGCAATAAGATCGCC-1,0,54,108,31125,33753
CCTTGACCACTTTATT-1,0,55,109,31632,34040
TCATTTAGAAGTGTGA-1,0,54,110,31129,34334
CAGAATAACACACGGA-1,0,55,111,31636,34621
TCTGAGCAATTGACTG-1,0,54,112,31132,34915
CAACGTGGTGGAGTCT-1,0,55,113,31640,35202
CACAGTTCGCTTCCCA-1,0,54,114,31136,35496
TCTCTCGCCGCACATA-1,0,55,115,31644,35783
TGGGCAGGCCACCGCA-1,0,54,116,31140,36077
CTCCTGTTCAAGGCAG-1,0,55,117,31647,36364
TATTTGATTTGCACAG-1,0,54,118,31144,36658
GCCACTCCTTACGGTA-1,0,55,119,31651,36945
ACCGATATTTAATCAT-1,0,54,120,31147,37239
TTATTATCTGGAAGGC-1,0,55,121,31655,37526
TACATGCCGGAATTGT-1,0,54,122,31151,37820
GGCACTCAGCCGACCC-1,0,55,123,31659,38107
AAACCGGAAATGTTAA-1,0,54,124,31155,38401
AGACAGGCATCTCAGC-1,0,55,125,31662,38688
GTGGTGATGGTTTGTG-1,0,54,126,31159,38982
CCGATATGACGTAAGG-1,0,55,127,31666,39269
CATACACAAAGTCAGC-1,0,56,0,31933,2369
TGCCGTTCTTAATCGG-1,0,57,1,32441,2656
TCGAGTCTACGATTCG-1,0,56,2,31937,2950
ACTTCCAGTGGAAGCT-1,0,57,3,32445,3237
CAATTGGGCCGCACTC-1,0,56,4,31941,3531
AAATCGCGGAAGGAGT-1,0,57,5,32448,3818
ATATCAATTCCAGCCT-1,0,56,6,31945,4112
CTTTGTCGAATGCTCC-1,0,57,7,32452,4399
TGAGGCATGTACTGTG-1,0,56,8,31948,4693
TTCGCCGCTCGCGCTA-1,0,57,9,32456,4981
GACTCCTTCCAATTGA-1,0,56,10,31952,5274
ACCGAAGAGTCTGGTT-1,0,57,11,32460,5562
TGGCATGAAGTTTGGG-1,0,56,12,31956,5855
ACGAGGTTTACAACGT-1,0,57,13,32463,6143
AACCCATCCCATGATC-1,0,56,14,31960,6436
TCGACAACTGAACCCG-1,0,57,15,32467,6724
TATCTTGCAATACAAC-1,0,56,16,31963,7017
TATTATGTTTGCCTGC-1,0,57,17,32471,7305
GTCAAAGAAGTGGTGT-1,0,56,18,31967,7599
GGGACAGAGTTACTCC-1,0,57,19,32475,7886
AGCAACCGAAAGTAAT-1,0,56,20,31971,8180
CTCTCTAACTGCCTAG-1,0,57,21,32478,8467
ATACGGAACGTCGTTT-1,0,56,22,31975,8761
TCGGTCCCGACAATAG-1,0,57,23,32482,9048
CGCGCAAATGTCCAGA-1,1,56,24,31978,9342
TCTAATACTGCCTCAG-1,1,57,25,32486,9629
CTCGGTTGTCGGCCCT-1,1,56,26,31982,9923
GGTAACCGGGAGGATA-1,1,57,27,32490,10210
CAGGCGCACGGTGGTC-1,1,56,28,31986,10504
TCATCGATGGTCCCAA-1,1,57,29,32493,10791
CAAAGATTATTGGGCC-1,1,56,30,31990,11085
ACAATGAATACGGAGA-1,1,57,31,32497,11372
GCTCCTGACATACTGG-1,1,56,32,31993,11666
GATGACAAGTAGGGCA-1,1,57,33,32501,11953
TACGCCGAGGGTACCC-1,1,56,34,31997,12247
AAGCGTCCCTCATCGA-1,1,57,35,32505,12534
CACTCCTATGTAAGAT-1,1,56,36,32001,12828
TCGAGCCAGGCAGGCC-1,1,57,37,32508,13115
TCGTCAAGTACGCGCA-1,1,56,38,32005,13409
CCCGTAGCTGGGAAGA-1,1,57,39,32512,13696
ACCCTATGCCATATCG-1,1,56,40,32008,13990
GTGGTATAGTCTGCCG-1,1,57,41,32516,14277
CCGGTTTGTAATTGTG-1,1,56,42,32012,14571
GTCGCCGTTGTGTGTT-1,1,57,43,32520,14858
TACTGAACAGATTTAG-1,1,56,44,32016,15152
TATTAACCTGACCGCG-1,1,57,45,32523,15440
CTGTAGCCATCTCACT-1,1,56,46,32020,15733
TACTATGGTTCCTCAG-1,1,57,47,32527,16021
GAGTCAGACCAGAATC-1,1,56,48,32023,16314
TAAGGCATAACATCAA-1,1,57,49,32531,16602
CTTCCGCTCCGTGAAG-1,1,56,50,32027,16895
GGGCTATGATCGATGG-1,1,57,51,32535,17183
GGTCGGTCGTCCACAG-1,1,56,52,32031,17476
GGGACCCGTATATCTT-1,1,57,53,32538,17764
GAAAGCAGTGCACTTT-1,1,56,54,32035,18058
AGCGCATAATGAATCG-1,1,57,55,32542,18345
GCTGCTAAGTAGTCGA-1,1,56,56,32038,18639
AATAGTCCGTCCCGAC-1,1,57,57,32546,18926
AGCAGCCAGATGAATA-1,1,56,58,32042,19220
CCTCGCGCTGTGCGAT-1,1,57,59,32550,19507
TTGTGTATGCCACCAA-1,1,56,60,32046,19801
TGCTCGGCGAAACCCA-1,1,57,61,32553,20088
CGATTAAATATCTCCT-1,1,56,62,32050,20382
TGCCGTGGATCGTCCT-1,1,57,63,32557,20669
GTGGACGCATTTGTCC-1,1,56,64,32053,20963
ACCCGGAAACTCCCAG-1,1,57,65,32561,21250
CCGCATGTGGTACGAT-1,1,56,66,32057,21544
GCAAACCTTGGCCATA-1,1,57,67,32565,21831
ATTCACTGATGTTGGA-1,1,56,68,32061,22125
ACTCCCTAATGCTAAA-1,1,57,69,32568,22412
TCCTAAATTGGGAAGC-1,1,56,70,32065,22706
GAACAGATTACTAAAT-1,1,57,71,32572,22993
ATACAGGCCCTCCAAT-1,1,56,72,32068,23287
CGATTCGCCTGGCTGC-1,1,57,73,32576,23574
TCCGCCTGTCTACAAG-1,1,56,74,32072,23868
CACATCTCACCGACGA-1,1,57,75,32580,24155
CGTCGTCCTTCGCGAA-1,1,56,76,32076,24449
CGTTGAATACCGCGCT-1,1,57,77,32583,24736
ACCAATATGCAAGTTA-1,1,56,78,32080,25030
ACGGATGGTGCGGATA-1,1,57,79,32587,25317
CACCCTAACAAGATCT-1,1,56,80,32083,25611
AAGCTCTTTCATGGTG-1,1,57,81,32591,25899
CATGGGTATGCCTTAT-1,1,56,82,32087,26192
GCGCGTCATTGGTACA-1,1,57,83,32595,26480
TCTGAAGCACGTGGTC-1,1,56,84,32091,26773
AAGTTCACTCCAAGCT-1,1,57,85,32598,27061
TTGGACCTATAACAGT-1,1,56,86,32095,27354
ATCAGCCTCATGCTGC-1,1,57,87,32602,27642
AGTACTCTTATGCCCA-1,1,56,88,32098,27935
GCGCTTAAATAATTGG-1,1,57,89,32606,28223
TTGTGAACCTAATCCG-1,1,56,90,32102,28517
AGTCGTCGACCACCAA-1,1,57,91,32610,28804
TCCTTTAAATCCGCTT-1,1,56,92,32106,29098
ACTGAAACGCCGTTAG-1,1,57,93,32613,29385
GCACACACTGGTAGCC-1,1,56,94,32110,29679
TAAGGGCCTGTCCGAT-1,0,57,95,32617,29966
GCTAGAGTAGAGATGT-1,0,56,96,32114,30260
CACAGGGCCATATAGT-1,0,57,97,32621,30547
CCATGCCCTAGATTTC-1,0,56,98,32117,30841
TCGCGTAGCAGTGTCC-1,0,57,99,32625,31128
GACGAGGCTAATAAAC-1,0,56,100,32121,31422
CTACACTCGCAGATGG-1,0,57,101,32628,31709
ACGCATACGTTTACTA-1,0,56,102,32125,32003
GGAGCAACATTTCAAG-1,0,57,103,32632,32290
CGAGAGGGTAGCCGCG-1,0,56,104,32129,32584
TCGTGTTCGACCACAA-1,0,57,105,32636,32871
TCTACCCAATAGAGAG-1,0,56,106,32132,33165
ATAAACGTTGCACCAC-1,0,57,107,32640,33452
TCAACTGCAGAGTCAG-1,0,56,108,32136,33746
AGCTCCATATATGTTC-1,0,57,109,32643,34033
GTAACATCTAAGATAA-1,0,56,110,32140,34327
CCGACAATAGGCCGCC-1,0,57,111,32647,34614
ATGCTTAGGAGTTGAT-1,0,56,112,32144,34908
AACCCGAGCAGAATCG-1,0,57,113,32651,35195
CGGGTTTGTTAGGGCT-1,0,56,114,32147,35489
AGGCACGTGACTGTCC-1,0,57,115,32655,35776
GACAAGAGATGAGATT-1,0,56,116,32151,36070
AGCCCTTGGACATCCC-1,0,57,117,32658,36358
GCAGTTCGATCCGAGC-1,0,56,118,32155,36651
TCGAGGGCAACAGACG-1,0,57,119,32662,36939
ACTTTGTCGACGCACT-1,0,56,120,32159,37232
GAGTATCAAAGTTACA-1,0,57,121,32666,37520
CCAGGCTGGCGTCTGA-1,0,56,122,32162,37813
GGACTCTTCCGGTTGA-1,0,57,123,32670,38101
TCCCAGCACACGACAT-1,0,56,124,32166,38395
GCTCCATGAGTGCAGA-1,0,57,125,32673,38682
GCAGTGCGGGCGGATG-1,0,56,126,32170,38976
GCGTTCTGACTAAGCG-1,0,57,127,32677,39263
ATTTGGAGATTGCGGT-1,0,58,0,32944,2363
AAGGGTTTGATTTCAG-1,0,59,1,33452,2650
CCGGCCGCGAGCATAT-1,0,58,2,32948,2944
GAGTTCTGTGGGTGCT-1,0,59,3,33456,3231
AAACGAAGATGGAGTA-1,0,58,4,32952,3525
AATTACGAGACCCATC-1,0,59,5,33459,3812
CCTTTGAATTATGGCT-1,0,58,6,32956,4106
CATGGTATTAGTTTGT-1,0,59,7,33463,4393
AACGAAAGTCGTCCCA-1,0,58,8,32959,4687
ACATAAGTCGTGGTGA-1,0,59,9,33467,4974
GCACAACCTCGGGCGT-1,0,58,10,32963,5268
ATGCACGCGCTGTTCA-1,0,59,11,33471,5555
CGATGTTGTTATCTAC-1,0,58,12,32967,5849
GTCTCCTGCCAGTATG-1,0,59,13,33474,6136
GATGCCTTCTGCGGCA-1,0,58,14,32971,6430
ACCGGTCAGGTACACC-1,0,59,15,33478,6717
GTGGAGCGTTTACCGA-1,0,58,16,32974,7011
AGGCGGTTTGTCCCGC-1,0,59,17,33482,7298
TCCCTGGCGTATTAAC-1,0,58,18,32978,7592
AAACACCAATAACTGC-1,0,59,19,33486,7879
TGGACGCAATCCAGCC-1,0,58,20,32982,8173
GGAACCTTGACTCTGC-1,0,59,21,33489,8460
GTATCTCAGTCTTGAC-1,0,58,22,32986,8754
GCTGAATCTTCCAATC-1,0,59,23,33493,9041
AGATGCAAGACGTGCA-1,1,58,24,32989,9335
TTAAGGCCCGTACTTT-1,1,59,25,33497,9622
AGTATGCTGGAGACCA-1,1,58,26,32993,9916
GCGGCAAAGTATTGCC-1,1,59,27,33501,10204
GCGCAAATATATTCAA-1,1,58,28,32997,10497
GAAGAAACGATATTGT-1,1,59,29,33504,10785
GGACCTCTAGGCCGCC-1,1,58,30,33001,11078
AACAGCTGTGTGGCAA-1,1,59,31,33508,11366
TCGAATATCCCGCAGG-1,1,58,32,33005,11659
GCGACCCAACCATCTG-1,1,59,33,33512,11947
AGAGAAGGAGTACAAT-1,1,58,34,33008,12240
GGCTCCTCCACCTGTT-1,1,59,35,33516,12528
TCAGTGTATACGTCAT-1,1,58,36,33012,12822
ATTATTATGTCCGTCA-1,1,59,37,33519,13109
TTAGGTCATAACCGAC-1,1,58,38,33016,13403
AAGATGGCACCGGACC-1,1,59,39,33523,13690
CTACAAGAAATAACCC-1,1,58,40,33020,13984
ACTATTTCCGGGCCCA-1,1,59,41,33527,14271
TTGTTTCACATCCAGG-1,1,58,42,33023,14565
CGCTGTGTGGATGTTG-1,1,59,43,33531,14852
TCAACATAGCGCCCTA-1,1,58,44,33027,15146
GGCCGTTTGGGTTTCA-1,1,59,45,33534,15433
TACTCTTTCGTCTTCA-1,1,58,46,33031,15727
TTCGCGCGCCATACGA-1,1,59,47,33538,16014
CGGAAAGAATCAAACG-1,1,58,48,33035,16308
AGGCAGGGAGCGTACT-1,1,59,49,33542,16595
CCTTTAAGGGAGCACT-1,1,58,50,33038,16889
CGCCCAGCACGCCTAG-1,1,59,51,33546,17176
AGTATTTGGCACGACC-1,1,58,52,33042,17470
TATCCGCACCGTCGGG-1,1,59,53,33549,17757
ACCCGTGTCATCAGTA-1,1,58,54,33046,18051
CAACTGCTCATCCGAT-1,1,59,55,33553,18338
CCGGAGCGTACTTTCT-1,1,58,56,33050,18632
TACCGTAGGTTAACTA-1,1,59,57,33557,18919
TGAGGAGTGCCAGCTT-1,1,58,58,33053,19213
CCAGTCTTGTCATAGA-1,1,59,59,33561,19500
GGGCAGAGCAATCGTT-1,1,58,60,33057,19794
TACCAAATAGCCCAGA-1,1,59,61,33564,20081
TACCTACTCCCAGTAT-1,1,58,62,33061,20375
TGTGAGACTAGCCCAA-1,1,59,63,33568,20663
ATACCTAACCAAGAAA-1,1,58,64,33065,20956
GTCGGGAAGCAGAAAC-1,1,59,65,33572,21244
AATTAACGGATTTCCA-1,1,58,66,33068,21537
GAACCCTCTGTGTTCT-1,1,59,67,33576,21825
ATATAAAGCGCTCGTG-1,1,58,68,33072,22118
CCTGGTCGAATGTGGG-1,1,59,69,33579,22406
CTAGGTTCGGACGTGA-1,1,58,70,33076,22699
TCGGGAGACAGCGTAC-1,1,59,71,33583,22987
CATAAGAAGCTTGGCT-1,1,58,72,33080,23281
AAGCACCCTGCGTATC-1,1,59,73,33587,23568
AGTTTGCACCTGCCTC-1,1,58,74,33083,23862
GACTGCAAATCGAGCT-1,1,59,75,33591,24149
GTGTATATCAGCGGGC-1,1,58,76,33087,24443
CTTCAACTCCACTTGG-1,1,59,77,33594,24730
ACTTACGCATCCACGC-1,1,58,78,33091,25024
CATGAGATGCACTCTC-1,1,59,79,33598,25311
GAGCACCTGTGTCCAG-1,1,58,80,33095,25605
CGCGACCGCGACAGAT-1,1,59,81,33602,25892
GTCCCGCGACGTTATG-1,1,58,82,33098,26186
GCAGTGTGGCTATAGG-1,1,59,83,33606,26473
ATACTGCCTTACACCG-1,1,58,84,33102,26767
TACAGAAACGGTGGGC-1,1,59,85,33609,27054
GGCGCGGAGATCTTTC-1,1,58,86,33106,27348
CGTTAATGTCCCGACG-1,1,59,87,33613,27635
GCTAACTGAAGTCTGA-1,1,58,88,33110,27929
AGTGATAACCTGCGCG-1,1,59,89,33617,28216
TATGATCTTCTCTTTA-1,1,58,90,33113,28510
TGTACCTACACGAGGG-1,1,59,91,33621,28797
ATATCGTTCCTCGAAC-1,1,58,92,33117,29091
CGGCGCCATCAATCCC-1,0,59,93,33624,29378
CCTGTTTGAAGACACG-1,0,58,94,33121,29672
GCCACTCAGAGCGCGA-1,0,59,95,33628,29959
TCGGCTTGTATCGACG-1,0,58,96,33125,30253
TAGATGGTTCCTTACT-1,0,59,97,33632,30540
ATCGTTAGCTAGCGGA-1,0,58,98,33128,30834
ACAGCGACATTCTCAT-1,0,59,99,33636,31122
ATTCAACCATTTAAGG-1,0,58,100,33132,31415
CACTCTTCTGCTAGCC-1,0,59,101,33639,31703
CTAACTGATAATCGCC-1,0,58,102,33136,31996
TGATGTCAATTAAGTG-1,0,59,103,33643,32284
CGCCGTTCAGCATAGT-1,0,58,104,33140,32577
ATACTACCCGTACCAC-1,0,59,105,33647,32865
CCACTGTTTGGATTAA-1,0,58,106,33143,33158
CACTACGGGAGCTGCC-1,0,59,107,33651,33446
GACCAAACGTTGACTG-1,0,58,108,33147,33740
AAGAGGCCCTTTGGAA-1,0,59,109,33654,34027
ACACGTAGGCCACAAG-1,0,58,110,33151,34321
TACTCTTACTTTACTG-1,0,59,111,33658,34608
AGAGCCGCCGAGATTT-1,0,58,112,33155,34902
GGCCTGCTTCTCCCGA-1,0,59,113,33662,35189
TCAAGCGCGGACGGTA-1,0,58,114,33158,35483
ACACTGGGACAGTCGT-1,0,59,115,33666,35770
TGTGTAGTAGCACGTG-1,0,58,116,33162,36064
CTAGCCACAGGCGAGC-1,0,59,117,33669,36351
CTATCGCGTAGAGAAC-1,0,58,118,33166,36645
GTTCCCGTAAACATAT-1,0,59,119,33673,36932
TCTTTCCTTCGAGATA-1,0,58,120,33170,37226
ATATTGGAGAGGCCTT-1,0,59,121,33677,37513
AGGCGATAACTGGCGT-1,0,58,122,33173,37807
ACCCGGAGCACCACAA-1,0,59,123,33681,38094
TGAGCTCAACTGTATA-1,0,58,124,33177,38388
ACGACCCATGAGTTGC-1,0,59,125,33684,38675
CGGTCAGTCCATATTT-1,0,58,126,33181,38969
TCCGGCTGTCGGGTCG-1,0,59,127,33688,39256
ATTCCCGAAGGTACAG-1,0,60,0,33956,2356
CTAACAGCACAATAAC-1,0,61,1,34463,2643
TTGTGCGGAAGCGGAT-1,0,60,2,33959,2937
GGGCACTATTGACCAT-1,0,61,3,34467,3224
CCATAGAGGCTGCCAG-1,0,60,4,33963,3518
CCGAAGCATTGACCAA-1,0,61,5,34470,3805
TACTGAGGGAAGAAAG-1,0,60,6,33967,4099
TATGTAGAAACCCGGC-1,0,61,7,34474,4386
TGGTTAACTTACATTT-1,0,60,8,33971,4680
AGAACCCTCAATTGGG-1,0,61,9,34478,4967
CCTATATCGTGTCACG-1,0,60,10,33974,5261
ACGGCTGGATGTAGAA-1,0,61,11,34482,5549
CTCGCATTGCATAGCC-1,0,60,12,33978,5842
ACTTTGGTCGTGCTCC-1,0,61,13,34485,6130
GCTGGTTTAGGCCATA-1,0,60,14,33982,6423
TGTCGTTATCACATAT-1,0,61,15,34489,6711
ACACATGATCAAATCT-1,0,60,16,33986,7004
TATCCATCTCGGTTAG-1,0,61,17,34493,7292
CTCGTCGAGGGCTCAT-1,0,60,18,33989,7585
ATCAATGCCGTGGCTG-1,0,61,19,34497,7873
GAAACATAGGAAACAG-1,0,60,20,33993,8167
TAATAGGTCACCAGAA-1,0,61,21,34500,8454
CACCAGTCAGCATGCA-1,0,60,22,33997,8748
GAGCGCTGTTAGGTAA-1,0,61,23,34504,9035
CCCTATGTAGAGCAGA-1,0,60,24,34001,9329
GATCGCTATATCTCAG-1,0,61,25,34508,9616
AAGGGACTATGCATTC-1,1,60,26,34004,9910
CTCGGGTTCTCTGGCC-1,1,61,27,34512,10197
TATATATCGAGAAATG-1,1,60,28,34008,10491
ACCCGAGCGAAATTAC-1,1,61,29,34515,10778
TTGTTTCATTAGTCTA-1,1,60,30,34012,11072
ATGGGACCTGCTGAAC-1,1,61,31,34519,11359
TGCGACGGCCGAACGT-1,1,60,32,34016,11653
AGCTAACAAGCAATGT-1,1,61,33,34523,11940
CGTGTCTCGTTACGAC-1,1,60,34,34019,12234
CTAAATCCGGTGTACA-1,1,61,35,34527,12521
GAATAGTGCTCGATTA-1,1,60,36,34023,12815
AACAATACATTGTCGA-1,1,61,37,34530,13102
CACATCGTGCACGCGC-1,1,60,38,34027,13396
ACCGTGACCACGTGGG-1,1,61,39,34534,13683
CCCAATGAGATTTGCA-1,1,60,40,34031,13977
TCAGCAGTAGGCCCTG-1,1,61,41,34538,14264
CTACTCAAGGTATAGT-1,1,60,42,34034,14558
TAGTAGCTTATACCAG-1,1,61,43,34542,14845
ACGTTCGTTCAGGAAA-1,1,60,44,34038,15139
TTAGAATAAGGGTCGG-1,1,61,45,34545,15426
TTCTAGAAAGTCTTAT-1,1,60,46,34042,15720
CCTTCAGTTAAAGTGA-1,1,61,47,34549,16008
TAGCTAGTGATGATGG-1,1,60,48,34046,16301
AGCCCGGTAGCCTGTA-1,1,61,49,34553,16589
TACCTCAGTTGTCTGT-1,1,60,50,34049,16882
GACGGGTTGGCCCGTA-1,1,61,51,34557,17170
GAAACCTATACAAATG-1,1,60,52,34053,17463
TCCACCTCTAGCCTTT-1,1,61,53,34560,17751
AAGACCCAACTGAACA-1,1,60,54,34057,18044
CATACACGGTTCCCAC-1,1,61,55,34564,18332
ACTACGCGTTAGAATT-1,1,60,56,34061,18626
CTTGGCCAAGCTGGGA-1,1,61,57,34568,18913
TTACCCTAGGGATTGG-1,1,60,58,34064,19207
TTCGCACTGTACGACA-1,1,61,59,34572,19494
TAGGTGTTCCACAGAT-1,1,60,60,34068,19788
GAAGCCTGCACATTCC-1,1,61,61,34575,20075
GGCTTTCAATAAGGGT-1,1,60,62,34072,20369
TCCAGGGTATATACGA-1,1,61,63,34579,20656
CTCGCCGAATGTAGGG-1,1,60,64,34076,20950
AGGAAGCTGTCCGCCG-1,1,61,65,34583,21237
GTCTCAAGGCCCGGCT-1,1,60,66,34079,21531
ACCGACACATCTCCCA-1,1,61,67,34587,21818
TATACGCGTCATCACT-1,1,60,68,34083,22112
ATCTGGGCTGTTCTTG-1,1,61,69,34590,22399
TCAAATTTGAGACTCA-1,1,60,70,34087,22693
GTTAAGGGTGCGATGT-1,1,61,71,34594,22980
AGCAAAGGCCGCTAGT-1,1,60,72,34091,23274
TTATAGGTAATTGTCT-1,1,61,73,34598,23561
TTGTGCAGCCACGTCA-1,1,60,74,34094,23855
ACGGACTCTCAAAGCG-1,1,61,75,34602,24142
ATGCTCTGGCGCGGTA-1,1,60,76,34098,24436
ATAATCTTGGAGAACC-1,1,61,77,34605,24723
CTCATTGCTCTAACAA-1,1,60,78,34102,25017
TAGGTGACGATAACCT-1,1,61,79,34609,25304
CGGATCCTCAAGGACT-1,1,60,80,34106,25598
GGGCGTGGTTTCCCAG-1,1,61,81,34613,25885
TGGCTATGTGACATAC-1,1,60,82,34109,26179
CTTAGTGTAGTAGCAT-1,1,61,83,34617,26467
GGATTGCTGTGACTCC-1,1,60,84,34113,26760
ACTTCCATGCGGGACA-1,1,61,85,34620,27048
ACTCAAGTGCAAGGCT-1,1,60,86,34117,27341
ACAAGGATGCTTTAGG-1,1,61,87,34624,27629
TTGAACGACGTGCTGA-1,1,60,88,34121,27922
ATTCATCGTTGAGGCA-1,0,61,89,34628,28210
TGCAACCCATCTGCGG-1,1,60,90,34124,28503
AGTGCTAAACACAGCA-1,0,61,91,34632,28791
AACTCCAGAGCGTGTT-1,0,60,92,34128,29085
TCTCCACAAGTTGAAT-1,0,61,93,34635,29372
CTTTGCATCGCTCTTG-1,0,60,94,34132,29666
TCACAAACCGAGGTAC-1,0,61,95,34639,29953
CCGTAGGAAATCCCTG-1,0,60,96,34136,30247
AAACATTTCCCGGATT-1,0,61,97,34643,30534
GCCTCCGACAATTCAC-1,0,60,98,34139,30828
TCTGCATACCTTGCTT-1,0,61,99,34647,31115
ACCCATTTGTCCCTCT-1,0,60,100,34143,31409
CTGCAGAGAATCAGAG-1,0,61,101,34650,31696
GGAAACTAAATGGGCC-1,0,60,102,34147,31990
CAACCTACCGAGCAGT-1,0,61,103,34654,32277
CCGTAGGGTTGTTTAC-1,0,60,104,34151,32571
GGTTTGTGACCTGAGG-1,0,61,105,34658,32858
TAACCTAGGGAGTCCA-1,0,60,106,34154,33152
TTCCATCGACAGCGTG-1,0,61,107,34662,33439
ATCTCCCACGGAATAT-1,0,60,108,34158,33733
GTTTCAAACGAGTTGT-1,0,61,109,34665,34020
GGAACTTTGGCGATTA-1,0,60,110,34162,34314
CTGCAAGCACGTTCCG-1,0,61,111,34669,34601
CACAGTCCCGCTTCGC-1,0,60,112,34166,34895
TACGCTCGGTATTGGA-1,0,61,113,34673,35182
CTGGTAAAGTGTGGGC-1,0,60,114,34169,35476
CAACCAGTGGCCTACC-1,0,61,115,34677,35763
TCTTCGCGGTGAGAGG-1,0,60,116,34173,36057
TTCGGGTTGCCACGGG-1,0,61,117,34680,36344
ACCGATAGGCATAACC-1,0,60,118,34177,36638
CTTATAGATGGCTGTT-1,0,61,119,34684,36926
AGACGCCCACTTCGCC-1,0,60,120,34181,37219
AGGTCGCCTCCCAACA-1,0,61,121,34688,37507
CCTCACGTCAGCTAAT-1,0,60,122,34184,37800
CCACCTGTATGGAATA-1,0,61,123,34692,38088
GGACTCGAAGCTTTCA-1,0,60,124,34188,38381
AAGCCGGAGAGCAGGA-1,0,61,125,34695,38669
GCCTATCAGGTAAGAT-1,0,60,126,34192,38963
TCAGAGTGTGAGCATG-1,0,61,127,34699,39250
AAACATGGTGAGAGGA-1,0,62,0,34967,2349
ATCATTGTACCGCATT-1,0,63,1,35474,2637
TCAGCTTGAGCTTTCG-1,0,62,2,34970,2931
CCGCGCAAGATACCCA-1,0,63,3,35478,3218
CTATACTTAAAGCGAG-1,0,62,4,34974,3512
ACCGTCCACTGGGCCC-1,0,63,5,35481,3799
AAGACCAAATAACTCA-1,0,62,6,34978,4093
TGTTTCTGAAGCGTGC-1,0,63,7,35485,4380
TTCTCTTACAGGTGAT-1,0,62,8,34982,4674
AATTCATTGTCATGCA-1,0,63,9,35489,4961
GCCCGAGAGTCTAAAT-1,0,62,10,34985,5255
ATATAGAGTATTGGTC-1,0,63,11,35493,5542
TTGAAGGATGGGCGCC-1,0,62,12,34989,5836
TAGTACCACAACTTTC-1,0,63,13,35496,6123
ATCCCATCCACAGCGC-1,0,62,14,34993,6417
CTTAGGTATAGACCAG-1,0,63,15,35500,6704
TGACTCCGAATCATAC-1,0,62,16,34997,6998
ACTACATCCCGACAAG-1,0,63,17,35504,7285
TTGCCGCAGACCTACA-1,0,62,18,35000,7579
TAAGAGGGACAGGGAC-1,0,63,19,35508,7866
CGAATGAAGTCATTGC-1,0,62,20,35004,8160
AAGGGAACGACTGGCT-1,0,63,21,35511,8447
CGAATCTGCTCGACGC-1,0,62,22,35008,8741
ATCGTGGAAAGTCTGG-1,0,63,23,35515,9028
CCTATGGCTCCTAGTG-1,0,62,24,35012,9322
CGTCGCTTGGTTATAC-1,0,63,25,35519,9609
TGCTTAGAGAGAATGC-1,1,62,26,35015,9903
GATTGCTCCAGTTGCA-1,1,63,27,35523,10190
CGTGCTTCTACCTAAA-1,1,62,28,35019,10484
ACTCCAATATCATCAT-1,1,63,29,35526,10772
GCCGACCCACGACTGC-1,1,62,30,35023,11065
GAGGGTAGTAACAAAG-1,1,63,31,35530,11353
GGCCGAGACTCTGGTG-1,1,62,32,35027,11646
TATATAGGGCTTTACG-1,1,63,33,35534,11934
TGCCGGATGTACGAGC-1,1,62,34,35030,12227
AGGTAGATCGAGATAT-1,1,63,35,35538,12515
GATCAACATAAAGGGA-1,1,62,36,35034,12808
TAACAGCGTTTGTGCT-1,1,63,37,35541,13096
CTATAGGCGTTGATGT-1,1,62,38,35038,13390
GGTTTAATTACCATCG-1,1,63,39,35545,13677
CTCTTCTGGAAGTTAG-1,1,62,40,35042,13971
ATCTGACATGGAAGGA-1,1,63,41,35549,14258
TACGTACTAGTGCTGA-1,1,62,42,35045,14552
ATGACTATCAGCTGTG-1,1,63,43,35553,14839
CTTTGGGATTGTTGCA-1,1,62,44,35049,15133
AGACTGTTACCGGGTC-1,1,63,45,35556,15420
TCCTAACCGTCGGGCA-1,1,62,46,35053,15714
ACGCAAACTAATAGAT-1,1,63,47,35560,16001
AAGTGAGTCGGGTTTA-1,1,62,48,35057,16295
TAAAGCGGTATTTCCA-1,1,63,49,35564,16582
CTCCTCCAGCTCACAC-1,1,62,50,35060,16876
CGGTCCGTCGCAAGCC-1,1,63,51,35568,17163
CCTATATTTGTCCTGG-1,1,62,52,35064,17457
TCCAATAAAGGCTACC-1,1,63,53,35571,17744
AAAGGCTACGGACCAT-1,1,62,54,35068,18038
CGTGACCAGTCCTCTG-1,1,63,55,35575,18325
GATCTGCTATCTAAGG-1,1,62,56,35072,18619
CGAATGACGCATAATG-1,1,63,57,35579,18906
GCTCAATGTAATACCG-1,1,62,58,35075,19200
CTATGCCCGAATGCAA-1,1,63,59,35583,19487
CACAGGGCCGTTGTCA-1,1,62,60,35079,19781
TCAATACGCCGTCATG-1,1,63,61,35586,20068
AGCGGACACTTCGTAG-1,1,62,62,35083,20362
ATACGTTATGCACGGA-1,1,63,63,35590,20649
GAGTAGATACTAGTTG-1,1,62,64,35087,20943
CCAGCTCGAACGCATT-1,1,63,65,35594,21231
TGCTTCCCAAGCAGTA-1,1,62,66,35090,21524
GTAGACACGCCTGACT-1,1,63,67,35598,21812
CTCACATTTACTAAAT-1,1,62,68,35094,22105
GAATGCGAATCGGTTC-1,1,63,69,35601,22393
TAAGGCCCGTCACCCT-1,1,62,70,35098,22686
GAGTATGCGCGTGCAT-1,1,63,71,35605,22974
ATCCACATCGACAGAA-1,1,62,72,35102,23267
TAGACGAAACGCCAAT-1,1,63,73,35609,23555
CAGCAGTCTGTGCTGC-1,1,62,74,35105,23849
CTCACTGTGATACTTA-1,1,63,75,35613,24136
TTAATTGCTTTGGGTG-1,1,62,76,35109,24430
GTAGTCTACGATATTG-1,1,63,77,35616,24717
TTGCCGCTTTCTAGTA-1,1,62,78,35113,25011
GAACCTTTAACGATCC-1,1,63,79,35620,25298
TGGACCAATCTAAGAT-1,1,62,80,35117,25592
CTAGTAGAAAGGGATT-1,1,63,81,35624,25879
AACCTCGCTTTAGCCC-1,1,62,82,35120,26173
GAGTGTCAACCAGAAA-1,1,63,83,35628,26460
GTGATCCTTGTCATGA-1,1,62,84,35124,26754
CTCAACTAACCCGGAT-1,0,63,85,35632,27041
AGTGGCGTCTGAAGGT-1,1,62,86,35128,27335
GGGAAGGGCTTTCTCA-1,0,63,87,35635,27622
AGGCCTGAGAATCTCG-1,0,62,88,35132,27916
AGCCACAGGTTACCCG-1,0,63,89,35639,28203
TGCAATCTAACACGGT-1,0,62,90,35135,28497
GTTTGGGTTTCGCCCG-1,0,63,91,35643,28784
CCTATGTCCACTCCAC-1,0,62,92,35139,29078
CTGCCTTTCTAGTAAA-1,0,63,93,35647,29365
TTAGTAAACCTGCTCT-1,0,62,94,35143,29659
TTGTGGTGGTACTAAG-1,0,63,95,35650,29946
CCTCCTGTTGTGTCGT-1,0,62,96,35147,30240
ACAAAGCATGACCTAG-1,0,63,97,35654,30527
ATAGCAACTAGGGAAG-1,0,62,98,35150,30821
CCGCTCTTCCGAACTA-1,0,63,99,35658,31108
TAGAATAGCCGATGAA-1,0,62,100,35154,31402
GGTCTCCGTCCAGGTT-1,0,63,101,35662,31690
TAATTACGTCAGTAGA-1,0,62,102,35158,31983
TACGTAAAGCGGAGTG-1,0,63,103,35665,32271
GCTACAATCGAGGATA-1,0,62,104,35162,32564
TCAGCCAATCCGTAAA-1,0,63,105,35669,32852
ATCATAGCCCTATGTA-1,0,62,106,35165,33145
GAGGCCTGTTGATACA-1,0,63,107,35673,33433
ATATACGCTCGTGACG-1,0,62,108,35169,33726
CCCTTTAATGGAGTTC-1,0,63,109,35677,34014
TTACACGATCTGCGAC-1,0,62,110,35173,34308
TCGCATAAAGGGCGCA-1,0,63,111,35680,34595
TGTAGCCATCCCATTC-1,0,62,112,35177,34889
GGGTCTATCGCTTTCC-1,0,63,113,35684,35176
GGAGGGTCAAGTAAGA-1,0,62,114,35180,35470
TACGGCATGGACGCTA-1,0,63,115,35688,35757
CACGTCAATCAATGGA-1,0,62,116,35184,36051
CGCTTGGACGGATAGA-1,0,63,117,35692,36338
CGCGGTACGGTATACA-1,0,62,118,35188,36632
CCTACTCAACACGATT-1,0,63,119,35695,36919
CGTTTGGTGTTGTGGG-1,0,62,120,35192,37213
GTTGTTGCAAGATGGC-1,0,63,121,35699,37500
CATTCGTCGTAGCGGT-1,0,62,122,35195,37794
CAGCCTCGATAGCGGT-1,0,63,123,35703,38081
TCATAAGTCCAAGAAG-1,0,62,124,35199,38375
AAAGTGCCATCAATTA-1,0,63,125,35707,38662
GTTGCAGTCGACAACA-1,0,62,126,35203,38956
TAAATGGGCTACTGAG-1,0,63,127,35710,39243
GGACAAGCCATGATCG-1,0,64,0,35978,2343
TCCAATGCGTCGCCGC-1,0,65,1,36485,2630
AAAGAATGACCTTAGA-1,0,64,2,35981,2924
CCTATTATTCCGGCCG-1,0,65,3,36489,3211
CAGTAAGGGACGTCTC-1,0,64,4,35985,3505
GGGATGGACCCGCGTC-1,0,65,5,36492,3792
GACGCATACCCGTCGG-1,0,64,6,35989,4086
GGGCAGGATTTCTGTG-1,0,65,7,36496,4373
TATCTGAGCCGATATT-1,0,64,8,35993,4667
AATGTATGGCACTGTA-1,0,65,9,36500,4954
GCCTTTGTCAGTGGAC-1,0,64,10,35996,5248
AACCATAGGGTTGAAC-1,0,65,11,36504,5535
AAACTTAATTGCACGC-1,0,64,12,36000,5829
TAGGCGGCTGCAAAGA-1,0,65,13,36507,6117
TCCATCAATACTAATC-1,0,64,14,36004,6410
ACCTCGAACTTATGCT-1,0,65,15,36511,6698
ACAAACCATGCGTCCT-1,0,64,16,36008,6991
ACACCGGTCTGACCGC-1,0,65,17,36515,7279
ATGGCAGCATTACGAT-1,0,64,18,36011,7572
CTGGTGAATGGGCCTA-1,0,65,19,36519,7860
CACAGAGACGAGGACG-1,0,64,20,36015,8153
GCACAAACCCTAGATG-1,0,65,21,36523,8441
ACTATGTCCAGCTGCC-1,0,64,22,36019,8735
AAGCCGCCGTGAAATC-1,0,65,23,36526,9022
ATGGGTGTATACCTCC-1,0,64,24,36023,9316
TAAGCGCGAATCAAAT-1,0,65,25,36530,9603
AGCCCGGCATTAGAGG-1,0,64,26,36026,9897
GTGATCAAGCGTGCAC-1,0,65,27,36534,10184
CTGCCTTTAATACCTT-1,1,64,28,36030,10478
TACCTCCACACCAATG-1,1,65,29,36538,10765
GAGCATCAACAACTTG-1,1,64,30,36034,11059
CATACGAACTAGCTGG-1,1,65,31,36541,11346
GGGAACGGTTTCAGAT-1,1,64,32,36038,11640
AGGGTGCCGTTCTTTA-1,1,65,33,36545,11927
ACGACTGGTCATACTC-1,1,64,34,36041,12221
GGATCTTACTGCCCTT-1,1,65,35,36549,12508
TACTCCTCTAGTTGAC-1,1,64,36,36045,12802
GTAGCTCCGGGAGGCT-1,1,65,37,36553,13089
GGACTCGTGAGTGGTC-1,1,64,38,36049,13383
GTAGTTCGAAGGCGAA-1,1,65,39,36556,13670
CTCAAACCACTGCCCG-1,1,64,40,36053,13964
GAGGGAGTCAGATCGC-1,1,65,41,36560,14251
GCGTCCCTAAGACATA-1,1,64,42,36056,14545
TCTCTTACCGCGAACC-1,1,65,43,36564,14832
GGCTACTATACACTCC-1,1,64,44,36060,15126
CGTTGCCCGCGTGGGA-1,1,65,45,36568,15413
TATAGAGTCGCTTGAA-1,1,64,46,36064,15707
ATGTTGTAGTCTGTTT-1,1,65,47,36571,15994
AGTATACACAGCGACA-1,1,64,48,36068,16288
TGTGGTTGCTAAAGCT-1,1,65,49,36575,16576
TGATTCCCGGTTACCT-1,1,64,50,36071,16869
CACTGACGATTGTGGA-1,1,65,51,36579,17157
AACATTGTGACTCGAG-1,1,64,52,36075,17450
GTCCAATATTTAGCCT-1,1,65,53,36583,17738
GCTCTTTCCGCTAGTG-1,1,64,54,36079,18031
GGGTCAGGAGCTAGAT-1,1,65,55,36586,18319
AGGTGGTGACCTTCGC-1,1,64,56,36083,18612
CCCGGGTCGTTCAGGG-1,1,65,57,36590,18900
AGCCAAGCTTTGTGTC-1,1,64,58,36086,19194
TGTGGCGGGCTTCTGG-1,1,65,59,36594,19481
CGAGGGTATCCAGGTG-1,1,64,60,36090,19775
CGTTCAGACCCGCGAA-1,1,65,61,36598,20062
TCATATGAGCTTTGTT-1,1,64,62,36094,20356
AGTTGACGGTCCTTGC-1,1,65,63,36601,20643
ATAATTAGCTAAGTAG-1,1,64,64,36098,20937
GGTCTTGAGCGCTCTT-1,1,65,65,36605,21224
CGTTGTCGGCAATTGA-1,1,64,66,36101,21518
TCTTGCTCCCGATACT-1,1,65,67,36609,21805
AGCAGAAGGAGAAAGA-1,1,64,68,36105,22099
GAAGCCACTGATTATG-1,1,65,69,36613,22386
TGCTCTTGAGAGTTTG-1,1,64,70,36109,22680
GACATCCGTCGAACTG-1,1,65,71,36616,22967
AGATATAATACGACTA-1,1,64,72,36113,23261
TCGCTACTGGCTTTGA-1,1,65,73,36620,23548
GTGACAGCTTCCCACT-1,1,64,74,36116,23842
GTGACGCAGGTTTCAT-1,1,65,75,36624,24129
GGGAAGACGGTCTGTC-1,1,64,76,36120,24423
CGTCGCATGTGAGCCA-1,1,65,77,36628,24710
AGAAGGTTGTAGGTCG-1,1,64,78,36124,25004
GGCCGGCGTCTGCTAT-1,1,65,79,36631,25291
TTGACCAGGAACAACT-1,1,64,80,36128,25585
AGTCGTATAAAGCAGA-1,1,65,81,36635,25872
GGCGTAGGGAAAGCTG-1,1,64,82,36131,26166
AAACCTAAGCAGCCGG-1,0,65,83,36639,26453
ATTGCCTTTATGTTTG-1,0,64,84,36135,26747
CAGGCAGTCTTACCAG-1,0,65,85,36643,27035
AGCTAAGTACGCAGGC-1,0,64,86,36139,27328
AAATCCGATACACGCC-1,0,65,87,36646,27616
CGAGAGCTTTCACTAC-1,0,64,88,36143,27909
CGCCCAGCGTTTCACG-1,0,65,89,36650,28197
TTAAGTATTGTTATCC-1,0,64,90,36146,28490
AAACGGGCGTACGGGT-1,0,65,91,36654,28778
GTATCCTTTGGTAACC-1,0,64,92,36150,29072
CATAGTCAAATACATA-1,0,65,93,36658,29359
TCTATGCTATAACGAC-1,0,64,94,36154,29653
ACGTTCTGTACAAGTC-1,0,65,95,36661,29940
CGCGAAGTGGCATACT-1,0,64,96,36158,30234
ACCAACCGCACTCCAC-1,0,65,97,36665,30521
GTCATGCGCGAGGGCT-1,0,64,98,36161,30815
TAGGCTAAAGTGGCAC-1,0,65,99,36669,31102
TGGCTACACTCTACCT-1,0,64,100,36165,31396
TGTCCACGGCTCAACT-1,0,65,101,36673,31683
AATTGCAGCAATCGAC-1,0,64,102,36169,31977
GTCAACCAGGCCTATA-1,0,65,103,36676,32264
ATCTTATCGCACACCC-1,0,64,104,36173,32558
GTCTATTGCATGCTCG-1,0,65,105,36680,32845
GCACGTGGTTTACTTA-1,0,64,106,36176,33139
ATTCGCGCCTTGAGAG-1,0,65,107,36684,33426
AGCGATGCGCCTAATA-1,0,64,108,36180,33720
TCTATAGGTGGGTAAT-1,0,65,109,36688,34007
AGATACCAATAGAACC-1,0,64,110,36184,34301
CGTGTATGGGAGCTGA-1,0,65,111,36691,34588
ATGTACATGCGGTGAG-1,0,64,112,36188,34882
TTGGCTCAATATGTGT-1,0,65,113,36695,35169
GTTCGGAGCACTCAAC-1,0,64,114,36191,35463
TCCCTCTTCTCAAGGG-1,0,65,115,36699,35750
TTACGTATCTATGACA-1,0,64,116,36195,36044
CCCATATAGGTCGATT-1,0,65,117,36703,36331
GTCCACGTCGCATTCG-1,0,64,118,36199,36625
AATTGTGGTTGCCAAA-1,0,65,119,36706,36912
AGGAACGAACGACTTC-1,0,64,120,36203,37206
TAATTCCAATGCTTCA-1,0,65,121,36710,37494
AGGGCCCTAATGTTCT-1,0,64,122,36206,37787
AGGTGTTGCCGACCAC-1,0,65,123,36714,38075
CTGAGAGTAGAAATAC-1,0,64,124,36210,38368
TAGAAGAAGGGTTACA-1,0,65,125,36718,38656
GGTGACTGATAGAGAG-1,0,64,126,36214,38949
TACCCTCGGTAACCCT-1,0,65,127,36721,39237
TGTAAGACTGATAAGA-1,0,66,0,36989,2336
GTCACTCATGAGCGAT-1,0,67,1,37496,2624
CGGTTTACTGAACATT-1,0,66,2,36992,2917
GAGATCGATCTTACTC-1,0,67,3,37500,3205
TCTTTCATCCGTCCTT-1,0,66,4,36996,3499
TCGGATCTGGATGACC-1,0,67,5,37504,3786
GTCCTAGGATACCTTA-1,0,66,6,37000,4080
TGTACCCGACCCTAAT-1,0,67,7,37507,4367
AGGTTCTCCTTTCCGG-1,0,66,8,37004,4661
AATTGCGTGGATTACA-1,0,67,9,37511,4948
CGATAGCGATACAGTG-1,0,66,10,37007,5242
CGCCCTAATTGTTCAA-1,0,67,11,37515,5529
ATTATGAGACCCAATT-1,0,66,12,37011,5823
CCTCCTAGCTAGAGTC-1,0,67,13,37519,6110
CGAAGGGTTTCAGATT-1,0,66,14,37015,6404
CACAAGCTAAGAAAGG-1,0,67,15,37522,6691
CACCGGTAGAGACATT-1,0,66,16,37019,6985
ACTCATGGCAGCCTTC-1,0,67,17,37526,7272
CATCCAATATAGTTTG-1,0,66,18,37022,7566
CAGATATGAAGATGAC-1,0,67,19,37530,7853
GCAAAGGGCGTTAGCC-1,0,66,20,37026,8147
CTGTTGTTCAGTCGTA-1,0,67,21,37534,8434
AAAGGCCCTATAATAC-1,0,66,22,37030,8728
AACATTGAAGTTGATC-1,0,67,23,37537,9015
GCTAGCGATAGGTCTT-1,0,66,24,37034,9309
ATTGCCTATTAGACCG-1,0,67,25,37541,9596
GGGCGTTTACATTCAT-1,0,66,26,37037,9890
CCTCTACAAGGATTGG-1,0,67,27,37545,10177
AGTGACTGTGACACAA-1,1,66,28,37041,10471
AGCCCTCCCTGGTGGC-1,1,67,29,37549,10758
CGGTTGAGTATCCTTC-1,1,66,30,37045,11052
CATTATCCCATTAACG-1,1,67,31,37552,11340
AATGTGCTAATCTGAG-1,1,66,32,37049,11633
CTTAGTTGAGGAATCG-1,1,67,33,37556,11921
CTTCTGGGCGTACCTA-1,1,66,34,37052,12214
AGTCAAATGATGTGAT-1,1,67,35,37560,12502
TGAACAAGCAGGGACT-1,1,66,36,37056,12795
AATACCGGAGGGCTGT-1,1,67,37,37564,13083
GTTTGGTGATCGGTGC-1,1,66,38,37060,13376
GACTGCTGGTGAGAAA-1,1,67,39,37567,13664
CGATCCTCGCAACATA-1,1,66,40,37064,13958
CCAACCTTATGTAACT-1,1,67,41,37571,14245
CGTGGTACCCAAAGGC-1,1,66,42,37067,14539
AACCCGACAACCCGTG-1,1,67,43,37575,14826
TATGTAAAGTGCTTAA-1,1,66,44,37071,15120
GCAAGTGTAAAGCATG-1,1,67,45,37579,15407
GTAACTGCCCAAGGAG-1,1,66,46,37075,15701
GGTGCATAAATGATTA-1,1,67,47,37582,15988
TAGTCCCGGAGACCAC-1,1,66,48,37079,16282
CGGCCAGAGCGACCAT-1,1,67,49,37586,16569
TGAATGAGTGTTTCCC-1,1,66,50,37082,16863
TTCACTTCCTAGAACG-1,1,67,51,37590,17150
CGCTTAGTATTGATAC-1,1,66,52,37086,17444
AACGCGACCTTGGGCG-1,1,67,53,37594,17731
GTGCACCAGCTTCAAC-1,1,66,54,37090,18025
TTCTATTAAACGCAGC-1,1,67,55,37597,18312
TGGCAAGCACAAGTCG-1,1,66,56,37094,18606
ATCTGCTGTTATCGCC-1,1,67,57,37601,18893
AATTCCAAGCATGTAC-1,1,66,58,37097,19187
AAACGGTTGCGAACTG-1,1,67,59,37605,19474
GAAGGAGTCGAGTGCG-1,1,66,60,37101,19768
GGCAAGCCCATAGTGG-1,1,67,61,37609,20055
TGACCAAATCTTAAAC-1,1,66,62,37105,20349
TTCGGTACTGTAGAGG-1,1,67,63,37612,20636
ATGTACGATGACGTCG-1,1,66,64,37109,20930
ATCTAGCTTGTGAGGG-1,1,67,65,37616,21217
AGCGGGTCTGACACTC-1,1,66,66,37112,21511
GAGGTACGCGTGTCCC-1,1,67,67,37620,21799
GCACTGCCTACCTTTA-1,1,66,68,37116,22092
GGAGCGAGGCCTACTT-1,1,67,69,37624,22380
AAACTCGGTTCGCAAT-1,1,66,70,37120,22673
GGCGCTTCATTCCCTG-1,1,67,71,37627,22961
TGCTCGGTGGGTCACC-1,1,66,72,37124,23254
AAGCGCAGGGCTTTGA-1,1,67,73,37631,23542
GACCTTCCACGTCTAC-1,1,66,74,37127,23835
GTTAGCCCATGACATC-1,1,67,75,37635,24123
AATTCGATTCGAGGAT-1,1,66,76,37131,24417
AGTCTTTAAAGTGTCC-1,1,67,77,37639,24704
GACTAGGCCGTTAGGT-1,1,66,78,37135,24998
TCCAAGCCTAGACACA-1,0,67,79,37642,25285
GATTGGGAAAGGTTGT-1,0,66,80,37139,25579
GATGAGGAACCTTCGG-1,0,67,81,37646,25866
TGAATACCGACGCGTA-1,0,66,82,37142,26160
AATCGTGAGCCGAGCA-1,0,67,83,37650,26447
GCGAAGAATCTGACGG-1,0,66,84,37146,26741
GAACAACTGGGATGAA-1,0,67,85,37654,27028
TCGCCGACATATTCGC-1,0,66,86,37150,27322
CGTAGAGAGTAATTAT-1,0,67,87,37657,27609
CGATAGTCGTACTGCA-1,0,66,88,37154,27903
CGCATGCCGAATGCGT-1,0,67,89,37661,28190
CTCTAGCCCTCGGAAA-1,0,66,90,37157,28484
TCCAACTCAGCTATCT-1,0,67,91,37665,28771
GTCTAGTGAGCCGCTT-1,0,66,92,37161,29065
TACCGAATAATTGTAA-1,0,67,93,37669,29352
ATATAACACGGGCGCA-1,0,66,94,37165,29646
GCATGCTAATAACGAT-1,0,67,95,37672,29933
TCCGGGCTTGACGGGA-1,0,66,96,37169,30227
ATTATTCAGAGTCACT-1,0,67,97,37676,30514
TAGCAGTATGACTAAA-1,0,66,98,37172,30808
TATGAAGAATTAAGGT-1,0,67,99,37680,31095
CAAGGCCAGTGGTGCA-1,0,66,100,37176,31389
TGCGTACGGCTAATTG-1,0,67,101,37684,31676
CAGATAATGGGCGGGT-1,0,66,102,37180,31970
GAGAACGGTTCTGACT-1,0,67,103,37687,32258
CGCTTCGGTCTAAGAC-1,0,66,104,37184,32551
AGCATTACGAGGCAAG-1,0,67,105,37691,32839
AAGTTGTGATGTTATA-1,0,66,106,37187,33132
TTGCTCATAGTACGTG-1,0,67,107,37695,33420
TACTTAAACATGTACA-1,0,66,108,37191,33713
AGTGAGTCGAATTAAC-1,0,67,109,37699,34001
TAGGCCTATATAGTCT-1,0,66,110,37195,34294
ACTCGCCGTTCGATAA-1,0,67,111,37702,34582
GGTACGTTGCGGCCGG-1,0,66,112,37199,34876
TATTGCCGGGCTTGTA-1,0,67,113,37706,35163
GGTAAACTCTGCGCTG-1,0,66,114,37202,35457
TCCCTTGTCTGAAACT-1,0,67,115,37710,35744
CATGATCGCTTTGAGA-1,0,66,116,37206,36038
GGACGGGCGACCAACC-1,0,67,117,37714,36325
GAGAGGCCTATGTGTA-1,0,66,118,37210,36619
TCGTAACTCCCAAGAC-1,0,67,119,37717,36906
CGTATCTAGAACTAAG-1,0,66,120,37214,37200
GCACCTTCCCGAAGGT-1,0,67,121,37721,37487
TACCTCTTTACCATCC-1,0,66,122,37217,37781
TGACTCTAACTGGTAA-1,0,67,123,37725,38068
GAGAAACTGGATCCCA-1,0,66,124,37221,38362
ATCCGGACCAGCCTGA-1,0,67,125,37729,38649
TTATTTAGGTTCCTTA-1,0,66,126,37225,38943
CGAATTCCCGGTTCAA-1,0,67,127,37732,39230
TAGTTTGATCGGTCGC-1,0,68,0,38000,2330
AGTCGAAACGATTCAG-1,0,69,1,38507,2617
ACGTCGGGCAACTCGG-1,0,68,2,38003,2911
ACTTGCTCTATCTACC-1,0,69,3,38511,3198
ATTACGGGCTACGGTT-1,0,68,4,38007,3492
GCAAACGTAAGCGACC-1,0,69,5,38515,3779
TTCGGACTGGGCATGG-1,0,68,6,38011,4073
GGGCCATTCGTGCTGG-1,0,69,7,38518,4360
GAGTTGTCACCAGTCT-1,0,68,8,38015,4654
AGTAATTTGCAAGCGT-1,0,69,9,38522,4941
GTGGCCGGTTTCTCGG-1,0,68,10,38018,5235
ATCTTAGGGCATTAAT-1,0,69,11,38526,5522
CTACATATCGCGGGAC-1,0,68,12,38022,5816
ATGGTATTTACTGATT-1,0,69,13,38530,6103
CCGTCAACCTCTGGCG-1,0,68,14,38026,6397
GCTTCGACGTTCAATC-1,0,69,15,38533,6685
GACCGATTAAATATGT-1,0,68,16,38030,6978
GTCGAATTTGGGCGCT-1,0,69,17,38537,7266
TCACGGCCCAAGAGAG-1,0,68,18,38033,7559
CTACGATCCTATCCTA-1,0,69,19,38541,7847
TGCAGTGGTAGGGAAC-1,0,68,20,38037,8140
TTGCCTAATCCAAAGT-1,0,69,21,38545,8428
AGCGAGACGTGAAGGC-1,0,68,22,38041,8721
TTCTACCTCAATCGGT-1,0,69,23,38548,9009
TACGCTGCTGTGTTAA-1,0,68,24,38045,9303
TAGTCCTGCACTAAGC-1,0,69,25,38552,9590
AGCACACGTTTAGACT-1,0,68,26,38048,9884
GTTCGACAATTGTATA-1,0,69,27,38556,10171
CCATGTTCATCTATAT-1,0,68,28,38052,10465
CCCTCGATAATACACA-1,0,69,29,38560,10752
ACTGCCCGCCATTCTC-1,1,68,30,38056,11046
CTATATCCAGCCTGGC-1,1,69,31,38563,11333
CGCACGTCTGTTTATG-1,1,68,32,38060,11627
AATCAGGTTTCATTTA-1,1,69,33,38567,11914
AGAGAAACACCAGAAA-1,1,68,34,38063,12208
ACCCGATTGGTTCCGA-1,1,69,35,38571,12495
TACCAGGAATCCCGTC-1,1,68,36,38067,12789
AAGTGCTTCTCTATTG-1,1,69,37,38575,13076
TGCATGTGACCCATAG-1,1,68,38,38071,13370
TAGATTCAAAGTGCGG-1,1,69,39,38578,13657
AGGGTCAGAGCACTCG-1,1,68,40,38075,13951
GTGAGATAACCTTATA-1,1,69,41,38582,14238
GTGTCAGTGTACGTGG-1,1,68,42,38078,14532
CTGTAGTGAGGATCGA-1,1,69,43,38586,14819
GATAGTGCGAGTAAGT-1,1,68,44,38082,15113
AGGGTTCAGACGGTCC-1,1,69,45,38590,15400
GGACTCGACAGCGCAT-1,1,68,46,38086,15694
CACTCTCAAGCATCGA-1,1,69,47,38593,15981
GAGCGGAATGCGGTGT-1,1,68,48,38090,16275
CAGTTCGAGGACCCGA-1,1,69,49,38597,16562
CGTAACTTCGACACTT-1,1,68,50,38093,16856
TGATCACCACACTGAC-1,1,69,51,38601,17144
CATACTTCTTTCTCCG-1,1,68,52,38097,17437
CAAGTAAGTGATAGAC-1,1,69,53,38605,17725
AGCCCGCAACAAGCAG-1,1,68,54,38101,18018
GCTCCATGCAAAGCAA-1,1,69,55,38608,18306
TCGTACCGACGTCAAG-1,1,68,56,38105,18599
ATTATCGGAATGTACG-1,1,69,57,38612,18887
ACCTACTATAAATCTA-1,1,68,58,38108,19180
TATCCTATCAACTGGT-1,1,69,59,38616,19468
GCGCGGTCTAGTAACT-1,1,68,60,38112,19762
CCTTCGTATAGAATCC-1,1,69,61,38620,20049
TGGGCGATACAATAAG-1,1,68,62,38116,20343
TGACATGTAACGTGAC-1,1,69,63,38623,20630
TTGGGAAGACGAGCCG-1,1,68,64,38120,20924
GGTGTAAATCGATTGT-1,1,69,65,38627,21211
GAACTGTGGAGAGACA-1,1,68,66,38123,21505
TCCACATCGTATATTG-1,1,69,67,38631,21792
CCTATGGTCAAAGCTG-1,1,68,68,38127,22086
TCCTTGTCCTTTAATT-1,0,69,69,38635,22373
AAGTTTATGGGCCCAA-1,1,68,70,38131,22667
GTCCGGGTTCACATTA-1,0,69,71,38638,22954
ATGTAGCGCGCGTAGG-1,1,68,72,38135,23248
TACGGAAGCCAAACCA-1,0,69,73,38642,23535
GCCCTGAGGATGGGCT-1,0,68,74,38138,23829
CGGGCGATGGATCACG-1,0,69,75,38646,24116
TGCGGACTTGACTCCG-1,0,68,76,38142,24410
TAATACTAGAACAGAC-1,0,69,77,38650,24697
TCAAATTGTTGTGCCG-1,0,68,78,38146,24991
GGGCAGTCAACGCCAA-1,0,69,79,38653,25278
TCGCTGCCAATGCTGT-1,0,68,80,38150,25572
TACGTGGGCCCAGGGC-1,0,69,81,38657,25859
GCCTACGTTCTGTGCA-1,0,68,82,38153,26153
TTGCGTGTGTAGGCAT-1,0,69,83,38661,26440
TCCTAAAGATTCAGAC-1,0,68,84,38157,26734
TGGGTGCACAAGCCAT-1,0,69,85,38665,27021
GGGAGCGACCGTAGTG-1,0,68,86,38161,27315
CATAGAGGAGATACTA-1,0,69,87,38668,27603
CTTCGATTGCGCAAGC-1,0,68,88,38165,27896
GTGCCTGAGACCAAAC-1,0,69,89,38672,28184
TCATCCTCAGCTGCTT-1,0,68,90,38168,28477
TGCAACTACTGGTTGA-1,0,69,91,38676,28765
ATGTTGATTAGAGACT-1,0,68,92,38172,29058
GTTTCTAGAGGCGCGG-1,0,69,93,38680,29346
TACAAGGGCTTCTTTA-1,0,68,94,38176,29640
ACAGGCACGGATCCTT-1,0,69,95,38683,29927
CCCAAGTCATTACACT-1,0,68,96,38180,30221
ACTCTGACCTAATAGA-1,0,69,97,38687,30508
GGATGGCTTGAAGTAT-1,0,68,98,38183,30802
ACCCTCCCGTCAGGGC-1,0,69,99,38691,31089
AGCTTCTTCTCGAGCA-1,0,68,100,38187,31383
TTGCGCTTGATCAATA-1,0,69,101,38695,31670
TGGGTGTAATAGATTT-1,0,68,102,38191,31964
CATGGTTTATTAATCA-1,0,69,103,38698,32251
TTGCCTTCTCGCCGGG-1,0,68,104,38195,32545
TTAAAGTAAGTCGCCA-1,0,69,105,38702,32832
AGTTGGCAAGGCTAGA-1,0,68,106,38198,33126
CCGCACTTGCAATGAC-1,0,69,107,38706,33413
AATGTTGTCGTGAGAC-1,0,68,108,38202,33707
CCAAGGTTGCCCTTTC-1,0,69,109,38710,33994
TGTGACTAGAGTTTGC-1,0,68,110,38206,34288
TTGTGATCTGTTCAGT-1,0,69,111,38713,34575
GGAGTTGATTCTGTGT-1,0,68,112,38210,34869
GTAGTGAGCAACCTCA-1,0,69,113,38717,35156
AAGACATACGTGGTTT-1,0,68,114,38213,35450
CATCCCGAGATTCATA-1,0,69,115,38721,35737
GGCCGCAGGAACCGCA-1,0,68,116,38217,36031
CCAGAAACTGATGCGA-1,0,69,117,38725,36318
ACCCGTAGTCTAGTTG-1,0,68,118,38221,36612
AGGGTCTGGACGCAGT-1,0,69,119,38728,36899
TTGAAACCCTCATTCC-1,0,68,120,38225,37193
TCAATCCCGCGCCAAA-1,0,69,121,38732,37480
AGGACATCGGCACACT-1,0,68,122,38228,37774
GACAAGACGCCCGTGC-1,0,69,123,38736,38062
GAGTAAATTAAGAACC-1,0,68,124,38232,38355
TAAGTCGGTGAGCTAG-1,0,69,125,38740,38643
CTTACTGACTCCTCTG-1,0,68,126,38236,38936
TTAACTGATCGTTTGG-1,0,69,127,38743,39224
GGGCGATCCATAGGCC-1,0,70,0,39011,2323
CGTATTGTTTGGCGCC-1,0,71,1,39518,2611
CGCGTGGGCCTGTGTT-1,0,70,2,39014,2904
AAATCTGCCCGCGTCC-1,0,71,3,39522,3192
GCTGAAGGGTTCTTGG-1,0,70,4,39018,3485
TAATTGCGCTGATTAC-1,0,71,5,39526,3773
TCGCGCGTTTACATGA-1,0,70,6,39022,4067
TAACTGAAATACGCCT-1,0,71,7,39529,4354
CCTGTCGTGTATGAAG-1,0,70,8,39026,4648
CGGGAACGCCCTGCAT-1,0,71,9,39533,4935
AGTTGCGGTCCTCAAC-1,0,70,10,39029,5229
GGGTCCTTGGAAGAAG-1,0,71,11,39537,5516
CGGGAAGTACCGTGGC-1,0,70,12,39033,5810
ACGGTCACCGAGAACA-1,0,71,13,39541,6097
TAGACTCAGTTGGCCT-1,0,70,14,39037,6391
CCTTCCGCAACGCTGC-1,0,71,15,39544,6678
CAGTGTTAATCTCTCA-1,0,70,16,39041,6972
CAGGCCAGTACCACCT-1,0,71,17,39548,7259
GATCGCTGTGGTGCGT-1,0,70,18,39044,7553
GTATCTCGGGCGCTTT-1,0,71,19,39552,7840
CCGGGCTAAGAATTTC-1,0,70,20,39048,8134
CTTCACGCCCTGGTAC-1,0,71,21,39556,8421
CGGATGAATGCTGTGA-1,0,70,22,39052,8715
CTCTGCAGGCATTCTT-1,0,71,23,39559,9002
TCAAAGTCACGGCGTC-1,0,70,24,39056,9296
TGGGTTTCGGGCGTAC-1,0,71,25,39563,9583
TGCTATGGCAAAGGGA-1,0,70,26,39059,9877
TTCACGGTCGTCACGT-1,0,71,27,39567,10164
CGTAAAGCAAGAAATC-1,0,70,28,39063,10458
CTGATCCCTTTATGCA-1,0,71,29,39571,10745
GAGTATACCCTAATCA-1,0,70,30,39067,11039
CCACGGCAGGTGTAGG-1,0,71,31,39574,11326
ACGTACTTTGGCACGG-1,0,70,32,39071,11620
CCTGAGAATAAATGCA-1,0,71,33,39578,11908
TTGATGCCGCTCGTCG-1,1,70,34,39074,12201
GCCAGGAAAGAACACT-1,1,71,35,39582,12489
TCCGACCGCTAATCAA-1,1,70,36,39078,12782
TATATCAAAGTGATCT-1,1,71,37,39586,13070
CCTCGGTTTCCTTGCC-1,1,70,38,39082,13363
TAAATTTAGTAACACC-1,1,71,39,39589,13651
CTCGTTACGGCTACCA-1,1,70,40,39086,13944
GCCGTCGGTTTCGGGC-1,1,71,41,39593,14232
GTTCCGTCCGCCTGCA-1,1,70,42,39089,14526
CTAGGGATAGGGACAA-1,1,71,43,39597,14813
GTCCAGGCACGTGTGC-1,1,70,44,39093,15107
GAGGAATATCTCTTTG-1,1,71,45,39601,15394
CGTTCAAGGAAACGGA-1,1,70,46,39097,15688
GTGGGAACAAACCGGG-1,1,71,47,39604,15975
GGGCACGTAGTACTGT-1,1,70,48,39101,16269
ACTACAAAGAGAGGTG-1,1,71,49,39608,16556
GGTGTAGGTAAGTAAA-1,1,70,50,39104,16850
CCTGTTCAACCTCGGG-1,1,71,51,39612,17137
TGAGGTGTGTGGCGGA-1,1,70,52,39108,17431
ATTGTCTGTTTCATGT-1,1,71,53,39616,17718
GCCGGTCGTATCTCTC-1,1,70,54,39112,18012
ATATGGGATAGCAACT-1,1,71,55,39619,18299
GATAGAACCCGCTAGG-1,1,70,56,39116,18593
ATCCCATTTCCGTGGG-1,1,71,57,39623,18880
GATGCTACCTTCGATG-1,1,70,58,39119,19174
TGCAAAGTTCGTCTGT-1,1,71,59,39627,19461
GTTCAGTCGCCAAATG-1,1,70,60,39123,19755
GTCTCCGCCTCAATAC-1,1,71,61,39631,20042
AGTAGAAGGCGCCTCA-1,1,70,62,39127,20336
GTTGTAGATTTATGAG-1,1,71,63,39634,20623
CTATTTGCTTGGAGGA-1,1,70,64,39131,20917
AGCCATATAGTATGTG-1,0,71,65,39638,21204
TGTTCCGGCCTGAGCT-1,1,70,66,39134,21498
TGCCGTGGGACCCAAT-1,0,71,67,39642,21785
TTGCAAGAAGACTCCT-1,0,70,68,39138,22079
CCGCTCCAGGGCGATC-1,0,71,69,39646,22367
CAAACCCTCCGGCGGG-1,0,70,70,39142,22660
CGGACCTTTACGTCCC-1,0,71,71,39649,22948
ACGTAGGAGAGTCGCT-1,0,70,72,39146,23241
CTGCGACCTCGCCGAA-1,0,71,73,39653,23529
GGCCCAGCTGGTTTGC-1,0,70,74,39150,23822
GGATTAATCATGGACC-1,0,71,75,39657,24110
GAGATGGCTTTAATCA-1,0,70,76,39153,24403
AGTACAGAAGCTTATA-1,0,71,77,39661,24691
GCGGCTTTAGCAAGTT-1,0,70,78,39157,24985
ACCGAGTCTCCTTATT-1,0,71,79,39664,25272
GACCACACTTCCCTTT-1,0,70,80,39161,25566
TGTAGCCAATTCCGTT-1,0,71,81,39668,25853
CTCGTCTGTGCCTTCG-1,0,70,82,39165,26147
GGACTCTTTGACTAAG-1,0,71,83,39672,26434
TCATCGACGACCGTCG-1,0,70,84,39168,26728
TACTACGTGCAATGCG-1,0,71,85,39676,27015
CCCTACTTGAACAATG-1,0,70,86,39172,27309
GCAGCTGTCAACGCAT-1,0,71,87,39679,27596
ATCTACCATCTGCTCC-1,0,70,88,39176,27890
TCTCAAATCAATCGGG-1,0,71,89,39683,28177
ACTCCGGCCGACCACT-1,0,70,90,39180,28471
TACACCTCTTCGAATC-1,0,71,91,39687,28758
GTGGCTGTTTCTGTTC-1,0,70,92,39183,29052
ACGACTCTAGGGCCGA-1,0,71,93,39691,29339
TCGTTTACGCGACCCT-1,0,70,94,39187,29633
AGGATATCCGACTGCA-1,0,71,95,39694,29920
GACACTTCCAATTACC-1,0,70,96,39191,30214
ACGGTACAGTTCAATG-1,0,71,97,39698,30501
CTTGATGACCATCCAG-1,0,70,98,39195,30795
CTGGTAAAGACTTACA-1,0,71,99,39702,31082
CTTGCCCACCCACGCA-1,0,70,100,39198,31376
CATTACGCAGGAAGGG-1,0,71,101,39706,31663
GGACAACCATGAAGCC-1,0,70,102,39202,31957
GTTATCAAGCTATCGA-1,0,71,103,39709,32244
AGGTGCACGTCCACAT-1,0,70,104,39206,32538
AAAGAATGTGGACTAA-1,0,71,105,39713,32826
ACCAAGTCATCGGCAG-1,0,70,106,39210,33119
AGTAACTATAGCAGCC-1,0,71,107,39717,33407
GGGAAAGAATGCCAAC-1,0,70,108,39213,33700
AATCGGTATAGCCCTC-1,0,71,109,39721,33988
GGCACTGCGGTGGTTT-1,0,70,110,39217,34281
CGTCCTCATCGCGTGC-1,0,71,111,39724,34569
CTTAACTTACAGTATA-1,0,70,112,39221,34862
GTGAGTCGACTAATAG-1,0,71,113,39728,35150
TGTACTTCCGGGCATG-1,0,70,114,39225,35444
CACAAACCGCAGAACT-1,0,71,115,39732,35731
GCTTTACACAACTGGG-1,0,70,116,39228,36025
CACCGATGATGGGTAC-1,0,71,117,39736,36312
TCAATATACAGGAGGC-1,0,70,118,39232,36606
AACGACCTCCTAGCCG-1,0,71,119,39739,36893
GTTACCAAGGCGTACG-1,0,70,120,39236,37187
TAGCTCACTGTGTTTG-1,0,71,121,39743,37474
TCGGCAGGGTTAAGGG-1,0,70,122,39240,37768
TGTTAACAAAGTGACT-1,0,71,123,39747,38055
CAGAGCGATGGATGCT-1,0,70,124,39243,38349
CATAGTGGGCACGCCT-1,0,71,125,39751,38636
AAACGCTGGGCACGAC-1,0,70,126,39247,38930
TGTTCTCATACTATAG-1,0,71,127,39754,39217
TCCGCTGGGTCGATCG-1,0,72,0,40022,2317
TTAGCATCCCTCACGT-1,0,73,1,40529,2604
AGCCTTGTCACTGATA-1,0,72,2,40025,2898
GTTTCTTGTTAGAGCT-1,0,73,3,40533,3185
TCGGAGTCCTGGTTGC-1,0,72,4,40029,3479
ACGGGTTGTGACCTGT-1,0,73,5,40537,3766
TGACAGAAATCTTGCT-1,0,72,6,40033,4060
TAGCCATGATTGCCTA-1,0,73,7,40540,4347
CGAAGCCACAGCATGG-1,0,72,8,40037,4641
ACCCGTAGCAGAGAAT-1,0,73,9,40544,4928
AGCTTGATCAGGGTAG-1,0,72,10,40041,5222
CTATAAGTAGGGTTTG-1,0,73,11,40548,5509
TATAGTTAGGTGTACT-1,0,72,12,40044,5803
TACGCTGATAGTTGTA-1,0,73,13,40552,6090
TTCTCAATTGCTACAA-1,0,72,14,40048,6384
GTTGCCCTAACGGGTG-1,0,73,15,40555,6671
GACATTTCGCCCAGCC-1,0,72,16,40052,6965
GTAACTACGTAGACCT-1,0,73,17,40559,7253
CCAGTGTACAGACCGA-1,0,72,18,40056,7546
GCCCGATGCCCAGTTC-1,0,73,19,40563,7834
CGAACCTCTTTCCTAG-1,0,72,20,40059,8127
CATGCACATGAGAGGC-1,0,73,21,40567,8415
CCAAATCAAAGGGCAA-1,0,72,22,40063,8708
GTAGTTTAAGCACACG-1,0,73,23,40570,8996
TAAGTGAATAGTCTAC-1,0,72,24,40067,9289
GGTCCACGTCTATTTG-1,0,73,25,40574,9577
CCCTCAGATCGAGAAC-1,0,72,26,40071,9871
ACATTCGCGCGGAATA-1,0,73,27,40578,10158
CTATGAACACCTTGCC-1,0,72,28,40074,10452
CGAATGGTAGGTCGTC-1,0,73,29,40582,10739
TCGACATAGCGTAGCG-1,0,72,30,40078,11033
GACGTTGCTCGGCGGC-1,0,73,31,40585,11320
CTCGAGGCAAGTTTCA-1,0,72,32,40082,11614
GCTGGGAGCGCGTCAA-1,0,73,33,40589,11901
GACGATATCACTGGGT-1,0,72,34,40086,12195
CAGCTCTGGGCTCACT-1,0,73,35,40593,12482
TAGTCTGCGGCACATT-1,1,72,36,40089,12776
TGGTCGATATACCTCT-1,1,73,37,40597,13063
TTCAGTTCAAGAGGAG-1,1,72,38,40093,13357
GTCTGTAGGTTGAACA-1,1,73,39,40600,13644
GAGAGTCTCGGGAGAG-1,1,72,40,40097,13938
TTGTTTGTATTACACG-1,1,73,41,40604,14225
GCACAGCACGGGCCGA-1,1,72,42,40101,14519
AAACAGTGTTCCTGGG-1,1,73,43,40608,14806
TGGAGAATAATCGTCC-1,1,72,44,40104,15100
CGCCGCGTTCTGAACG-1,1,73,45,40612,15387
CATGCGTTGAGAGGAG-1,1,72,46,40108,15681
TACGCTCCTAGAACTG-1,1,73,47,40615,15968
CCTTGTGAACGTGGTT-1,1,72,48,40112,16262
TTAAAGGCGATGCTCG-1,1,73,49,40619,16549
TAAAGTGCACGTCTCG-1,1,72,50,40116,16843
TGTCCGCAAACAATTC-1,1,73,51,40623,17130
AGGCCTATCATACCAA-1,1,72,52,40119,17424
ACTGGGATGCCAGTGC-1,1,73,53,40627,17712
CGATCCACCATTGTTG-1,1,72,54,40123,18005
GGGCATGCATGTCGAG-1,1,73,55,40630,18293
TCCAGGCAGGACGATC-1,1,72,56,40127,18586
CAATGACCCTTAATTT-1,1,73,57,40634,18874
ATCAAGATCCCAGGAC-1,1,72,58,40131,19167
CTCAGAGCTAATGTCG-1,1,73,59,40638,19455
CTGCGATTTCGAGATT-1,1,72,60,40134,19749
ATGGTATTGGGAACCG-1,0,73,61,40642,20036
TAGGTTCTGCTGAGAA-1,1,72,62,40138,20330
GCCTGTCCCGGTGCAT-1,0,73,63,40645,20617
GGCCTGCTCTGATGTT-1,0,72,64,40142,20911
TAGAGGGAGTTTATCT-1,0,73,65,40649,21198
CTCTACATCCTGCGTG-1,0,72,66,40146,21492
ACACATTTCCGTAGAC-1,0,73,67,40653,21779
TGGGTGTTAAGTAGAA-1,0,72,68,40149,22073
GAGCTCAACATGAGCG-1,0,73,69,40657,22360
GCACACAGCTATTACC-1,0,72,70,40153,22654
GCGACGGTAGTCTCCT-1,0,73,71,40660,22941
GTATCAAGGTACTTCC-1,0,72,72,40157,23235
GGAAAGGGAATTGAGC-1,0,73,73,40664,23522
TACACAGCCGTGGTGC-1,0,72,74,40161,23816
CGGTTGGGCAGGGTCC-1,0,73,75,40668,24103
GCACGCCGATTCCCGC-1,0,72,76,40164,24397
CGCTTTCCGCCAAGGT-1,0,73,77,40672,24684
TGCCCGATAGTTAGAA-1,0,72,78,40168,24978
TCAGAACGGCGGTAAT-1,0,73,79,40675,25265
CCACTCAGATCCGCAA-1,0,72,80,40172,25559
GAAGGGTCATTAAGAC-1,0,73,81,40679,25846
GCGGTCTTGCTTTCAC-1,0,72,82,40176,26140
GGAAGGACACCGTATA-1,0,73,83,40683,26427
CGCGGGAATTCCTTTC-1,0,72,84,40179,26721
TCTATCCGATTGCACA-1,0,73,85,40687,27008
TACTCGTTTGAATCAA-1,0,72,86,40183,27302
GTCTGCCGACTCGACG-1,0,73,87,40690,27589
TACGGGTAATAACATA-1,0,72,88,40187,27883
CCAGTTCGGTAACTCA-1,0,73,89,40694,28171
CGTGCACACCACTGTA-1,0,72,90,40191,28464
CTTCAGTTGGACAACG-1,0,73,91,40698,28752
TGATCTATCACACTCT-1,0,72,92,40194,29045
TAGCAGATACTTAGGG-1,0,73,93,40702,29333
CACCGGGCATCACAAG-1,0,72,94,40198,29626
AGTGGCCCGCAAATGG-1,0,73,95,40705,29914
CTCGCTAGGTAAGCGA-1,0,72,96,40202,30208
GATAGATAGTACAGTC-1,0,73,97,40709,30495
CGAGACTACTGCTGCT-1,0,72,98,40206,30789
ACATTTGAAACCTAAC-1,0,73,99,40713,31076
GACACAGCCGGGACTG-1,0,72,100,40209,31370
ACGGAACACGAGTGCC-1,0,73,101,40717,31657
ACGCCAGTGCGTTTGC-1,0,72,102,40213,31951
GCACCTAGGCGAGTCC-1,0,73,103,40720,32238
TCACTATCCCTTCGGT-1,0,72,104,40217,32532
TGAGTGTAACAACGGG-1,0,73,105,40724,32819
ATTGGTTGTGCATTAC-1,0,72,106,40221,33113
CTGGCGATTTACATGT-1,0,73,107,40728,33400
TCCACCAAGACATAGG-1,0,72,108,40224,33694
AACGTCGCTGCACTTC-1,0,73,109,40732,33981
GTCTCCCGAGTCCCGT-1,0,72,110,40228,34275
AGCCCGCACTACAATG-1,0,73,111,40735,34562
GGCACGCTGCTACAGT-1,0,72,112,40232,34856
GCTTGAGTGACCTCTG-1,0,73,113,40739,35143
ATAGCCATAACAGTCA-1,0,72,114,40236,35437
TAGGAGGCTCGAGAAC-1,0,73,115,40743,35724
GTCGGGTGAAGTACCG-1,0,72,116,40239,36018
CACCCGCGTTTGACAC-1,0,73,117,40747,36305
TCTCAGGCTACTCGCT-1,0,72,118,40243,36599
TAGATTCTCTAGCAAA-1,0,73,119,40750,36886
CCCATTATTGTATCCT-1,0,72,120,40247,37180
GTTAATAGCGTCATTA-1,0,73,121,40754,37467
TACTCATTGACGCATC-1,0,72,122,40251,37761
TAGTGACAAGCTCTAC-1,0,73,123,40758,38048
ATCGCCGTGGTTCATG-1,0,72,124,40254,38342
CTGCTCTCAACACACC-1,0,73,125,40762,38630
GCATGACACAAAGGAA-1,0,72,126,40258,38923
CAACGATCGATCCAAT-1,0,73,127,40765,39211
ATACAGCGTCCACTGA-1,0,74,0,41033,2310
TCACGATTAATACGTT-1,0,75,1,41540,2598
CGTGAACTGACCCGAT-1,0,74,2,41037,2891
TCGATGTTACGGCCGT-1,0,75,3,41544,3179
GACCGGTGATACTCTC-1,0,74,4,41040,3472
TCTGTTTAGATTGTTC-1,0,75,5,41548,3760
GCTACTCGGACGCAGA-1,0,74,6,41044,4053
AAGAAAGTTTGATGGG-1,0,75,7,41551,4341
CGCCAGTAGTACCTTG-1,0,74,8,41048,4635
CTCCCTTGTATCAAGG-1,0,75,9,41555,4922
ACTTTATACACCACTT-1,0,74,10,41052,5216
AGATCTGGAGAGGATA-1,0,75,11,41559,5503
TCATCCATCTGATCAC-1,0,74,12,41055,5797
AGAACACGGCGATGGT-1,0,75,13,41563,6084
CCGCTCCGGATAAGCT-1,0,74,14,41059,6378
TGGTCGGGTACAGGGC-1,0,75,15,41566,6665
ACGGACGCAGCGACAA-1,0,74,16,41063,6959
ACATGCTTACGGCAGC-1,0,75,17,41570,7246
CAGGGAGATAGGCCAG-1,0,74,18,41067,7540
TCGCCACCCGGATTAC-1,0,75,19,41574,7827
TCTTGGTCAATGATAC-1,0,74,20,41070,8121
CATAGGGACACTTGTG-1,0,75,21,41578,8408
CACGAGCAAACCAGAC-1,0,74,22,41074,8702
GGGATATTGATCGCCA-1,0,75,23,41581,8989
TAATGTCGGTTCATGG-1,0,74,24,41078,9283
CGATTTGTCATTAATG-1,0,75,25,41585,9570
TTAAGATACCCAGAGA-1,0,74,26,41082,9864
CGACCGTTGGTATTCG-1,0,75,27,41589,10151
ACTACCATCCGAGGGC-1,0,74,28,41085,10445
TCTACGCACGATCTCC-1,0,75,29,41593,10732
AAGCCACTTGCAGGTA-1,0,74,30,41089,11026
ACGTTGTCGTTGAAAG-1,0,75,31,41596,11313
ACCGCTAGTCATTGGT-1,0,74,32,41093,11607
CATGAGTCCATCACGG-1,0,75,33,41600,11894
ATGTCTTGTTTGACTC-1,0,74,34,41097,12188
TCCCAAACATCCTCTA-1,0,75,35,41604,12476
CAACGCGATGAGCCAA-1,0,74,36,41100,12769
GACACCCAAAGACGCG-1,0,75,37,41608,13057
ACGTTCACTATGCCGC-1,0,74,38,41104,13350
ATGGACTGCTTAGTTG-1,0,75,39,41611,13638
CCATGGCAAACGCTCA-1,1,74,40,41108,13931
TTGTCTCGGCAAGATG-1,0,75,41,41615,14219
TTCGAACGAAACATGC-1,1,74,42,41112,14512
GGAAAGTCTTGATTGT-1,1,75,43,41619,14800
ATCATAGATCGACGAG-1,1,74,44,41115,15094
GATTAGAAACAAGCGT-1,1,75,45,41623,15381
GCTGCGAAGAATTATT-1,1,74,46,41119,15675
TTCCAGTGGGTTTCGT-1,1,75,47,41626,15962
GCTCATTGATCATATC-1,1,74,48,41123,16256
ATACGAGGTTTGTAAG-1,1,75,49,41630,16543
GTCTATACACGCATGG-1,1,74,50,41127,16837
GATTTGCGCTAACACC-1,1,75,51,41634,17124
TGGTGCCCTGCCTTAC-1,1,74,52,41130,17418
TCGAATCGCAGGGTAG-1,1,75,53,41638,17705
GGTAGGCCAATATCAC-1,1,74,54,41134,17999
CGTAAATAACAAAGGG-1,1,75,55,41641,18286
GACTCTAGAGTTCCAA-1,1,74,56,41138,18580
ACTTGTTACCGGATCA-1,0,75,57,41645,18867
GGCATTGAACATCTCA-1,1,74,58,41142,19161
AACCCGCTGTATTCCA-1,0,75,59,41649,19448
TAACAGGTTCCCTTAG-1,0,74,60,41145,19742
GTTCTTGTAACTCAAT-1,0,75,61,41653,20029
GATTCTGTTAATGAGT-1,0,74,62,41149,20323
GGACACCTCGGTGTTG-1,0,75,63,41656,20610
CGATCGAGAAGCACCA-1,0,74,64,41153,20904
CTGCTCTGACGGCAAA-1,0,75,65,41660,21191
CCCAGGAAGAATTCGA-1,0,74,66,41157,21485
TGTCGTGGGTATAGGC-1,0,75,67,41664,21772
ATATGTCTAGAGCGTG-1,0,74,68,41160,22066
GCGGGCAGACGGGTGA-1,0,75,69,41668,22353
CGAAGATCAGTTTCAT-1,0,74,70,41164,22647
ACGCCACTCGAAACAG-1,0,75,71,41671,22935
CTTAGATGTTTCATCC-1,0,74,72,41168,23228
GCGAATGGACTAGCGA-1,0,75,73,41675,23516
TAAATTGTGGGTAAAG-1,0,74,74,41172,23809
ATTTATACTGGTAAAG-1,0,75,75,41679,24097
GCGTCGTAACATGGTC-1,0,74,76,41175,24390
CGGTATGGGCACTCTG-1,0,75,77,41683,24678
CTATCACAACGCTGGA-1,0,74,78,41179,24971
ACCACACGGTTGATGG-1,0,75,79,41686,25259
TCAGCGCACGCCGTTT-1,0,74,80,41183,25553
AATGTTAAGACCCTGA-1,0,75,81,41690,25840
CTTACATAGATTTCTT-1,0,74,82,41187,26134
AACATAGCGTGTATCG-1,0,75,83,41694,26421
AGCAGTCGAAGCATGC-1,0,74,84,41190,26715
GTACTACGGCCTCGTT-1,0,75,85,41698,27002
TTGGCCAAATTGTATC-1,0,74,86,41194,27296
TCAGAGGACGCGTTAG-1,0,75,87,41701,27583
AGTAATCTAAGGGTGG-1,0,74,88,41198,27877
AATTATACCCAGCAAG-1,0,75,89,41705,28164
CCCTACCCACACCCAG-1,0,74,90,41202,28458
CTCTGTCCATGCACCA-1,0,75,91,41709,28745
TCGCCTCCTTCGGCTC-1,0,74,92,41205,29039
CCTGATTCGCGAAGAA-1,0,75,93,41713,29326
GACTTCAACGCATCAA-1,0,74,94,41209,29620
GCTTCCCGTAAGCTCC-1,0,75,95,41716,29907
AGAACTGTACTTTGTA-1,0,74,96,41213,30201
CCTTAAGTACGCAATT-1,0,75,97,41720,30488
GGCCAATTGTATAGAC-1,0,74,98,41217,30782
AGAATACAGGCTATCC-1,0,75,99,41724,31069
AATACCTGATGTGAAC-1,0,74,100,41220,31363
TAGAGTGTTCCGGGTA-1,0,75,101,41728,31650
GCTTCCATGTAACCGC-1,0,74,102,41224,31944
GGTTCGCATTTGCCGT-1,0,75,103,41731,32231
TCAATCCGGGAAGTTT-1,0,74,104,41228,32525
CCGGAAGTGCAATATG-1,0,75,105,41735,32812
CTCATAAATGTGTATA-1,0,74,106,41232,33106
GACGGGCATCGAATTT-1,0,75,107,41739,33394
GCTAAGCCCAGTATGC-1,0,74,108,41235,33687
GCTATAAGGGCCAGGA-1,0,75,109,41743,33975
GCGGATTACTTGTTCT-1,0,74,110,41239,34268
TACAACAGCGCATACA-1,0,75,111,41746,34556
TCTAACCTAGCCTGCG-1,0,74,112,41243,34849
TCTACCCGCATCATTT-1,0,75,113,41750,35137
GTCTTACCACGCCAAG-1,0,74,114,41247,35430
AATAACGTCGCGCCCA-1,0,75,115,41754,35718
CGTTTCGGTTATATGC-1,0,74,116,41250,36012
TACGCTGCACGGTCGT-1,0,75,117,41758,36299
CGTTAAATACGACCAG-1,0,74,118,41254,36593
TCGACTGACGATGGCT-1,0,75,119,41761,36880
ACGCTACTGAATGGGC-1,0,74,120,41258,37174
AAGGGTTAGCCATGCG-1,0,75,121,41765,37461
ACGTTTCGGTGCACTT-1,0,74,122,41262,37755
TTAACCCGAGGCGTGT-1,0,75,123,41769,38042
GCCCGTCAAGCCCAAT-1,0,74,124,41265,38336
ATTCGTCCCGAGGTTA-1,0,75,125,41773,38623
TCAAATTATGTTCGAC-1,0,74,126,41269,38917
AACGTTCTACCATTGT-1,0,75,127,41776,39204
CTGTCCTGCGCACTAC-1,0,76,0,42044,2304
GCCCAGCGACACAAAG-1,0,77,1,42551,2591
TATAGCTATTATCTCT-1,0,76,2,42048,2885
AAGCTATGGATTGACC-1,0,77,3,42555,3172
CCGAAACACGACCTCT-1,0,76,4,42051,3466
ATCAGAAGCTGGTTGC-1,0,77,5,42559,3753
TGAACCTGAATGTGAG-1,0,76,6,42055,4047
TCAGAGCATGTCAACG-1,0,77,7,42562,4334
ATACCCTCCCGGCCAA-1,0,76,8,42059,4628
GCCACCTTATTCGCGA-1,0,77,9,42566,4915
CAACGAGCTTATTATG-1,0,76,10,42063,5209
GATCCAACCTTTAAAC-1,0,77,11,42570,5496
TTGTGGAGACAGCCGG-1,0,76,12,42066,5790
AGATAATCACACCTAT-1,0,77,13,42574,6077
GGTTAGGGATGCTAAT-1,0,76,14,42070,6371
TCATGAAGCGCTGCAT-1,0,77,15,42577,6658
CCAGGCGAGATGGTCT-1,0,76,16,42074,6952
CGACTTGCCGGGAAAT-1,0,77,17,42581,7239
GTGCCAAACGTTTCGA-1,0,76,18,42078,7533
TGCTCAAAGGATGCAC-1,0,77,19,42585,7821
GCCTCAGGTACCGGTC-1,0,76,20,42081,8114
ACAAGTAATTGTAAGG-1,0,77,21,42589,8402
TTAGAGTATTGTCGAG-1,0,76,22,42085,8695
GTCATCCCAAACTCAC-1,0,77,23,42592,8983
CTCCTAGTAATCGTGA-1,0,76,24,42089,9276
CCCTCATCACAGAGTA-1,0,77,25,42596,9564
GGAAACAGAGCTTGGG-1,0,76,26,42093,9857
ACATCGCAATATTCGG-1,0,77,27,42600,10145
TTAGCCATAGGGCTCG-1,0,76,28,42096,10439
CGGATTCTGCCTTATG-1,0,77,29,42604,10726
TTGTTGGCAATGACTG-1,0,76,30,42100,11020
GGATCTACCGTTCGTC-1,0,77,31,42607,11307
GGTGGGATTAGGTCCC-1,0,76,32,42104,11601
AATAGGCACGACCCTT-1,0,77,33,42611,11888
GAGGTCCGTTCGCTGT-1,0,76,34,42108,12182
TGACAACTTAAAGGTG-1,0,77,35,42615,12469
AGCTAAGCTCCGTCCG-1,0,76,36,42111,12763
CTAGCCCGGGAGACGA-1,0,77,37,42619,13050
CCCAGATTCCCGTGAC-1,0,76,38,42115,13344
GCCCGTTCACACAATT-1,0,77,39,42622,13631
ACAAACTCCATCAGAG-1,0,76,40,42119,13925
GGTTCCGTACGACTAA-1,0,77,41,42626,14212
TTGCGGAAAGCTGCCC-1,0,76,42,42123,14506
GGAACTCGTGAATACG-1,0,77,43,42630,14793
GGTTACCGCTCCCTAC-1,0,76,44,42126,15087
AGCGACTTTGAAGACA-1,0,77,45,42634,15374
CCGTTTCCTTTCCGTG-1,0,76,46,42130,15668
TGGATGGCATCTTGGA-1,0,77,47,42637,15955
CAAGTCGTTGAAATCT-1,0,76,48,42134,16249
TGCAAACGTACTAGTT-1,0,77,49,42641,16536
GGCTGTCCTACTGCGG-1,0,76,50,42138,16830
TACTGCATGATTAAAT-1,0,77,51,42645,17117
CGGACCTCTGTAGTTA-1,0,76,52,42141,17411
CCCTAGCTCTAAGGTC-1,0,77,53,42649,17698
GTAACAGGTTAACGGC-1,0,76,54,42145,17992
CCCGCAAATAATCATC-1,0,77,55,42652,18280
AATCCCGCTCAGAGCC-1,0,76,56,42149,18573
AACGTCATCCGGCTTG-1,0,77,57,42656,18861
CTCGTGGCACTGAAAG-1,0,76,58,42153,19154
CTTTATCCGACGCATG-1,0,77,59,42660,19442
AAATGACTGATCAAAC-1,0,76,60,42156,19735
TTCGTGCATGTTATAG-1,0,77,61,42664,20023
ATCAAAGAGCCGTGGT-1,0,76,62,42160,20317
ATGTCATAATAAACGA-1,0,77,63,42667,20604
CTTAATCGACTTAGTA-1,0,76,64,42164,20898
CTAAAGGATGAGATAC-1,0,77,65,42671,21185
GTGCTATCCAGCTGGA-1,0,76,66,42168,21479
GACAGAGGTCTTCAGT-1,0,77,67,42675,21766
TCGATTTACGAAACGA-1,0,76,68,42171,22060
AGGCTTAAGTTGCACA-1,0,77,69,42679,22347
TAGGATCTTAACCGCA-1,0,76,70,42175,22641
GACTTTCGAGCGGTTC-1,0,77,71,42683,22928
CCCTGGGAGGGATCCT-1,0,76,72,42179,23222
TAGTAGTTGCCGGACA-1,0,77,73,42686,23509
GCCCTAAGTGCAGGAT-1,0,76,74,42183,23803
ACTTGGGCTTTCGCCA-1,0,77,75,42690,24090
CATGATACGGTGAAAC-1,0,76,76,42186,24384
TCCTGCAGCCGCCAAT-1,0,77,77,42694,24671
GTCCGTTAGAGGGCCT-1,0,76,78,42190,24965
GCTTTATTAAGTTACC-1,0,77,79,42698,25252
AATCGAGGTCTCAAGG-1,0,76,80,42194,25546
GTGCTGTTAGAACATA-1,0,77,81,42701,25833
GGCTTCTCGTGGGTGG-1,0,76,82,42198,26127
CCTACAGTTGAGGGAG-1,0,77,83,42705,26414
TATCCCTCGATCTGCA-1,0,76,84,42201,26708
CCGGTATCTGGCGACT-1,0,77,85,42709,26995
CTCTAACACCGGCAGC-1,0,76,86,42205,27289
CTTCATCACCAGGGCT-1,0,77,87,42713,27576
GGCTGGCAATCCCACG-1,0,76,88,42209,27870
CAAACCATAAGCGTAT-1,0,77,89,42716,28157
CATGTGGGCTCATCAC-1,0,76,90,42213,28451
CCCGTGACAGTGCCTT-1,0,77,91,42720,28739
GATTATCTTGCATTAT-1,0,76,92,42216,29032
GAGTCCACCAGGTTTA-1,0,77,93,42724,29320
TGTACTATCGCTCGTT-1,0,76,94,42220,29613
TTAGCGAATAGATAGG-1,0,77,95,42728,29901
ACATACAATCAAGCGG-1,0,76,96,42224,30194
ATTCGTGTACCCATTC-1,0,77,97,42731,30482
GCTAGCAACGCACCTA-1,0,76,98,42228,30776
ACCTCAGCGAGGCGCA-1,0,77,99,42735,31063
TCCGGGCCACTAACGG-1,0,76,100,42231,31357
TCCCAATATCGACGAC-1,0,77,101,42739,31644
GGATTGAAGTAGCCTC-1,0,76,102,42235,31938
GGCGCACAGTTTACCT-1,0,77,103,42743,32225
CCCGGCACGTGTCAGG-1,0,76,104,42239,32519
AGTAAGGGACAGAATC-1,0,77,105,42746,32806
TTGCGCACAACCACGT-1,0,76,106,42243,33100
CCTGCTACAACCATAC-1,0,77,107,42750,33387
CTGGGCTACTGGAGAG-1,0,76,108,42246,33681
AGCTACGAATGGTGGT-1,0,77,109,42754,33968
ATTCGTTTATCGTATT-1,0,76,110,42250,34262
GGCATTCCCTCCCTCG-1,0,77,111,42758,34549
AGTTATTCAGACTGTG-1,0,76,112,42254,34843
CCACTTTCCTTCTAGG-1,0,77,113,42761,35130
CGCAGTTCTATCTTTC-1,0,76,114,42258,35424
AGGAGCGTTTATTATC-1,0,77,115,42765,35711
GACAGGTAATCCGTGT-1,0,76,116,42261,36005
TTCCCAAAGTACTGAT-1,0,77,117,42769,36292
CTGCAGGGTGACGCTC-1,0,76,118,42265,36586
TCATGGAGGCCTTTGT-1,0,77,119,42773,36873
ATGGCCCGAAAGGTTA-1,0,76,120,42269,37167
CGTAATATGGCCCTTG-1,0,77,121,42776,37454
AGAGTCTTAATGAAAG-1,0,76,122,42273,37748
GAACGTTTGTATCCAC-1,0,77,123,42780,38035
ATTGAATTCCCTGTAG-1,0,76,124,42276,38329
TACCTCACCAATTGTA-1,0,77,125,42784,38616
AGTCGAATTAGCGTAA-1,0,76,126,42280,38910
TTGAAGTGCATCTACA-1,0,77,127,42788,39198
