ACGCCTGACACGCGCT-1,0,0,0,2828,5644
TACCGATCCAACACTT-1,0,1,1,3334,5933
ATTAAAGCGGACGAGC-1,0,0,2,2829,6225
GATAAGGGACGATTAG-1,0,1,3,3335,6515
GTGCAAATCACCAATA-1,0,0,4,2830,6806
TGTTGGCTGGCGGAAG-1,0,1,5,3336,7096
GCATCCTCTCCTATTA-1,0,0,6,2831,7388
GCGAGGGACTGCTAGA-1,0,1,7,3337,7677
TGGTACCGGCACAGCC-1,0,0,8,2832,7969
GCGCGTTTAAATCGTA-1,0,1,9,3338,8258
TGCCTTGCCCTTACGG-1,0,0,10,2833,8550
GACGACTTTCCAAGAA-1,0,1,11,3340,8840
CCAGTGAGCTCCTTGT-1,0,0,12,2834,9131
ATACCCTGGCTCAAAT-1,0,1,13,3341,9421
GGGTTTCCGGCTTCCA-1,0,0,14,2836,9713
TAACCGTCCAGTTCAT-1,0,1,15,3342,10002
AAACAACGAATAGTTC-1,0,0,16,2837,10294
CAAGGGAGTGTATTTG-1,0,1,17,3343,10584
CCAAGCTTGATCTCCT-1,0,0,18,2838,10875
TTATTTCATCCCAAAC-1,0,1,19,3344,11165
GAGCGCTATGTCAGGC-1,0,0,20,2839,11457
TATGGCAGACTTTCGA-1,0,1,21,3345,11746
CTTCGTGCCCGCATCG-1,0,0,22,2840,12038
AAACGGGTTGGTATCC-1,0,1,23,3346,12328
TGCAAACCCACATCAA-1,0,0,24,2841,12619
GACGGGATGTCTTATG-1,0,1,25,3347,12909
GGCGAGCATCGAGGAC-1,0,0,26,2842,13200
CGCGTGCTATCAACGA-1,0,1,27,3349,13490
TGAAACCTCAACTCAC-1,0,0,28,2843,13782
CACATAAGGCGACCGT-1,0,1,29,3350,14071
TGACCCAACTCACATT-1,0,0,30,2845,14363
ATACGCCGATCTACCG-1,0,1,31,3351,14653
ACTTATCTGATCTATA-1,0,0,32,2846,14944
GTGTGAGCCGAGGTGC-1,0,1,33,3352,15234
GATGATTTGAAACTGG-1,0,0,34,2847,15526
GGGAACCACCTGTTTC-1,0,1,35,3353,15815
GTTCGTTGCGGACCAG-1,0,0,36,2848,16107
TGAGGTTGATCCCAAG-1,0,1,37,3354,16397
GATGCCACACTACAGC-1,0,0,38,2849,16688
AGGCAAAGAGGAATCA-1,0,1,39,3355,16978
AAGTAAGCTTCCAAAC-1,0,0,40,2850,17270
AACGTAGTCTACCCAT-1,0,1,41,3356,17559
GTTTGAGCGGTTATGT-1,0,0,42,2851,17851
GAAGCAAGGCAATGTT-1,0,1,43,3358,18140
TCACTCAGCGCATTAG-1,0,0,44,2852,18432
TACAATGAAACCAGCA-1,0,1,45,3359,18722
GTGCGCTTACAAATGA-1,0,0,46,2854,19013
GCACTCCCACAGTCCC-1,0,1,47,3360,19303
CGAAGACTGCCCGGGA-1,0,0,48,2855,19595
CAGGATCCGCCCGACC-1,0,1,49,3361,19884
CACGATTGGTCGTTAA-1,0,0,50,2856,20176
GGTTGTATCGTGAAAT-1,0,1,51,3362,20466
TCTTATGGGTAGTACC-1,0,0,52,2857,20757
TACAAGCTGTTCACTG-1,0,1,53,3363,21047
GTATCTTGTTGCTCAC-1,0,0,54,2858,21339
ATACCAGGTGAGCGAT-1,0,1,55,3364,21628
CCTAAACAGGGTCCGT-1,0,0,56,2859,21920
ATGGTGCTCAAAGCCA-1,0,1,57,3365,22210
CAAATGCGGAGTGTTC-1,0,0,58,2860,22501
CGTGCCCGACATTTGT-1,0,1,59,3367,22791
GTATCTCCCTAACTGT-1,0,0,60,2861,23082
ATTTGCCTAGTTACGA-1,0,1,61,3368,23372
ACGTCCTAAACGAGAT-1,0,0,62,2863,23664
CTGGGATCGCCCAGAT-1,0,1,63,3369,23953
CTGCAAATGGGCTCCA-1,0,0,64,2864,24245
CATTATAACAGGGTCC-1,0,1,65,3370,24535
ACCTTTCCTTTAGAAG-1,0,0,66,2865,24826
ATAGATTTGCAGTCGG-1,0,1,67,3371,25116
CTCGGGCATCGTCGGG-1,0,0,68,2866,25408
GTGGCGGGCCGTAGCT-1,0,1,69,3372,25697
CAACAGTGCCAAACGG-1,0,0,70,2867,25989
TGCGGGTATTGGGATC-1,0,1,71,3373,26279
GTCTCGCCAACACGCC-1,0,0,72,2868,26570
CTGGGCGGCCAAATGT-1,0,1,73,3374,26860
TAAAGGAGAAACTAGT-1,0,0,74,2869,27152
TCCCACGGAGGGAGCT-1,0,1,75,3376,27441
AGCTTCAATACTTTGA-1,0,0,76,2870,27733
TTCCACATTTCTCGTC-1,0,1,77,3377,28023
ACAAACCGACAAGGCG-1,0,0,78,2871,28314
AGACGGGATTGGTATA-1,0,1,79,3378,28604
AACCTAAAGCCGTCCG-1,0,0,80,2873,28895
TACAAATTGCGGAGGT-1,0,1,81,3379,29185
CCCGCTAGAGGGTTAA-1,0,0,82,2874,29477
CATTGCAAAGCATAAT-1,0,1,83,3380,29766
TGTACGCTATCAGCTT-1,0,0,84,2875,30058
TTCTTCGCAATAGAGC-1,0,1,85,3381,30348
TGTGATTCCAGCGCTT-1,0,0,86,2876,30639
ATTCAGGATCGCCTCT-1,0,1,87,3382,30929
GCCCATGGGTGCAATG-1,0,0,88,2877,31221
TTCCCGACGCTTCACT-1,0,1,89,3383,31510
AGCGGTTGAGATGTAC-1,0,0,90,2878,31802
GCTGTCTGTGATCGAC-1,0,1,91,3385,32092
AAAGACATGAAGTTTA-1,0,0,92,2879,32383
CAACAGAATAACGCTA-1,0,1,93,3386,32673
TGCGGTCTACGAGTAA-1,0,0,94,2880,32964
AAGACTCACGCCCACT-1,0,1,95,3387,33254
CTTTGAAACATATTCC-1,0,0,96,2882,33546
CTGGGCACTAGTCGGA-1,0,1,97,3388,33835
CGCCCTTACATCCACC-1,0,0,98,2883,34127
CACGACCACAGACTTT-1,0,1,99,3389,34417
CAATCCATTATCCGTT-1,0,0,100,2884,34708
GTGGCGTGCACCAGAG-1,0,1,101,3390,34998
CGGAGTCCTAACCTGG-1,0,0,102,2885,35290
GGTCCCATAACATAGA-1,0,1,103,3391,35579
ATCTCATAAACCTACC-1,0,0,104,2886,35871
TGCATGGCAGTCTTGC-1,0,1,105,3392,36161
TTGCAGGTCATGAAGT-1,0,0,106,2887,36452
AGCTGCATTTGAGGTG-1,0,1,107,3393,36742
TAATCAGGAATGCTGC-1,0,0,108,2888,37034
CCATCATAAGAACAGG-1,0,1,109,3395,37323
TCGTATCACCAAGCTA-1,0,0,110,2889,37615
ATTCAGATGAATCCCT-1,0,1,111,3396,37905
AAAGGTCAACGACATG-1,0,0,112,2891,38196
AGCTGCTGTGCCGAAT-1,0,1,113,3397,38486
CTAGCGCCAATCCTAC-1,0,0,114,2892,38777
GCTCGACCGAACTGAA-1,0,1,115,3398,39067
ACAGTGCAGCGCATTT-1,0,0,116,2893,39359
CGGCTGAAGGTTACGC-1,0,1,117,3399,39648
CACCTCTACGAGTGTG-1,0,0,118,2894,39940
ATACGACAGATGGGTA-1,0,1,119,3400,40230
ACTTCCTGTCGTGCGA-1,0,0,120,2895,40521
CGTAACGGAACGATCA-1,0,1,121,3401,40811
AAATCACTCCTAAACG-1,0,0,122,2896,41103
CTCCGAGTAAATCCGC-1,0,1,123,3402,41392
ACGCTAGTATCAGTGC-1,0,0,124,2897,41684
AGAGTGAACAGACACC-1,0,1,125,3404,41974
ACACCCGTAAATCTGT-1,0,0,126,2898,42265
GCTTTGCTGCCGGGTA-1,0,1,127,3405,42555
ACAGGAGGCGCAGCCG-1,0,2,0,3839,5642
AGGCAATACGGAGGAC-1,0,3,1,4345,5931
TGGTGTGACAGACGAT-1,0,2,2,3840,6223
ATCTATCGATGATCAA-1,0,3,3,4347,6513
CGGTAACAAGATACAT-1,0,2,4,3841,6804
TCGCCGGAGAGTCTTA-1,0,3,5,4348,7094
GGAGGAGTGTGTTTAT-1,0,2,6,3843,7386
TTAGGTGTGACTGGTC-1,0,3,7,4349,7675
CAGGGCTAACGAAACC-1,0,2,8,3844,7967
CCCGTGGGTTAATTGA-1,0,3,9,4350,8257
GACCGACCGCTAATAT-1,0,2,10,3845,8548
GGTATCAAGCATAGAA-1,0,3,11,4351,8838
TGCATGAGTAGATTCG-1,0,2,12,3846,9129
AATTCCAACTTGGTGA-1,0,3,13,4352,9419
TGCCGATGTCATCAAT-1,0,2,14,3847,9711
GCTGGGTCCGCTGTTA-1,0,3,15,4353,10000
TGAACACCCGAAGCAG-1,0,2,16,3848,10292
AACATTGGTCAGCCGT-1,0,3,17,4354,10582
GTGGGTCTTCTTTGCG-1,0,2,18,3849,10873
CATCGAATGGATCTCT-1,0,3,19,4356,11163
GCTACACTGTCCGAAC-1,0,2,20,3850,11455
CGGGTTGTAGCTTTGG-1,0,3,21,4357,11744
CCTAAGTGTCTAACCG-1,0,2,22,3852,12036
TCTGTGACTGACCGTT-1,0,3,23,4358,12326
TTATCATACTCGCAAA-1,0,2,24,3853,12617
AGCGTAGCGCTAGACC-1,0,3,25,4359,12907
TCCCTCCGAAATCGTT-1,0,2,26,3854,13199
AGGTCGCCACTTCGGT-1,0,3,27,4360,13488
CTAGCAACTAATTTAC-1,0,2,28,3855,13780
TTGCTAGCTACCAATC-1,0,3,29,4361,14069
GCCGGTTTGGGCGGAT-1,0,2,30,3856,14361
TGTAACTTGTCAACCT-1,0,3,31,4362,14651
CGAGATGTTGCCTATA-1,0,2,32,3857,14942
GTTACGAAATCCACGC-1,0,3,33,4363,15232
CTTGTCGTACGTGTCA-1,0,2,34,3858,15524
GCGTCCAGCTCGTGGC-1,0,3,35,4365,15813
CCCTTCTCGTACGCGA-1,0,2,36,3859,16105
CCAAAGTCCCGCTAAC-1,0,3,37,4366,16395
CCGCTTCGCGGTTAAC-1,0,2,38,3860,16686
GTTACGGCCCGACTGC-1,0,3,39,4367,16976
CCCGCTTGCCCTCGTC-1,0,2,40,3862,17268
TAGTGAGAAGTGGTTG-1,0,3,41,4368,17557
CGCTACCGCCCTATGA-1,0,2,42,3863,17849
AAACAATCTACTAGCA-1,0,3,43,4369,18139
GCGCGATGGGTCAAGT-1,0,2,44,3864,18430
ATAAACCATTGGACGG-1,0,3,45,4370,18720
TCGGGCACTTCTGGAT-1,0,2,46,3865,19011
TCTGTGGCTACATTTC-1,0,3,47,4371,19301
CTCTGTGCCTGCTATG-1,0,2,48,3866,19593
CACGACTAAAGTTCTG-1,0,3,49,4372,19882
GAGGAGTAATTCCTAC-1,0,2,50,3867,20174
AGAGGTATCTCGGTCC-1,0,3,51,4374,20464
GGCGTACCCTATATAA-1,0,2,52,3868,20755
GCCGGAAACACATCTT-1,0,3,53,4375,21045
AAATGTGGGTGCTCCT-1,0,2,54,3869,21337
ACCAGGAGTGTGATCT-1,0,3,55,4376,21626
TGTGGAGGAAGCTTAA-1,0,2,56,3871,21918
AAGGAGAACTTATAAG-1,0,3,57,4377,22208
CCCTCGGGAGCCTTGT-1,0,2,58,3872,22499
ACTGTTTAGTGTAGGC-1,0,3,59,4378,22789
CGTCAGTTTATCGTCT-1,0,2,60,3873,23081
GCGTGTATGTCGTATT-1,0,3,61,4379,23370
ACAATCGATCTTTATA-1,0,2,62,3874,23662
CAGCCCTCACAGGCAG-1,0,3,63,4380,23951
CGCGTCATATTAAACC-1,0,2,64,3875,24243
GAAGACTTCAATGCCG-1,0,3,65,4381,24533
TTGCGGCGACTCATGC-1,0,2,66,3876,24824
ACCAAACTAGAAATCC-1,0,3,67,4382,25114
TTACTGTTTCTCTACG-1,0,2,68,3877,25406
GACCAGGTCATTCATA-1,0,3,69,4384,25695
TTCTTCCCTTTGATAT-1,0,2,70,3878,25987
ACGCCCAGCTGTCGAT-1,0,3,71,4385,26277
AGTAGCGTGAACGAAC-1,0,2,72,3880,26568
CCTCGACCCACTGCCT-1,0,3,73,4386,26858
AGTTATTGAAAGGTAA-1,0,2,74,3881,27150
TCAGTTACGGAATGAT-1,0,3,75,4387,27439
GAATCTATACTCGGAC-1,0,2,76,3882,27731
TCGGCTAACTTCCCTT-1,0,3,77,4388,28021
ACGTGGTCGAATGTGC-1,0,2,78,3883,28312
ATATCGTGCCAGACCC-1,0,3,79,4389,28602
GTAGCTAGTAAGCGCG-1,0,2,80,3884,28893
ACGCTTAGTGTCTCTC-1,0,3,81,4390,29183
TCCGGCCTGCATCGAT-1,0,2,82,3885,29475
TAGTGGAACTCATACA-1,0,3,83,4391,29764
ATCATCTGCCCAGTGT-1,0,2,84,3886,30056
GTTATTAAATACGACC-1,0,3,85,4393,30346
GCGCTAAGTATGCATG-1,0,2,86,3887,30637
CCTGACGCAACCTTTA-1,0,3,87,4394,30927
CCCAAGAATGCACGGT-1,0,2,88,3889,31219
AACTGGGTTCGAGCCG-1,0,3,89,4395,31508
GGTTCCACCCGCTTCT-1,0,2,90,3890,31800
CATGCACGTGTTACTG-1,0,3,91,4396,32090
AGCGTTCCGATTTAAA-1,0,2,92,3891,32381
CCTACGCGACCTTACA-1,0,3,93,4397,32671
CGAATTACATGGTGTT-1,0,2,94,3892,32963
GAGGTCTTAGTGGGTC-1,0,3,95,4398,33252
GCCGCTAGATACGCAG-1,0,2,96,3893,33544
GTCACCTGTCTATGTC-1,0,3,97,4399,33834
CCGATTGGTCAATGAA-1,0,2,98,3894,34125
CCTGTGCGGATTGTAA-1,0,3,99,4400,34415
TTACGTAGCGCGTGCT-1,0,2,100,3895,34706
GGAGGCGAAGAACCGC-1,0,3,101,4402,34996
GGGTCACGTGCTTATG-1,0,2,102,3896,35288
GCTCCGGACGTTGATA-1,0,3,103,4403,35577
ATGTTTGTAAGATCAT-1,0,2,104,3898,35869
TGACCCAGCATTCCCG-1,0,3,105,4404,36159
TGGTCGTTTGATAGAT-1,0,2,106,3899,36450
TGTAATGCCTTCGGAC-1,0,3,107,4405,36740
TGCTCACACAACAACC-1,0,2,108,3900,37032
TACGATCCAAGCCACT-1,0,3,109,4406,37321
TTGTAACTTCATAGCG-1,0,2,110,3901,37613
AGATTCAAGCGGGTCG-1,0,3,111,4407,37903
CTCAGCAGACTGCCGA-1,0,2,112,3902,38194
GTAACATCAGCTCATC-1,0,3,113,4408,38484
ATGGAACAGAATAAAC-1,0,2,114,3903,38775
GGGCCTATACAACCGG-1,0,3,115,4409,39065
TCAAACAATTAGGACA-1,0,2,116,3904,39357
AAACCACTACACAGAT-1,0,3,117,4411,39646
AAACGACAGTCTTGCC-1,0,2,118,3905,39938
TTGAGGGTCGAACGCG-1,0,3,119,4412,40228
TGTTGATCACTGTTTA-1,0,2,120,3906,40519
AGGGTGTGCTACACGC-1,0,3,121,4413,40809
GTAGTTAGACAATATA-1,0,2,122,3908,41101
AATGGCCGCCAATGCG-1,0,3,123,4414,41390
TCGGCGGTATTAGATT-1,0,2,124,3909,41682
GGGTCACTGAGTAGTG-1,0,3,125,4415,41972
GAATTATGCAACCTAC-1,0,2,126,3910,42263
GATCTTAGTGAACGTG-1,0,3,127,4416,42553
CTAATGCGCCCAACAA-1,0,4,0,4851,5640
GCCACCCATTCCACTT-1,0,5,1,5357,5929
TACTCACAACGTAGTA-1,0,4,2,4852,6221
GTTCGGTGTGGATTTA-1,0,5,3,5358,6511
TCTTTCGGCGGGACAC-1,0,4,4,4853,6802
GGAGACATTCACGGGC-1,0,5,5,5359,7092
GGGATTATCTCACAAC-1,0,4,6,4854,7384
TAGAACGCCAGTAACG-1,0,5,7,5360,7673
ACGAGTCGCCGGCGTT-1,0,4,8,4855,7965
TGATGGGACTAAGTCA-1,0,5,9,5361,8255
TGCGAGAAACGTTACG-1,0,4,10,4856,8546
TCGCCTCGACCTGTTG-1,0,5,11,5363,8836
AACTCGATAAACACGT-1,0,4,12,4857,9127
AGGAAAGCCTCTGATG-1,0,5,13,5364,9417
GAAGGACTAAATTGAA-1,0,4,14,4858,9709
GTATCGGGACGAGCTG-1,0,5,15,5365,9998
CCTGTGCATAGGAGAC-1,0,4,16,4860,10290
CATACGGGTGCATGAT-1,0,5,17,5366,10580
CCACTAAACTGAATCG-1,0,4,18,4861,10871
AAATTGCGGCGGTTCT-1,0,5,19,5367,11161
AGTCCAGCGGGTACGT-1,0,4,20,4862,11453
CATTCAGGTCAGTGCG-1,0,5,21,5368,11742
CTAAAGTCCGAAGCTA-1,0,4,22,4863,12034
AATCAGACTGCAGGAC-1,0,5,23,5369,12324
AGTATCCATAATAACG-1,0,4,24,4864,12615
CTGGCTGCTAACGTAA-1,0,5,25,5370,12905
GTTCCAAGACAGCGAC-1,0,4,26,4865,13197
AAGACTAACCCGTTGT-1,0,5,27,5372,13486
GATTAATCCTGGCTCA-1,0,4,28,4866,13778
CGCGCAAGGAACTACA-1,0,5,29,5373,14068
CAGTAGCGAGGTAGTA-1,0,4,30,4867,14359
ACGGCGGGTTGCCCTG-1,0,5,31,5374,14649
CTAGGCGGCAGAGAAT-1,0,4,32,4869,14940
GTGCGCAGCTTGCTCC-1,0,5,33,5375,15230
TCACTATCGTGCAATC-1,0,4,34,4870,15522
TATGATTCTGCTTGGT-1,0,5,35,5376,15811
TAAGATTTAGCGGGAG-1,0,4,36,4871,16103
TTACGGTGTCACCGAG-1,0,5,37,5377,16393
CTACACTAGCTTGTTC-1,0,4,38,4872,16684
TGAGCAGTCGTGAAGT-1,0,5,39,5378,16974
CGCTGAGGACGTCCAA-1,0,4,40,4873,17266
GTGTATGACTTTAAAG-1,0,5,41,5379,17555
CTAAACGGGTGTAATC-1,0,4,42,4874,17847
TGTACTGTGCCAAAGT-1,0,5,43,5380,18137
GGCCACAAGCGATGGC-1,0,4,44,4875,18428
GTCAATTGTACTGAAG-1,0,5,45,5382,18718
AGGGACAGCACGGCGG-1,0,4,46,4876,19010
AGCTTATAGAGACCTG-1,0,5,47,5383,19299
AACTAGCGTATCGCAC-1,0,4,48,4878,19591
AACTTTAGCTGCTGAG-1,0,5,49,5384,19880
CCCAAGACAGAGTATG-1,0,4,50,4879,20172
GGCATCAACGAGCACG-1,0,5,51,5385,20462
ATGCATTCCGTGATGG-1,0,4,52,4880,20753
TTATAGATGCACATTA-1,0,5,53,5386,21043
GAACCATCTGGGAGAC-1,0,4,54,4881,21335
TGCTATACAAACGGAC-1,0,5,55,5387,21624
ACTTGCCATATTGTAC-1,0,4,56,4882,21916
TATTCCGGCAGTCCTA-1,0,5,57,5388,22206
GACGGACCGCGTTCCT-1,0,4,58,4883,22497
ATGTGTAGTTTAGTCA-1,0,5,59,5389,22787
ATACCAGCAAATTGCT-1,0,4,60,4884,23079
AAGTTTACTAATGGCA-1,0,5,61,5391,23368
CTCTCGATGTGCGCCT-1,0,4,62,4885,23660
GATTGACACTCTGCTC-1,0,5,63,5392,23950
TATCACAGCACGGGCA-1,0,4,64,4887,24241
ACCGTTCCCGCTCTGA-1,0,5,65,5393,24531
CCGCCACCACAATCCA-1,0,4,66,4888,24822
CATTCACTGACAGCTA-1,0,5,67,5394,25112
CGGCTGCAAGATTAAG-1,0,4,68,4889,25404
CATGAACCTCTTATCA-1,0,5,69,5395,25693
TTAATGCGAGGTAACT-1,0,4,70,4890,25985
AATAAGTCCTCGAGAC-1,0,5,71,5396,26275
ACCAGCCCGGTCTTTG-1,0,4,72,4891,26566
CTACGAACTAGGTCGA-1,0,5,73,5397,26856
ACATCTCAACGCGTAA-1,0,4,74,4892,27148
CACTACTCAGTTCTGT-1,0,5,75,5398,27437
CCGACTCGCATAGTCT-1,0,4,76,4893,27729
CATTTATCGTTCAAGA-1,0,5,77,5400,28019
CAAACGTGGTCTTGCG-1,0,4,78,4894,28310
TAGAAACCACTAAGTA-1,0,5,79,5401,28600
ACTGATTTAGTGATTC-1,0,4,80,4896,28892
TCGTATTTCGTCCGGA-1,0,5,81,5402,29181
CGGAAATTTCACATCC-1,0,4,82,4897,29473
ATCCACGCTAAATGTT-1,0,5,83,5403,29762
GTTCAATCTATGTCAA-1,0,4,84,4898,30054
ATAAAGGTCAAGTACG-1,0,5,85,5404,30344
CAACTCCAACGTTTAG-1,0,4,86,4899,30635
TAGGAACAGCCTCCAG-1,0,5,87,5405,30925
ATGGGAACGGAAGCGG-1,0,4,88,4900,31217
CACACGTTTCAATGGG-1,0,5,89,5406,31506
GGTGTTCTGTTTCTAC-1,0,4,90,4901,31798
AGTAACGTTCATCCTG-1,0,5,91,5407,32088
GTATAGTGGCCCATGT-1,0,4,92,4902,32379
TCTACACGTTCATGCA-1,0,5,93,5409,32669
AATCTGGGTAGACCCT-1,0,4,94,4903,32961
TCGGTTAGCCATGTAG-1,0,5,95,5410,33250
TGCCATGGCTTATAAG-1,0,4,96,4904,33542
TAAGTAAATGTGCCGC-1,0,5,97,5411,33832
GTGTCCGATAAGGCAT-1,0,4,98,4906,34123
TGGCACGAGCTCGAGT-1,0,5,99,5412,34413
ACCGGTCTGAGTACGG-1,0,4,100,4907,34704
GAACTTAGCGCCCGGT-1,0,5,101,5413,34994
AGTAGCTAGACGCCGA-1,0,4,102,4908,35286
ATAGGAATCTAAGCTT-1,0,5,103,5414,35575
CTTCCTGCATATTTAC-1,0,4,104,4909,35867
CAATATGTAGATTTAC-1,0,5,105,5415,36157
ACAAGGCCTACCAGCC-1,0,4,106,4910,36448
TTATAGTCCAAGGTGC-1,0,5,107,5416,36738
AAACGCCCGAGATCGG-1,0,4,108,4911,37030
CCTCGTTACGCCTGTT-1,0,5,109,5418,37319
GAACGGTGTAAAGCAG-1,0,4,110,4912,37611
ACGCATAAATGACATG-1,0,5,111,5419,37901
GGTTCGATGCTGAGTT-1,0,4,112,4913,38192
CTTTGGCAGACAGAGT-1,0,5,113,5420,38482
TTCGTGGGCTGGAAGC-1,0,4,114,4915,38774
CAAAGGTTAAATTCAG-1,0,5,115,5421,39063
GTTTGGCGTCAGGCAC-1,0,4,116,4916,39355
GCTTTCTATCTCAACT-1,0,5,117,5422,39645
TGCATCTCCGGATCTT-1,0,4,118,4917,39936
CTGAAACGGCCCTCAG-1,0,5,119,5423,40226
TAGCAGTAAATACGCG-1,0,4,120,4918,40517
CGGGCTACTTAAATTG-1,0,5,121,5424,40807
ATTATGCTCAGTATTG-1,0,4,122,4919,41099
TGATGCTCACGTAGTC-1,0,5,123,5425,41388
GTCTAAGATGCCCAGC-1,0,4,124,4920,41680
AACCCGATAGGGCTTC-1,0,5,125,5426,41970
CGCTATCGTGGCTTTA-1,0,4,126,4921,42261
CGTCTCTCGCCGAGGC-1,0,5,127,5428,42551
AGTGGGAGTATACACG-1,0,6,0,5862,5638
GGTCTTGGTGTTAACT-1,0,7,1,6368,5927
GGCTGGCAGCTTTATG-1,0,6,2,5863,6219
CGCCAATTATTGCGTT-1,0,7,3,6369,6509
GGTAACCGGCAAAGGT-1,0,6,4,5864,6800
TGGGACCATTGGGAGT-1,0,7,5,6371,7090
CTGCAGGTGCTCGGCC-1,0,6,6,5865,7382
CCGGTGCGAGTGATAG-1,0,7,7,6372,7671
GGGTACACTCTGGAGG-1,0,6,8,5867,7963
TAGCCAGAGGGTCCGG-1,0,7,9,6373,8253
CTTGTGAGGACAGCGG-1,0,6,10,5868,8544
GAAGGGCATAACCATG-1,0,7,11,6374,8834
CAACATGGCCTGATAA-1,0,6,12,5869,9126
CAATTTGACCGGGAAG-1,0,7,13,6375,9415
TCTGACTGTAATGGTT-1,0,6,14,5870,9707
TTCATAGCCTTGTAAC-1,0,7,15,6376,9997
TGGAAACGGAGTGAAC-1,0,6,16,5871,10288
ATCGCACGATTGTTCA-1,0,7,17,6377,10578
CGCCACCCGCATTAAC-1,0,6,18,5872,10869
TGGACCACGGCGTTGA-1,0,7,19,6378,11159
GTATATGTTACGGCGG-1,0,6,20,5873,11451
GTATTCTTACCGTGCT-1,0,7,21,6380,11740
TTCAGAGTAACCTGAC-1,0,6,22,5874,12032
GCGGTAACCCAAATGA-1,0,7,23,6381,12322
CTACGTGTTGCCACCA-1,0,6,24,5876,12613
CTAGATAAACTCCTCG-1,0,7,25,6382,12903
TCCATTAGTTGGATAG-1,0,6,26,5877,13195
CTGGCTCCTGCGGGAT-1,0,7,27,6383,13484
CAGTCTCTCGGCTAAT-1,0,6,28,5878,13776
GTATGACGTGGGAAAC-1,0,7,29,6384,14066
AGTCACTCCGCCTCAT-1,0,6,30,5879,14357
GCAGCGGTGGGCATTA-1,0,7,31,6385,14647
TATGGAGTTTCTCGTT-1,0,6,32,5880,14938
ACTCAACGAATGTATT-1,0,7,33,6386,15228
AACACGCGGCCGCGAA-1,0,6,34,5881,15520
CGATATTAGCCGCAGG-1,0,7,35,6387,15809
AGCGTCTGAACCCGCA-1,0,6,36,5882,16101
GATGTCCGGATCACAT-1,0,7,37,6389,16391
GGTCACGTTAGATTCA-1,0,6,38,5883,16682
TTAAGGATACGGAGGT-1,0,7,39,6390,16972
GTGCGGGACCATCGGC-1,0,6,40,5885,17264
CCATCTTGTTCACAAT-1,0,7,41,6391,17553
TCCGAGAAGGCTAAGC-1,0,6,42,5886,17845
TGGCGGTGTGCGATTG-1,0,7,43,6392,18135
ATCCTGCTGCAGATAG-1,0,6,44,5887,18426
TTATGCGTCCCGGTCC-1,0,7,45,6393,18716
CATAATGAGCGGGCGA-1,0,6,46,5888,19008
AGACATAGATCCTTCC-1,0,7,47,6394,19297
GGTGAAACCGGGAATG-1,0,6,48,5889,19589
AACTGGTGTGGGCCTT-1,0,7,49,6395,19879
GTAGCGCTGTTGTAGT-1,0,6,50,5890,20170
TTGTTTGTGTAAATTC-1,0,7,51,6396,20460
GGATCAAAGGACGAGG-1,0,6,52,5891,20751
CGTAGCGCCGACGTTG-1,0,7,53,6398,21041
CAAGTGAACTTTGGTT-1,0,6,54,5892,21333
GTAGACAACCGATGAA-1,0,7,55,6399,21622
CAATGGTCGGCCTGGG-1,0,6,56,5893,21914
ACAGATTAGGTTAGTG-1,0,7,57,6400,22204
GTTATCACCTTCTGAA-1,0,6,58,5895,22495
TGGTATCGGTCTGTAT-1,0,7,59,6401,22785
GGAATAACCTCAAGAA-1,0,6,60,5896,23077
ATTATCTCGACAGATC-1,0,7,61,6402,23366
CCGAGGGATGTTAGGC-1,0,6,62,5897,23658
TGAGATCAAATACTCA-1,0,7,63,6403,23948
AAACGAAGAACATACC-1,0,6,64,5898,24239
CTGGTCCTAACTTGGC-1,0,7,65,6404,24529
TGCACGAGTCGGCAGC-1,0,6,66,5899,24821
ATAGTCTTTGACGTGC-1,0,7,67,6405,25110
TGGAGCTAAAGTTCCC-1,0,6,68,5900,25402
GGGTGGTCCAGCCTGT-1,0,7,69,6407,25691
CATGCATGGAGACCCT-1,0,6,70,5901,25983
ACACGGCACTATGCAT-1,0,7,71,6408,26273
CCCTGGTATGGGCGGC-1,0,6,72,5902,26564
GGAGGATTGAAAGGAG-1,0,7,73,6409,26854
CCGCTGGTGCCATTCA-1,0,6,74,5904,27146
GTTAGAGTGTGCCGCT-1,0,7,75,6410,27435
TCGGAATGACCATCAA-1,0,6,76,5905,27727
TTCAATTAGCCATAAT-1,0,7,77,6411,28017
GATGTGTTGTCACAAG-1,0,6,78,5906,28308
TCTTTCTCTTAAGGAG-1,0,7,79,6412,28598
ACCCTTTAGTTCTCCA-1,0,6,80,5907,28890
ACCACAACTCAGAACA-1,0,7,81,6413,29179
TATGATAAATCTAACG-1,0,6,82,5908,29471
GATCCTCTTGCGCTTA-1,0,7,83,6414,29761
TTCTACCTTTATGTTG-1,0,6,84,5909,30052
GAAATACCTGCTGGCT-1,0,7,85,6415,30342
ATTCTGAGTATGAACT-1,0,6,86,5910,30633
GGATTAAGCTAAGGTC-1,0,7,87,6417,30923
AGTACGTGGCCTGTCT-1,0,6,88,5911,31215
TCAGGGTGCACGAAAC-1,0,7,89,6418,31504
AAATTTACCGAAATCC-1,0,6,90,5913,31796
TTGAGGCATTTAACTC-1,0,7,91,6419,32086
AACCAGTATCACTCTT-1,0,6,92,5914,32377
CACCGGAGATATCTCC-1,0,7,93,6420,32667
GACTGGGCGCCGCAAC-1,0,6,94,5915,32959
CACGTCTATGATGTGG-1,0,7,95,6421,33248
TTAAGACGAACGAACC-1,0,6,96,5916,33540
TGACCAGCTTCAAAGT-1,0,7,97,6422,33830
AGAGTTAGAGACCGAT-1,0,6,98,5917,34121
TTCGGACTGATGCCTT-1,0,7,99,6423,34411
CTCGAATGGAACGTAT-1,0,6,100,5918,34703
GGACGGCTTGCGCAAC-1,0,7,101,6424,34992
CTAAGTACAGGGCTAC-1,0,6,102,5919,35284
ACAAATTCAGATCTGA-1,0,7,103,6426,35573
CATGGAAATGGGACCA-1,0,6,104,5920,35865
GGTGGACCACGTGTTA-1,0,7,105,6427,36155
CACGACGTAATAGTAA-1,0,6,106,5922,36446
CGGGTTCGGCACGTAT-1,0,7,107,6428,36736
CTGGGCTATCCTTTGG-1,0,6,108,5923,37028
GTATTAGGGTTCGCGT-1,0,7,109,6429,37317
TCATTCGTATAATTTG-1,0,6,110,5924,37609
AATAGCAAGCCTCCTG-1,0,7,111,6430,37899
CATCTACCCGAGAACG-1,0,6,112,5925,38190
GCTTCAGTGGGATTAC-1,0,7,113,6431,38480
TCTGTGATGGAGGTTG-1,0,6,114,5926,38772
ATCCACTTTCAGACTA-1,0,7,115,6432,39061
ATGGTTACGAAACATG-1,0,6,116,5927,39353
GGCCCAATCTAGAGGG-1,0,7,117,6433,39643
GATGGTGAAATAACCC-1,0,6,118,5928,39934
AGAGGGACAATTGTCC-1,0,7,119,6435,40224
CGCGTACATTCTGGAA-1,0,6,120,5929,40515
CAAGAAACCCTAAACT-1,0,7,121,6436,40805
TTGGTGCGGTGTTGAA-1,0,6,122,5931,41097
GGTTCCCTAGTGTCTC-1,0,7,123,6437,41386
CGATAACCAATTTGAG-1,0,6,124,5932,41678
GCCCACTGGTCCACAA-1,0,7,125,6438,41968
GAGGGCCGGCAGAGTC-1,0,6,126,5933,42259
CGACACGGATGCCCAC-1,0,7,127,6439,42549
CTGTCTGTGGCTGGCT-1,0,8,0,6874,5636
ATATTATCCCGTATTT-1,0,9,1,7380,5925
GCGCTGGCGGAAAGTC-1,0,8,2,6875,6217
ATCTAACGTCCCTATG-1,0,9,3,7381,6507
GTCAGACAGCGTTGGA-1,0,8,4,6876,6798
GCCAGGCTTAGTGGTA-1,0,9,5,7382,7088
ATTCAAAGTACCTGTT-1,0,8,6,6877,7380
TGGACGTAGGCGAATC-1,0,9,7,7383,7669
ACACATTGACGCAACA-1,0,8,8,6878,7961
GATATCAGTATGTATC-1,0,9,9,7384,8251
TGGGCCTTGCCTGCAT-1,0,8,10,6879,8542
CAAAGTCAGGTTAGCT-1,0,9,11,7385,8832
GGATCCCTACCAGCTA-1,0,8,12,6880,9124
ATCGTCCAATCGAGTC-1,0,9,13,7387,9413
ACATGGCTCAATTTAG-1,0,8,14,6881,9705
AGGCCCAGTGACTGGT-1,0,9,15,7388,9995
GCTTCCAGCTTAGATT-1,0,8,16,6883,10286
TGCTTGAAACCATGCA-1,0,9,17,7389,10576
CAATATTGGACTAGTG-1,0,8,18,6884,10867
CGTGCTGGCCTAGTCG-1,0,9,19,7390,11157
CCTGCGATAGAACTGT-1,0,8,20,6885,11449
GGGTAATGCTGTGTTT-1,0,9,21,7391,11738
AACGCGAACGGCAACA-1,0,8,22,6886,12030
TGTCGGCATGGTGGAA-1,0,9,23,7392,12320
AGCGTACGAGAGCTAG-1,0,8,24,6887,12611
ATACTCTCGCCACTCT-1,0,9,25,7393,12901
AATCCATGCAAGGGTG-1,0,8,26,6888,13193
TTAAACAGAGTCCCGC-1,0,9,27,7394,13482
CCACAGCTGAAATCAT-1,0,8,28,6889,13774
CGGTTCCGGCTTCTTG-1,0,9,29,7396,14064
GACGTGAGACTCCATG-1,0,8,30,6890,14355
TCGTTGGCTCGTCAAT-1,0,9,31,7397,14645
GGTGAACGGGCTAGCC-1,0,8,32,6891,14937
GCACTGTGCAAATGTA-1,0,9,33,7398,15226
ACGAGAACCCATCACG-1,0,8,34,6893,15518
CCAGCTACGCCTCATA-1,0,9,35,7399,15808
TCCCGGTCAGGAATTT-1,0,8,36,6894,16099
TCGCATTCAATGACTT-1,0,9,37,7400,16389
CTGGTTCAACGCATCA-1,0,8,38,6895,16680
GGTGATTTCATCTTGT-1,0,9,39,7401,16970
CACCCTTTCCTCGCTC-1,0,8,40,6896,17262
CAACTTGTAGTGGGCA-1,0,9,41,7402,17551
AATATCAAGGTCGGAT-1,0,8,42,6897,17843
ACTCAGACCTGCTTCT-1,0,9,43,7403,18133
TTGGAGTCTCCCTTCT-1,0,8,44,6898,18424
GGATACTCATGAATTG-1,0,9,45,7405,18714
TGGGCACAAACAGAAC-1,0,8,46,6899,19006
GAGCCACGGTAGTAGG-1,0,9,47,7406,19295
TCGATAGGCTAGTCGC-1,0,8,48,6900,19587
TAACCGCCCGCAGTGC-1,0,9,49,7407,19877
GCCTATTTGCTACACA-1,0,8,50,6902,20168
TTGACGATTCAGCACG-1,0,9,51,7408,20458
TTAAACCGGTAGCGAC-1,0,8,52,6903,20749
ACCGAAAGGGCCCTGC-1,0,9,53,7409,21039
ACGTTCCGCGCTCCGT-1,0,8,54,6904,21331
ATACCAGGCTAATAGA-1,0,9,55,7410,21620
CGGCTTTGTATGATAA-1,0,8,56,6905,21912
CTTGACCCGAAAGATA-1,0,9,57,7411,22202
CGCAGAAACATTTGCG-1,0,8,58,6906,22493
GACCCGTCGCCGGCTA-1,0,9,59,7412,22783
AATCGGGACACTACGA-1,0,8,60,6907,23075
GTCACAAAGTTTCCAA-1,0,9,61,7413,23364
TATATTCGCGTCGATA-1,0,8,62,6908,23656
CCTCCCGACAATCCCT-1,0,9,63,7415,23946
CGACATGCGATCTTCT-1,0,8,64,6909,24237
AACACGACTGTACTGA-1,0,9,65,7416,24527
CCCAACCACACTAACA-1,0,8,66,6911,24819
CACCGCCGACCAGCGA-1,0,9,67,7417,25108
TGGTATCGCATCCCAA-1,0,8,68,6912,25400
CAGAGTGATTTAACGT-1,0,9,69,7418,25690
AACCCTGGTGGAACCA-1,0,8,70,6913,25981
GTCAGTTGTGCTCGTT-1,0,9,71,7419,26271
ATTGACGTAACTCGGT-1,0,8,72,6914,26562
GATGTCGGTCAACTGC-1,0,9,73,7420,26852
AGGGCAGCGGCGTGGT-1,0,8,74,6915,27144
ACATCGTTAACCTAGT-1,0,9,75,7421,27433
TCCATTGTGACCTCGT-1,0,8,76,6916,27725
TGTTTAATACTTCATC-1,0,9,77,7422,28015
TTGCTGGCCGGGCTTC-1,0,8,78,6917,28306
CATATTATTTGCCCTA-1,0,9,79,7424,28596
CTGCCTAGCCACCAAG-1,0,8,80,6918,28888
ACGAGATATTTGCTTA-1,0,9,81,7425,29177
GACTACAATTGCTCGT-1,0,8,82,6920,29469
AACGTGATGAAGGACA-1,0,9,83,7426,29759
ACTCTCTTATACACGA-1,0,8,84,6921,30050
CGCATCATGGCTTCAG-1,0,9,85,7427,30340
CGGCTCTTCGTCGAAC-1,0,8,86,6922,30632
ATTCTTCGTACTTATG-1,0,9,87,7428,30921
AGTGAGGGTTTCTGAC-1,0,8,88,6923,31213
GCCAGGCGTTCGCATG-1,0,9,89,7429,31502
GACTAACACAGCACCT-1,0,8,90,6924,31794
CAATGGAATCTACATA-1,0,9,91,7430,32084
GTGGTCAGCGAAGTAT-1,0,8,92,6925,32375
ATGGCTGGAAATGGCC-1,0,9,93,7431,32665
ATCAGGTCGCCATTGC-1,0,8,94,6926,32957
TATCACCATGTAAAGT-1,0,9,95,7433,33246
AGCGCTTATGGGCAAG-1,0,8,96,6927,33538
AAGCGGCGTCATGGGT-1,0,9,97,7434,33828
ACTAATACGTCAGGCG-1,0,8,98,6929,34119
GGCTGAGCATCGTAAG-1,0,9,99,7435,34409
CGGTTGGGTTCAAGTT-1,0,8,100,6930,34701
GACTGATTGGTCACAA-1,0,9,101,7436,34990
AGACGGGCCGATTTAA-1,0,8,102,6931,35282
ACCAGTGCCCGGTCAA-1,0,9,103,7437,35572
GTCCTTTAATGACTTC-1,0,8,104,6932,35863
CCTACAAGTCCGGAAT-1,0,9,105,7438,36153
GCCTGCTACACTGAGA-1,0,8,106,6933,36444
GACTCGGTCGGCGGAT-1,0,9,107,7439,36734
CTAGACATATATGTAG-1,0,8,108,6934,37026
TCGCCCAACTGACTCC-1,0,9,109,7440,37315
AAACTAACGTGGCGAC-1,0,8,110,6935,37607
AACTGAGGTCAGCGTC-1,0,9,111,7442,37897
ACAATGATTCTTCTAC-1,0,8,112,6936,38188
ATAAGTACCCGATTGT-1,0,9,113,7443,38478
ATTGGGAGTTCTGTAA-1,0,8,114,6937,38770
CGAACATAGTCAGAAA-1,0,9,115,7444,39059
TAGCTCAGATCCTAGT-1,0,8,116,6939,39351
GTGTCGTATTCACCTT-1,0,9,117,7445,39641
CTCACCGATCCAAACT-1,0,8,118,6940,39932
ATATGTGCACAAACCA-1,0,9,119,7446,40222
CAGTCCAACGCCTTCT-1,0,8,120,6941,40514
TCGTCCGGGTACACTC-1,0,9,121,7447,40803
GCAGAAACGTAATCCA-1,0,8,122,6942,41095
TTCGAGCCGGCGCTAC-1,0,9,123,7448,41384
GGAAGATAAGACTGTA-1,0,8,124,6943,41676
ATAAGCAAACACCGAG-1,0,9,125,7449,41966
GCATAAATTGAACGCC-1,0,8,126,6944,42257
CGCCGGTGTCGCAGTA-1,0,9,127,7451,42547
GACCTGGTCTGGGCGT-1,0,10,0,7885,5634
AGCCGCTTGATTAGCG-1,0,11,1,8391,5924
CCCGGCTAGGTGAGAA-1,0,10,2,7886,6215
CGAGCCGAGCACTCGA-1,0,11,3,8392,6505
TAGTGCTTGAATCCTT-1,0,10,4,7887,6796
CAACCGCACCTAGACA-1,0,11,5,8394,7086
ACCACTGTTCAAGAAG-1,0,10,6,7888,7378
AGATGCTATAACGAGC-1,0,11,7,8395,7667
AATTACTCGTACGCTC-1,0,10,8,7889,7959
CGTCAATCTTTAACAT-1,0,11,9,8396,8249
CCAAAGCAGTTGGTTG-1,0,10,10,7891,8540
CCATATTGGATCATGA-1,0,11,11,8397,8830
CGTACCGAAAGTCTAG-1,0,10,12,7892,9122
CTCGAGATCCAAAGCA-1,0,11,13,8398,9411
TGGATAGAGTAACAGA-1,0,10,14,7893,9703
TCACAGATCCTCAAAC-1,0,11,15,8399,9993
AGAGCTACGAAAGCAT-1,0,10,16,7894,10284
TGCGTGATTGGGTGTC-1,0,11,17,8400,10574
CACATGTTTGGACATG-1,0,10,18,7895,10866
TTCGCATCCGGAAGCA-1,0,11,19,8401,11155
CCCTAGTGTCAGGTGT-1,0,10,20,7896,11447
TTACCGCCTTAGGGAA-1,0,11,21,8402,11736
CCAGTCCATTATTCGA-1,0,10,22,7897,12028
CGTAAACGCTTGAGTG-1,0,11,23,8404,12318
ATTCCTTCCAGGCGGT-1,0,10,24,7898,12609
TTCCTTTCTGTGTTGC-1,0,11,25,8405,12899
AGTTGACATCGGCTGG-1,0,10,26,7900,13191
AACTCGATGGCGCAGT-1,0,11,27,8406,13480
GATAAGGCAGATGCAA-1,0,10,28,7901,13772
GGCTGGCTAGCTTAAA-1,0,11,29,8407,14062
CCTCATGCAGCTACGA-1,0,10,30,7902,14353
GACGCCTGTTGCAGGG-1,0,11,31,8408,14643
TAATTAGATGGATATG-1,0,10,32,7903,14935
GAGGGCATCGCGTATC-1,0,11,33,8409,15224
CTTGTGAGTCTTTGAC-1,0,10,34,7904,15516
TCAACACATTGGGTAA-1,0,11,35,8410,15806
ACTGTATACGCGAGCA-1,0,10,36,7905,16097
GTGAAACGTGCTCCAC-1,0,11,37,8411,16387
CGAGTGCTATAGTTCG-1,0,10,38,7906,16678
GTACTGCATGAAGCGT-1,0,11,39,8413,16968
GTAACTTGCGGCAGTC-1,0,10,40,7907,17260
GAATCGCCGGACACGG-1,0,11,41,8414,17549
GGGAGTAATGGCTGGC-1,0,10,42,7909,17841
CATGAACCGACATTTG-1,0,11,43,8415,18131
TCTGTCATACAAGAGC-1,0,10,44,7910,18422
GTCGTCAATTATAAGG-1,0,11,45,8416,18712
TAAAGAGCCCGAAACC-1,0,10,46,7911,19004
GTACTGAGGTCGTAAC-1,0,11,47,8417,19293
AAAGACCCAAGTCGCG-1,0,10,48,7912,19585
CGTCAGTGCGCACAAG-1,0,11,49,8418,19875
TGTATCCTTATTCCAT-1,0,10,50,7913,20166
ATTCTCGTCTCTTTAG-1,0,11,51,8419,20456
AAAGTCACTGATGTAA-1,0,10,52,7914,20748
TGTCTACAGTTTCTGT-1,0,11,53,8420,21037
TTAACGTCGCAAGACC-1,0,10,54,7915,21329
CTATGTCTATTGAAAC-1,0,11,55,8422,21619
TCGGGTGAAACTGCTA-1,0,10,56,7916,21910
TGTCCCGACATAGCAC-1,0,11,57,8423,22200
ACAGCATAGAGCCAGT-1,0,10,58,7918,22491
ATATTCCCACAGGTCA-1,0,11,59,8424,22781
TTGGATCGACTTCTGG-1,0,10,60,7919,23073
CACCATCGGAGGAGAC-1,0,11,61,8425,23362
TCGTTCGTTATTATGT-1,0,10,62,7920,23654
CTTAACTTCGAAGTAC-1,0,11,63,8426,23944
GCACAAGTGTCGGAAG-1,0,10,64,7921,24235
TACCAGCTAGGTTTAA-1,0,11,65,8427,24525
ACGTACAGATTTCTCT-1,0,10,66,7922,24817
AATTTGGTTCCAAAGA-1,0,11,67,8428,25106
GTAAGGATTTGTCGGA-1,0,10,68,7923,25398
CATCATCTACCCGGAC-1,0,11,69,8429,25688
ACGATGGATCCGATGC-1,0,10,70,7924,25979
CACTCAGCTCTTGAGG-1,0,11,71,8431,26269
TAGATCCGAAGTCGCA-1,0,10,72,7925,26560
TGAAACTTATGCAAGC-1,0,11,73,8432,26850
GCGATTCTGGAAGCAG-1,0,10,74,7927,27142
CAAACTATTGAGCTTC-1,0,11,75,8433,27431
TAGAATTAAGGGCAAC-1,0,10,76,7928,27723
CGAAACATAGATGGCA-1,0,11,77,8434,28013
GATGGTGCCCTAGGCA-1,0,10,78,7929,28304
CCCGCAGGGCCCAAAG-1,0,11,79,8435,28594
ACAGCGCACCCGCAGC-1,0,10,80,7930,28886
GGTAAATGTGCGTTAC-1,0,11,81,8436,29175
GTCCTTCTAGTGGGTT-1,0,10,82,7931,29467
GGAAGCTCGCTTACAG-1,0,11,83,8437,29757
CACCGATACACCGAGC-1,0,10,84,7932,30048
CAGCCGGGCCCTCTAT-1,0,11,85,8438,30338
CGGAGCTTATAACACC-1,0,10,86,7933,30630
ATTACAACTACCGGCC-1,0,11,87,8440,30919
TCCTCTGGCCCATTAG-1,0,10,88,7934,31211
CGGCACCGTTAGCGCC-1,0,11,89,8441,31501
TCGGTCCCTGACTCCA-1,0,10,90,7935,31792
TGGTTGGAGGATCCTG-1,0,11,91,8442,32082
CTGCGGTAGTCACGTG-1,0,10,92,7937,32373
GTGCCTCAGTGTACGG-1,0,11,93,8443,32663
ATCGTTCACTTTCGCC-1,0,10,94,7938,32955
ACTTACCGGGCGCGCA-1,0,11,95,8444,33244
CTAGACTGCATTTCGT-1,0,10,96,7939,33536
TTGCCGGTGATCCCTC-1,0,11,97,8445,33826
CTGTCACGCCAGGCGC-1,0,10,98,7940,34117
CGGTATAGGTATTAGC-1,0,11,99,8446,34407
CCAACGCTTGCCAGGG-1,0,10,100,7941,34699
CGTTGAGTAATTGCGT-1,0,11,101,8447,34988
TGTATTTACCTAATGC-1,0,10,102,7942,35280
TAAATGCCGTCTCATG-1,0,11,103,8448,35570
CGGTTTATGAAGGAAC-1,0,10,104,7943,35861
GCAAGATGTGTTCGCG-1,0,11,105,8450,36151
AAAGGTAAGCTGTACC-1,0,10,106,7944,36443
GTACGTCACGTATTAA-1,0,11,107,8451,36732
AGTACCTTCGAGTGCT-1,0,10,108,7946,37024
ATTGTGACTTCGCTGC-1,0,11,109,8452,37313
TGTATCAGACTGAAGC-1,0,10,110,7947,37605
GAGACCCTGCAACGCC-1,0,11,111,8453,37895
TGGGTGGGATGTCATT-1,0,10,112,7948,38186
GGCTAATGATTGAAAT-1,0,11,113,8454,38476
ATAACGTTACCTCCAC-1,0,10,114,7949,38768
TGCGAGATGGCGGCCA-1,0,11,115,8455,39057
CACACTTGTATTGCGA-1,0,10,116,7950,39349
GCTGGTGACTCGTAGT-1,0,11,117,8456,39639
CGACACCGCTTAAGGA-1,0,10,118,7951,39930
GTAACAACTGACCTTG-1,0,11,119,8457,40220
CAACTGAGGGTATGAC-1,0,10,120,7952,40512
CTAATTATGAAGCGTA-1,0,11,121,8459,40801
CCGATCTTAAGAGGCT-1,0,10,122,7953,41093
CGACTCGGTACACGGT-1,0,11,123,8460,41383
TGCTGCGTCAGAGTTA-1,0,10,124,7955,41674
AGAGTTGCAGGCCTCC-1,0,11,125,8461,41964
ACTGGCGAACCTGCGT-1,0,10,126,7956,42255
ACTAAGGACGCACACC-1,0,11,127,8462,42545
CGTCCAGATGGCTCCA-1,0,12,0,8896,5632
ACTATCGCCGGCTAAA-1,0,13,1,9403,5922
GATAGCGTACCACGCG-1,0,12,2,8898,6213
AGGACTTATAGGAGAA-1,0,13,3,9404,6503
TAGTCGGGATTCTTCG-1,0,12,4,8899,6795
ACCATTAAGGGTGTCA-1,0,13,5,9405,7084
TTAATGTGTTTGCAGG-1,0,12,6,8900,7376
TCCGCAGCCACCTAGC-1,0,13,7,9406,7665
GAGGAGATCCTCATGC-1,0,12,8,8901,7957
GGTCCTTCATACGACT-1,0,13,9,9407,8247
CCCTGTTGGCAAAGAC-1,0,12,10,8902,8538
GTGCCTAGCTATGCTT-1,0,13,11,9408,8828
GTCATCTCCTACAGCT-1,0,12,12,8903,9120
GCGAGAAACGGGAGTT-1,0,13,13,9409,9409
CGTCGCGGCGGGATTT-1,0,12,14,8904,9701
CATTGTGTGCTAGATC-1,0,13,15,9411,9991
CGCGGCAGTATTACGG-1,0,12,16,8905,10282
GAAATGGGATGTAAAC-1,0,13,17,9412,10572
CATTCCCTAAGTACAA-1,0,12,18,8907,10864
AGTTCTGCGTTGTATC-1,0,13,19,9413,11153
ACCCTATAGGACTGAG-1,0,12,20,8908,11445
TTAGATAGGTCGATAC-1,0,13,21,9414,11735
ATTGATAGCAACGAGA-1,0,12,22,8909,12026
TCTCGGCTCCAGGACT-1,0,13,23,9415,12316
CTTGAGGTTATCCCGA-1,0,12,24,8910,12607
AAGAAGGATCAGTTAG-1,0,13,25,9416,12897
GTACGACGGCGCTGCG-1,0,12,26,8911,13189
CTTATGTTGACTACCA-1,0,13,27,9417,13478
CGGCACTCAAGAAAGT-1,0,12,28,8912,13770
GTCAAAGTTTACATAG-1,0,13,29,9418,14060
CTCCTAAGTTATGTCT-1,0,12,30,8913,14351
ACTGTGCTAGTAGATC-1,0,13,31,9420,14641
GTTTGGCCGCTCAGCG-1,0,12,32,8914,14933
TTATCCAATCGAACTC-1,0,13,33,9421,15222
CCGTACCCAAGCGCCA-1,0,12,34,8916,15514
CATACAAAGCCGAACC-1,0,13,35,9422,15804
GGTCGGTAATTAGACA-1,0,12,36,8917,16095
AGCGGGAAGGGTCCAT-1,0,13,37,9423,16385
GCCCACCAAGGCTGTC-1,0,12,38,8918,16677
GTAGACGTCGTTACAT-1,0,13,39,9424,16966
GAGCATCATCCCTGGG-1,0,12,40,8919,17258
AGGTAACCTCCTATTC-1,0,13,41,9425,17547
GGTTTGAGTGCTGGAA-1,0,12,42,8920,17839
GCACTAGTCGCGCTAT-1,0,13,43,9426,18129
GGTAACTATGTATCTG-1,0,12,44,8921,18420
GCGGTCCCTAGACGCA-1,0,13,45,9427,18710
CGAGCGTTGATCAGCC-1,0,12,46,8922,19002
AATCCAAGGGCCTGAG-1,0,13,47,9429,19291
CCGTGCCCATGACGGC-1,0,12,48,8923,19583
GAAATTCACATCGCTG-1,0,13,49,9430,19873
CTCTGCGAAGCAAGCA-1,0,12,50,8924,20164
AGTAGGTAACATACAT-1,0,13,51,9431,20454
ATTGGGAATATCTTGG-1,0,12,52,8926,20746
TAGAGCTACGAAGAAC-1,0,13,53,9432,21035
TGCGGCATAGTTCAAC-1,0,12,54,8927,21327
CCGCCGGTCAACACAC-1,0,13,55,9433,21617
TCGTATAGTGCAATTA-1,0,12,56,8928,21908
TAGTTTATTCTTGCTT-1,0,13,57,9434,22198
GATATCTCATGCAATA-1,0,12,58,8929,22489
CGTTTAAGCGGAGCAC-1,0,13,59,9435,22779
CATGCTGGCTCCAATT-1,0,12,60,8930,23071
GAAACAGCCATGCAGT-1,0,13,61,9436,23360
AGTTTCGCAGGTCGGA-1,0,12,62,8931,23652
CTCATGGCTCACAATC-1,0,13,63,9438,23942
AACCGTTGTGTTTGCT-1,0,12,64,8932,24233
ACCCTTCATCTGCGAA-1,0,13,65,9439,24523
TGCGGTGAAATTTCAT-1,0,12,66,8933,24815
CAAATTGTCAGCAAGC-1,0,13,67,9440,25104
GAGGTACATCCATCTT-1,0,12,68,8935,25396
AAATGGCATGTCTTGT-1,0,13,69,9441,25686
TCATCCCAGAGGGTGG-1,0,12,70,8936,25977
CGTAGCGAATTGTCAG-1,0,13,71,9442,26267
CCTAGTTAGTCGCATG-1,0,12,72,8937,26559
GAAACTCTAATGAAGG-1,0,13,73,9443,26848
TTGTATCACACAGAAT-1,0,12,74,8938,27140
TTCAAGCCGAGCTGAG-1,0,13,75,9444,27430
AGGTACGATATTGCCA-1,0,12,76,8939,27721
TTAAGCCGACAACTTC-1,0,13,77,9445,28011
GTCTTAGTACAGCCGG-1,0,12,78,8940,28302
TGGGTAAGGTTCCCGC-1,0,13,79,9446,28592
CTACGCCATTTCCGAT-1,0,12,80,8941,28884
GACCGTCAGGTCGTGA-1,0,13,81,9448,29173
TAGTTAAGATAGGATA-1,0,12,82,8942,29465
GAATATTCGGAGTCCC-1,0,13,83,9449,29755
CAAACTACGATAGAGA-1,0,12,84,8944,30046
CAGGAAGACTTTATAT-1,0,13,85,9450,30336
TTCGTAATCCCAGCGG-1,0,12,86,8945,30628
GTGAGGAGCGGTTGAG-1,0,13,87,9451,30917
CAATCCCTATACCAGC-1,0,12,88,8946,31209
AGGGAAACGAGGTACT-1,0,13,89,9452,31499
TCCTGCCAACTGGAGA-1,0,12,90,8947,31790
AATTTGGGACATAGTA-1,0,13,91,9453,32080
AACTCCTAATCCCATG-1,0,12,92,8948,32371
GCTCATTACTGCATGT-1,0,13,93,9454,32661
TCTCGAACGAGGTCAC-1,0,12,94,8949,32953
TCACTACGACCAATGC-1,0,13,95,9455,33242
GTGATGCACAACATCT-1,0,12,96,8950,33534
CCGACGTAAACACAAC-1,0,13,97,9457,33824
TGGGATGCACTCATTC-1,0,12,98,8951,34115
TTCCATCATGCGGTGA-1,0,13,99,9458,34405
TGCACAGTGAAGTTAT-1,0,12,100,8953,34697
CTATTGTGTTTGGTCA-1,0,13,101,9459,34986
TGCGAGCCCTTCCGCG-1,0,12,102,8954,35278
TTGAAAGGTGTAAAGG-1,0,13,103,9460,35568
GGTGCAGAGCCTATCG-1,0,12,104,8955,35859
ACTATATGCTGTGTTC-1,0,13,105,9461,36149
TCCTGGCGCTGCCTGG-1,0,12,106,8956,36441
GAGCCGAGCGTTTATT-1,0,13,107,9462,36730
AGAATGCGGGTTCGGA-1,0,12,108,8957,37022
ATGCGACAATTGGTCC-1,0,13,109,9463,37312
TTCCGGCTCGACTTCT-1,0,12,110,8958,37603
TGATTATGGCACGCAG-1,0,13,111,9464,37893
GGTTTGACAAGAAGCT-1,0,12,112,8959,38184
GCAGCTATGGACAGGT-1,0,13,113,9466,38474
CACCATGATCGCAAAG-1,0,12,114,8960,38766
GTCGGAAGGATACCAG-1,0,13,115,9467,39055
GGCCCAGTTATCAGCA-1,0,12,116,8962,39347
GGGCCTATTTAAGTAT-1,0,13,117,9468,39637
GTTGTTACATTGCGCT-1,0,12,118,8963,39928
CAACTCCGTAACTTGC-1,0,13,119,9469,40218
GATCTTTGCTCAAAGA-1,0,12,120,8964,40510
TCGCTTAATTACGAAG-1,0,13,121,9470,40799
CGATCATTAGAGGCAC-1,0,12,122,8965,41091
TGTTCTCTACTCCCTA-1,0,13,123,9471,41381
GCTTAGGGAAGCGGTA-1,0,12,124,8966,41672
CAGGTTTAGTACTACA-1,0,13,125,9472,41962
AAGCGGAGTGCGCGCA-1,0,12,126,8967,42254
TCAGATGGAGACGTAG-1,0,13,127,9473,42543
TCGCACTAACGTTTGT-1,0,14,0,9908,5630
CACGTCGGGTTCTAGA-1,0,15,1,10414,5920
GGAGTACACATGAGCT-1,0,14,2,9909,6211
GTGTGTCGACGTCGCT-1,0,15,3,10415,6501
GAAGCTCTTTGCTTAG-1,0,14,4,9910,6793
ACACCGAGCGCTCTTT-1,0,15,5,10416,7082
CGTAATAATTACGAGT-1,0,14,6,9911,7374
CATCAACACCTACTAA-1,0,15,7,10418,7664
CCAAGTTTCTACAGAT-1,0,14,8,9912,7955
ACGGGTCATGTGACTT-1,0,15,9,10419,8245
AGTGTGCTAAGATCGC-1,0,14,10,9914,8536
GGCGGTTTGCCGGTGC-1,0,15,11,10420,8826
GTATAATCTCCCGGAT-1,0,14,12,9915,9118
TAGTCCGTATGCATAA-1,0,15,13,10421,9407
CACTTCGTCTTATCTC-1,0,14,14,9916,9699
CATCCGCAGGCCCGAA-1,0,15,15,10422,9989
CCCTGATGTAACTCGT-1,0,14,16,9917,10280
CCATAGTCAGTAACCC-1,0,15,17,10423,10570
CGGGCCATAGCCGCAC-1,0,14,18,9918,10862
CTCCGGCTTGTAGACA-1,0,15,19,10424,11151
AACTTGCGTTCTCGCG-1,0,14,20,9919,11443
AATGAGTTCGCATATG-1,0,15,21,10425,11733
CGAGGCCAGGCATTGG-1,0,14,22,9920,12024
TCTGCGTCCGGTTTCT-1,0,15,23,10427,12314
CAATCCTGCCGTGGAG-1,0,14,24,9921,12606
CTGAGCAAGTAACAAG-1,0,15,25,10428,12895
GGGTACCCACGGTCCT-1,0,14,26,9922,13187
ACGGAATTTAGCAAAT-1,0,15,27,10429,13476
GGGCGGTCCTATTGTC-1,0,14,28,9924,13768
ATGTTACGAGCAATAC-1,0,15,29,10430,14058
AACCATGGGATCGCTA-1,0,14,30,9925,14349
TCGCATCCCTAAGTGT-1,0,15,31,10431,14639
ACTTAGTACGACAAGA-1,0,14,32,9926,14931
GAGCTCTCGGACCTAA-1,0,15,33,10432,15220
TCTATTACGCTGGCGA-1,0,14,34,9927,15512
AGATACGACTTCATAT-1,0,15,35,10433,15802
CGCTATACCGCCCACT-1,0,14,36,9928,16093
CAGTGTCCGCAGAATG-1,0,15,37,10434,16383
CCATCCATACCAAGTC-1,0,14,38,9929,16675
AACCCAGAGACGGAGA-1,0,15,39,10436,16964
GAAGAACGGTGCAGGT-1,0,14,40,9930,17256
GATAAATCGGTGGATG-1,0,15,41,10437,17546
CAGCTCGTGCTTGTGT-1,0,14,42,9931,17837
GAGTACGGGTATACAA-1,0,15,43,10438,18127
CATCGCCCGCGGCCAA-1,0,14,44,9933,18418
TCTTACAGAGGTACCG-1,0,15,45,10439,18708
TGGAAGACGAACACCA-1,0,14,46,9934,19000
GTTGTCGTGTTAGTTG-1,0,15,47,10440,19289
CCAAGGAACAGAGAGG-1,0,14,48,9935,19581
CTGCACCTGGAACCGC-1,0,15,49,10441,19871
CGCTTTCATACCGGTG-1,0,14,50,9936,20162
GTTCTTCCCTCGATGT-1,0,15,51,10442,20452
ATTTAACTCGTATTAC-1,0,14,52,9937,20744
AACGATAGAAGGGCCG-1,0,15,53,10443,21033
TATCCTGCATGGGAAT-1,0,14,54,9938,21325
AGGCCCATTGTACAGG-1,0,15,55,10444,21615
CCGGCGCATATTGGAT-1,0,14,56,9939,21906
ATCTGTAATTGTACCC-1,0,15,57,10446,22196
GAGCGAGGGAGTACCG-1,0,14,58,9940,22488
TTATTAGGGAAGCATC-1,0,15,59,10447,22777
CTTCTTACGTCGTATA-1,0,14,60,9942,23069
GAAGTGCTGGATAGCT-1,0,15,61,10448,23358
GTGCAACAAATGTGGC-1,0,14,62,9943,23650
CATGCGTTAGACAGAA-1,0,15,63,10449,23940
ACACACTTTCTACACG-1,0,14,64,9944,24231
AGCCCTAAGCGAAGTT-1,0,15,65,10450,24521
ATTAATTCGGTCACTC-1,0,14,66,9945,24813
AACAGGAAATCGAATA-1,0,15,67,10451,25102
ACGTTTAGTTGTGATC-1,0,14,68,9946,25394
TCCTTCAGTGGTCGAA-1,0,15,69,10452,25684
CGAACGCCCAGTGCCG-1,0,14,70,9947,25975
CCTCGAAGTGGACGGG-1,0,15,71,10453,26265
CTCTGTTTGAGGATTC-1,0,14,72,9948,26557
TGGGCACGTTCTATGG-1,0,15,73,10455,26846
ACTATTCGTCCGTGGT-1,0,14,74,9949,27138
CCTCTGGCCTAGACGG-1,0,15,75,10456,27428
CCATAAACAACCCGAC-1,0,14,76,9951,27719
CATAGTACATTGAGAG-1,0,15,77,10457,28009
ATTTCATTATTTCGCG-1,0,14,78,9952,28300
CAACTATATCGAATGC-1,0,15,79,10458,28590
CTAGTATTCGGAATTA-1,0,14,80,9953,28882
GTGGAACCTACATGCG-1,0,15,81,10459,29171
CCTAAAGGCTGACGCT-1,0,14,82,9954,29463
CGTGACATTGGGTCGT-1,0,15,83,10460,29753
CCAATCGGTAGATCGA-1,0,14,84,9955,30044
ATTGTCGCAATACCTT-1,0,15,85,10461,30334
AAATTACACGACTCTG-1,0,14,86,9956,30626
CACTCCTCTCGGTCGG-1,0,15,87,10462,30915
AAATAACCATACGGGA-1,0,14,88,9957,31207
AGTTACTCTATCGTGG-1,0,15,89,10464,31497
CGTTAGCTCACAACTG-1,0,14,90,9958,31788
GAATGTATGGCAGGTC-1,0,15,91,10465,32078
GCAACCACCAGACCGG-1,0,14,92,9960,32370
TCACTCGTGCAACGGC-1,0,15,93,10466,32659
AAACAGAGCGACTCCT-1,0,14,94,9961,32951
CAGCCTCTCCTCAAGA-1,0,15,95,10467,33241
TTGCGTGAACGCTTAG-1,0,14,96,9962,33532
CCGCCTGCGAATTGGT-1,0,15,97,10468,33822
AGATGAGGGTTGCGAT-1,0,14,98,9963,34113
CGGTGGGCTCCAGCCT-1,0,15,99,10469,34403
GGCAGCGGTAATCCTA-1,0,14,100,9964,34695
GCTAGCAGGGAGTGGG-1,0,15,101,10470,34984
CTCAAGACATTAGCGC-1,0,14,102,9965,35276
CACGGCGCGCCAAAGG-1,0,15,103,10471,35566
TGCAATTTGGGCACGG-1,0,14,104,9966,35857
ATGCCAATCGCTCTGC-1,0,15,105,10473,36147
GCTGGACCCAAAGTGG-1,0,14,106,9967,36439
ATTCCTAAGACGTGGA-1,0,15,107,10474,36728
TCCGGAGGAAGGGCTG-1,0,14,108,9968,37020
TCGGTGACCGCTCCGG-1,0,15,109,10475,37310
TCCGAAGTAGTCACCA-1,0,14,110,9970,37601
CATGTAGGAGCGCCAA-1,0,15,111,10476,37891
CACAAGAAAGATATTA-1,0,14,112,9971,38182
AGGGTCAGTAACCCTA-1,0,15,113,10477,38472
TAAGCCCTTACGACCA-1,0,14,114,9972,38764
ATACCGTCATCCATAA-1,0,15,115,10478,39053
GGACGTCCATAGTTGG-1,0,14,116,9973,39345
CATCAAACTGGCGCCC-1,0,15,117,10479,39635
AAACGTGTTCGCCCTA-1,0,14,118,9974,39926
AAATTGGTGAGAAGCA-1,0,15,119,10480,40216
GGTCATTGTAGTCATA-1,0,14,120,9975,40508
TGCAGTGAGGCTCGGG-1,0,15,121,10482,40797
GAACATTAGTATGTTA-1,0,14,122,9976,41089
GGTTTGCGAACACGTA-1,0,15,123,10483,41379
ACACAAATATTCCTAG-1,0,14,124,9977,41670
TTGGGTTTATTCAGCG-1,0,15,125,10484,41960
ATTCGCAGAGGACACT-1,0,14,126,9979,42252
GATTTAGTGCGTACTG-1,0,15,127,10485,42541
TAGAAACACAATAGTG-1,0,16,0,10919,5628
CAGTAGATGATGTCCG-1,0,17,1,11426,5918
TCTTAACTCGGATGTA-1,0,16,2,10920,6209
TACATCTTGTTTCTTG-1,0,17,3,11427,6499
TTCATAGGGTGTCCAT-1,0,16,4,10922,6791
TGAAGTAGCTTACGGA-1,0,17,5,11428,7080
GCACAAGTGGATCATA-1,0,16,6,10923,7372
GGGCGAATTTCTCCAC-1,0,17,7,11429,7662
ATGTTCCTGCCCACCT-1,0,16,8,10924,7953
GCTCAACCTCTTAGAG-1,0,17,9,11430,8243
ATAGCTGCTCTTGTTA-1,0,16,10,10925,8534
CGTCAGCTATTTACTC-1,0,17,11,11431,8824
ATCTGATAGTGTCTTA-1,0,16,12,10926,9116
TGCACTATGTGAGTGC-1,0,17,13,11432,9405
CCGACAAACACATGAG-1,0,16,14,10927,9697
GCCTTGTATATGCAGT-1,0,17,15,11433,9987
ATAATACCGTTAGCCG-1,0,16,16,10928,10278
ACACTCCAATGTCACT-1,0,17,17,11435,10568
AGTTGCTGACTGATAT-1,0,16,18,10929,10860
GGCGCTCCTCATCAAT-1,0,17,19,11436,11149
TGCCTGACATCGGTCA-1,0,16,20,10931,11441
TTGGCCATCTTGCGCT-1,0,17,21,11437,11731
CAGTGGTTGCACATGA-1,0,16,22,10932,12022
AGAATTGTTTGACATA-1,0,17,23,11438,12312
AAATGCTCGTTACGTT-1,0,16,24,10933,12604
CACCTAATAGAGTCGT-1,0,17,25,11439,12893
CATTTCTAGCAGACTA-1,0,16,26,10934,13185
CCGAAAGTGGTGAGCA-1,0,17,27,11440,13475
AGTCAGCCACCGCCTG-1,0,16,28,10935,13766
TCATCACTCGAGCTCG-1,0,17,29,11441,14056
CTCAGGACTCACCTGT-1,0,16,30,10936,14347
CGGTGTACTTGATCCC-1,0,17,31,11442,14637
CCTACGGCTCAGTCGA-1,0,16,32,10937,14929
GTACTTGGGCACTTCT-1,0,17,33,11444,15218
TGATTTCCTCCTGACG-1,0,16,34,10938,15510
CCTCACCAATCTTGAC-1,0,17,35,11445,15800
GGTGAGATGCAGATAA-1,0,16,36,10940,16091
GCTAGTTTCATTGAGG-1,0,17,37,11446,16381
AGGACATCGCACGTCG-1,0,16,38,10941,16673
GTGGACGTGCTGAGAC-1,0,17,39,11447,16962
TAAGGAACTTGTGGGA-1,0,16,40,10942,17254
TCGCTGTGCGTAAATC-1,0,17,41,11448,17544
GCATCCCTAACTTTGA-1,0,16,42,10943,17835
CACCCACACGTCACCC-1,0,17,43,11449,18125
CCCTCATTCTGGAATT-1,0,16,44,10944,18417
AGGGCGTGATCGGCTA-1,0,17,45,11450,18706
GGTGCGGATAAGTGGC-1,0,16,46,10945,18998
TAATATTGAAATTCGC-1,0,17,47,11451,19287
CTTACACTGGGAAATA-1,0,16,48,10946,19579
ACCAAGAACGCGTGTC-1,0,17,49,11453,19869
GCCTTCAGCCCTACCG-1,0,16,50,10947,20160
GATGCTACAAGCGCCT-1,0,17,51,11454,20450
CCGGGACCCGCAGAGA-1,0,16,52,10949,20742
GTTCCAGTCTGACCAT-1,0,17,53,11455,21031
ATGATCGGGAATAGAC-1,0,16,54,10950,21323
TTGGATTGGGTACCAC-1,0,17,55,11456,21613
TACCTCACGCTTGTAC-1,0,16,56,10951,21904
CATGGCAGGAAGATCG-1,0,17,57,11457,22194
ATGACGCCGGCTCTAA-1,0,16,58,10952,22486
AGCGACATCCCATTCA-1,0,17,59,11458,22775
AGTAATGTCTTGCCGC-1,0,16,60,10953,23067
TTCTTAGTGGCTCAGA-1,0,17,61,11459,23357
CGTCTGGAAGGGCCCG-1,0,16,62,10954,23648
ACGTGCGCCTCGTGCA-1,0,17,63,11460,23938
AGAGCGGGCTAATCAT-1,0,16,64,10955,24229
GCGTCGAAATGTCGGT-1,0,17,65,11462,24519
AACTGATATTAGGCCT-1,0,16,66,10956,24811
CGAGCTGGGCTTTAGG-1,0,17,67,11463,25100
GGGTGTTTCAGCTATG-1,0,16,68,10957,25392
TTAATTTCAGACGCGG-1,0,17,69,11464,25682
ACTGCCGTCGTAACTC-1,0,16,70,10959,25973
GTGCACGAAAGTGACT-1,0,17,71,11465,26263
ATCTCCCTGCAATCTA-1,0,16,72,10960,26555
ACGCCAGATGATTTCT-1,0,17,73,11466,26844
AGCTATTTAATCCAAC-1,0,16,74,10961,27136
CCACGAGAAGAGAATC-1,0,17,75,11467,27426
GATTCCGCGTTTCCGT-1,0,16,76,10962,27717
GTCGGATGTAGCGCGC-1,0,17,77,11468,28007
TATTTATACCGAGTAG-1,0,16,78,10963,28299
GTAGGTGATCCGTGTA-1,0,17,79,11469,28588
AGTTAAGCGGTCCCGG-1,0,16,80,10964,28880
CTGGCGACATAAGTCC-1,0,17,81,11471,29169
TTGGCCTAGAATTTCG-1,0,16,82,10965,29461
GGCATATCGGTTCTGC-1,0,17,83,11472,29751
GGGCGTCCACTGGCTC-1,0,16,84,10966,30042
TTACCCATTGCCGGGT-1,0,17,85,11473,30332
TTAGACACGATCGTTG-1,0,16,86,10968,30624
GCGCTGATCCAGACTC-1,0,17,87,11474,30913
TTCGGCAACCCGCTGA-1,0,16,88,10969,31205
GATATTTCCTACATGG-1,0,17,89,11475,31495
CTGCGTTACGATATAA-1,0,16,90,10970,31786
TAATAAACAAGGAGAT-1,0,17,91,11476,32076
AACCTTTACGACGTCT-1,0,16,92,10971,32368
AGTCCCGCCTTTAATT-1,0,17,93,11477,32657
TGAGATTAGGCCCTAA-1,0,16,94,10972,32949
AGTGTATTGCGCATTG-1,0,17,95,11478,33239
GTTGGATTCAGTGGCT-1,0,16,96,10973,33530
TAAAGCTGCAATAGGG-1,0,17,97,11479,33820
AGTAGGAAGGAAGTTG-1,0,16,98,10974,34111
TATCACTTCGAGTAAC-1,0,17,99,11481,34401
TGATCTACGCTGATCT-1,0,16,100,10975,34693
GGATCATCCCGTACGC-1,0,17,101,11482,34982
TGACACTTCTCTTTGC-1,0,16,102,10977,35274
AGCCCTTCTAATCCGA-1,0,17,103,11483,35564
CACCGCGTCCACTCTA-1,0,16,104,10978,35855
TAATTGGAATCGGGAA-1,0,17,105,11484,36145
TCGTAAGCTCCGAGGA-1,0,16,106,10979,36437
TATATTACAAATGTCG-1,0,17,107,11485,36726
CGCGAGAGGGACTTGT-1,0,16,108,10980,37018
GGACCTACGGTAACGT-1,0,17,109,11486,37308
GAAATATGCTTGAATG-1,0,16,110,10981,37599
CCGTATTAGCGCAGTT-1,0,17,111,11487,37889
AGGCGTCTATGGACGG-1,0,16,112,10982,38181
AACATCGATACGTCTA-1,0,17,113,11488,38470
TGAATATGCTATAAAC-1,0,16,114,10983,38762
ACCAAACACCCAGCGA-1,0,17,115,11490,39052
TGGCTTGTACAAGCTT-1,0,16,116,10984,39343
GAATGAAGGTCTTCAG-1,0,17,117,11491,39633
AGATACCAGCACTTCA-1,0,16,118,10986,39924
GCGGTCCCGGTGAAGG-1,0,17,119,11492,40214
GAGGCATTTGCAGCAG-1,0,16,120,10987,40506
GGCAAGCCAGGGATAG-1,0,17,121,11493,40795
TCTACGGGCTCAGTTG-1,0,16,122,10988,41087
TCTGCGAATCGTTCGC-1,0,17,123,11494,41377
AGCTCGTTGATGGAAA-1,0,16,124,10989,41668
TGAATGAGATACAGCA-1,0,17,125,11495,41958
ACCCTTGCCTGGGTCG-1,0,16,126,10990,42250
GGCGAACCGTTCTGAT-1,0,17,127,11496,42539
GCGATGTCTGTGCTTG-1,0,18,0,11931,5626
ATTAACACCTGAGATA-1,0,19,1,12437,5916
GAAATCTGACCAAGTT-1,0,18,2,11932,6207
CCTGACAAACTCGCGC-1,0,19,3,12438,6497
ATGTCATTTCCCATTG-1,0,18,4,11933,6789
GCGGTGCGGAGCATCG-1,0,19,5,12439,7078
CGGAAAGCAAATGTGC-1,0,18,6,11934,7370
GCTGAGCAACGGTTCT-1,0,19,7,12440,7660
TCACTCTTCGTCTGTC-1,0,18,8,11935,7951
GATCTTCATTGTCCTC-1,0,19,9,12442,8241
ACTCGATGTATTTCAT-1,0,18,10,11936,8533
TGAAGAGCGGTCCTAG-1,0,19,11,12443,8822
TAAACGTCGTCAATGA-1,0,18,12,11938,9114
ACGTTATTGGTCACTC-1,0,19,13,12444,9403
ATAGCCTCAGTACCCA-1,0,18,14,11939,9695
CGGGAGTATACCGCCG-1,0,19,15,12445,9985
GTCCTACAGGCGGCTC-1,0,18,16,11940,10276
CGGATAAGCGGACATG-1,0,19,17,12446,10566
AACTTCTGCGTCTATC-1,0,18,18,11941,10858
GGGTTCAGACGAACAA-1,0,19,19,12447,11147
AGTCTGGACATCCTTG-1,0,18,20,11942,11439
TTGAACGAATCCTTTG-1,0,19,21,12448,11729
GAAATACTAAACGTTT-1,0,18,22,11943,12020
CCCGCGCAATGCACCC-1,0,19,23,12449,12310
TTCGGCTAGAGATGGT-1,0,18,24,11944,12602
GACACGAGTTAGAGGA-1,0,19,25,12451,12891
GAGGTCCCAAAGATCT-1,0,18,26,11945,13183
TAACTCCATGGAGGCT-1,0,19,27,12452,13473
CTTGTTTATGTAGCCA-1,0,18,28,11947,13764
GATGGCGCACACATTA-1,0,19,29,12453,14054
ATAATAGTGTAGGGAC-1,0,18,30,11948,14345
CGCTATTCAATGTATG-1,0,19,31,12454,14635
ATATTGCTGTCAAAGT-1,0,18,32,11949,14927
GGATTCAGTACGGTGG-1,0,19,33,12455,15216
TTCTTAGTGAACGGTG-1,0,18,34,11950,15508
AATGGTTCTCACAAGC-1,0,19,35,12456,15798
TATACACGCAAAGTAT-1,0,18,36,11951,16089
CTTCATAGCTCAAGAA-1,0,19,37,12457,16379
CAACGGTTCTTGATAC-1,0,18,38,11952,16671
ACACCCGAGAAATCCG-1,0,19,39,12458,16960
TCTATCATGCAGTTAC-1,0,18,40,11953,17252
CCCGCCATGCTCCCGT-1,0,19,41,12460,17542
CGCTTCCACTGAAATC-1,0,18,42,11954,17833
CACTGTCCAAGTGAGA-1,0,19,43,12461,18123
ATTACTAGCCTCTTGC-1,0,18,44,11955,18415
CATAGTAGCATAGTAG-1,0,19,45,12462,18704
CAACTCCTTGATCCCG-1,0,18,46,11957,18996
AAGTAGAAGACCGGGT-1,0,19,47,12463,19286
GCGGGAACCAGGCCCT-1,0,18,48,11958,19577
ATTAGATTGATAGCGG-1,0,19,49,12464,19867
CTCGGTCCGTAGCCTG-1,0,18,50,11959,20158
TGGCTTTGGGTAGACA-1,0,19,51,12465,20448
TATCCATATCATGCGA-1,0,18,52,11960,20740
GGAGTGCCGCCCTGGA-1,0,19,53,12466,21029
TGAGAATGCTTTACCG-1,0,18,54,11961,21321
TTAACCAACCCTCCCT-1,0,19,55,12467,21611
TGTTTCGGTACTTCTC-1,0,18,56,11962,21902
TTGCTGAAGGAACCAC-1,0,19,57,12469,22192
TATTTAGTCTAGATCG-1,0,18,58,11963,22484
CTCCGGCCTAATATGC-1,0,19,59,12470,22773
TTGTGGCCCTGACAGT-1,0,18,60,11964,23065
TCGCCGGTCGATCCGT-1,0,19,61,12471,23355
CCATAGGTTGGCGTGG-1,0,18,62,11966,23646
GAACGACCGAATGATA-1,0,19,63,12472,23936
TCCGATAATTGCCATA-1,0,18,64,11967,24227
CATTACGTCGGCCCGT-1,0,19,65,12473,24517
CAAGCACCAAATGCCT-1,0,18,66,11968,24809
TGCATGGATCGGATCT-1,0,19,67,12474,25098
GAAATCGCGCGCAACT-1,0,18,68,11969,25390
CTGAAAGAGATCCGAC-1,0,19,69,12475,25680
CACCTCGATGGTGGAC-1,0,18,70,11970,25971
ATTTGTTCCAGGGCTC-1,0,19,71,12476,26261
TGGGCCACAAGAGCGC-1,0,18,72,11971,26553
CCTTCTTGATCCAGTG-1,0,19,73,12477,26842
CCTCGCCAGCAAATTA-1,0,18,74,11972,27134
TTCATGGCGCAACAGG-1,0,19,75,12479,27424
TTAATCAGTACGTCAG-1,0,18,76,11973,27715
CCTATCTATATCGGAA-1,0,19,77,12480,28005
ATTATACTTTGCTCGT-1,0,18,78,11975,28297
ATGGATCCGGCGTCCG-1,0,19,79,12481,28586
CGCCCGCTTCCGTACA-1,0,18,80,11976,28878
GGATTCCGCTATACCC-1,0,19,81,12482,29168
CGGTCTATCAACCCGT-1,0,18,82,11977,29459
ATGCCGGTTGATGGGA-1,0,19,83,12483,29749
TCATGCAGGTTCTCAT-1,0,18,84,11978,30040
TGAGCTTTAATGACGC-1,0,19,85,12484,30330
TCCCTTAGATTACTCG-1,0,18,86,11979,30622
ATATCTCCCTCGTTAA-1,0,19,87,12485,30911
AGCTCTTCCCAGTGCA-1,0,18,88,11980,31203
TCGCTAAACCGCTATC-1,0,19,89,12486,31493
CACATTCTTTCGATGG-1,0,18,90,11981,31784
GATATGCGGTAGCCAA-1,0,19,91,12488,32074
CGTTTCACTTCGGGCG-1,0,18,92,11982,32366
CCAATTACGGGTCGAG-1,0,19,93,12489,32655
GCAGGTAGAGTATGGT-1,0,18,94,11984,32947
GTCGTATTGGCGTACA-1,0,19,95,12490,33237
GAAATTAGCACGGATA-1,0,18,96,11985,33528
AATGCACCAAGCAATG-1,0,19,97,12491,33818
AGGACGCTCGATGTTG-1,0,18,98,11986,34110
GGCTAAAGGGCGGGTC-1,0,19,99,12492,34399
CATCTATCCCGTGTCT-1,0,18,100,11987,34691
CAGTAACTATTTATTG-1,0,19,101,12493,34980
CATATACTACTGATAA-1,0,18,102,11988,35272
GCGTTCGGAGACCGGG-1,0,19,103,12494,35562
AAGTTCAGTCTGCGTA-1,0,18,104,11989,35853
CGAAGCTATAAATTCA-1,0,19,105,12495,36143
CGCGGTCACAAACCAA-1,0,18,106,11990,36435
GGGAATGAGCCCTCAC-1,0,19,107,12497,36724
ACGGAGCGCAAATTAC-1,0,18,108,11991,37016
CGTTCTTCGCACACCT-1,0,19,109,12498,37306
GAATAGCCCTGCGGTC-1,0,18,110,11993,37597
AATAGCTACCGCGTGC-1,0,19,111,12499,37887
CCGAGCTGTGCTTGTC-1,0,18,112,11994,38179
GATGACGATGATCGCG-1,0,19,113,12500,38468
GCCTATGCTGGGCCTT-1,0,18,114,11995,38760
TTACTGTCTAGAGCTC-1,0,19,115,12501,39050
AGCGGTTGCCGCTCTG-1,0,18,116,11996,39341
GCTTGCAGCACAATTG-1,0,19,117,12502,39631
CCGGAGGTCTTATGGT-1,0,18,118,11997,39922
ACAGTATACCGTGGGA-1,0,19,119,12503,40212
GGGATCCCAATACAAA-1,0,18,120,11998,40504
ATTACGACTCCACAGT-1,0,19,121,12504,40793
CTCACACGCAAGCCTA-1,0,18,122,11999,41085
CCAGATGTAAATGGGT-1,0,19,123,12506,41375
GAACTTGTGCACGGGA-1,0,18,124,12000,41666
AAGCCGCTTTACCTTG-1,0,19,125,12507,41956
TCCATTCCCACTAGAG-1,0,18,126,12001,42248
AGAGCGCTTGTAACGG-1,0,19,127,12508,42537
TGGGTTCCCGGACGGA-1,0,20,0,12942,5624
GCTGCGCCTCCCACGT-1,0,21,1,13449,5914
CTGTTGGCTCTTCTGA-1,0,20,2,12943,6205
TTGTTCTAGATACGCT-1,0,21,3,13450,6495
CCCTCAAGCTCTTAGT-1,0,20,4,12945,6787
TGGTCTAGCTTACATG-1,0,21,5,13451,7076
ATGCACCTTCCTTAAT-1,0,20,6,12946,7368
GGGATACGGTAATAAT-1,0,21,7,13452,7658
AGTTCACCGGTTGGAC-1,0,20,8,12947,7949
GACATACTGTCGCAGA-1,0,21,9,13453,8239
TGGACACCGTTGCTTG-1,0,20,10,12948,8531
TGCGATGCTAATGGCT-1,0,21,11,13454,8820
TTCTGTTTCCTGTCGC-1,0,20,12,12949,9112
CGTTGTAAACGTCAGG-1,0,21,13,13455,9402
GATCGGCGATAAGTCG-1,0,20,14,12950,9693
AGCCTTAAAGCGGAAG-1,0,21,15,13456,9983
TCCGTAACCACAATCC-1,0,20,16,12951,10274
GAATGCCGAAATGACC-1,0,21,17,13458,10564
TATACTCATGCGGCAA-1,0,20,18,12952,10856
TAGTGTCAGAAACGGC-1,0,21,19,13459,11145
CGTCATACCATATCCA-1,0,20,20,12953,11437
TAGTACCTTAGTGGTC-1,0,21,21,13460,11727
CTGGCGGGAATAAGTA-1,0,20,22,12955,12018
AGTGTGGTCTATTGTG-1,0,21,23,13461,12308
GCTATCGCGGCGCAAC-1,0,20,24,12956,12600
CAGTAATCCCTCCCAG-1,0,21,25,13462,12889
GTATTAAGGCGTCTAA-1,0,20,26,12957,13181
CTAATTTCAACAACAC-1,0,21,27,13463,13471
TTAGCAACATGGATGT-1,0,20,28,12958,13762
ATGCTCAGTGTTGCAT-1,0,21,29,13464,14052
GATGTTTGTGCGAGAT-1,0,20,30,12959,14344
CACTTCGCCACAGGCT-1,0,21,31,13465,14633
CTGTATGGTGTAGAAA-1,0,20,32,12960,14925
TACGTGCACTATGCTG-1,0,21,33,13466,15214
GTATCAGCTTGGGTTC-1,0,20,34,12961,15506
TAACAAAGGGAGAAGC-1,0,21,35,13468,15796
TTACATCGTGGCCTGG-1,0,20,36,12962,16087
TCTGAACCGGTCGGCT-1,0,21,37,13469,16377
GGCTCGTGCCACCAGC-1,0,20,38,12964,16669
TATAAGTGAGGATAGC-1,0,21,39,13470,16958
GCCCGCGCGTTTGACA-1,0,20,40,12965,17250
TGCTGGTTGGACAATT-1,0,21,41,13471,17540
GCCTAGCGATCTGACC-1,0,20,42,12966,17831
CCATGCTCTGCAGGAA-1,0,21,43,13472,18121
TATAAATCCACAAGCT-1,0,20,44,12967,18413
CGCTCGACATAATGAT-1,0,21,45,13473,18702
CCAATTGAATGTTAAT-1,0,20,46,12968,18994
GCTAATACCGAATGCC-1,0,21,47,13474,19284
TTCAACGACCCGACCG-1,0,20,48,12969,19575
TTCCTCGAGGGTGTCT-1,0,21,49,13475,19865
CAACGACCCGTTTACA-1,0,20,50,12970,20156
CTTGTACTTGTTGACT-1,0,21,51,13477,20446
TCTCTAATAGCTGGTA-1,0,20,52,12971,20738
ATTATGCCATAGGGAG-1,0,21,53,13478,21027
GACAACGCAGCTTACG-1,0,20,54,12973,21319
AGATGACTCGCCCACG-1,0,21,55,13479,21609
GTGCGGGTCTCCAAAT-1,0,20,56,12974,21900
GTACGAGATTGCGACA-1,0,21,57,13480,22190
GTATAGGACTCAGTAG-1,0,20,58,12975,22482
TTGCACGGAGCAGCAC-1,0,21,59,13481,22771
CACAGCTAGGGAGTGA-1,0,20,60,12976,23063
ATACTAGCATGACCCT-1,0,21,61,13482,23353
CCAAGACTTCTGCGAA-1,0,20,62,12977,23644
ACATAATAAGGCGGTG-1,0,21,63,13483,23934
TAATACACAGTAGTAT-1,0,20,64,12978,24226
TCTTGGTAACACCAAA-1,0,21,65,13484,24515
AACTGGGTCCCGACGT-1,0,20,66,12979,24807
ATCACTTCATCCTCGC-1,0,21,67,13486,25097
TGGAAGGATAAAGATG-1,0,20,68,12980,25388
CATGATGCACAATTCT-1,1,21,69,13487,25678
TGCCTGATCAAACGAT-1,1,20,70,12982,25969
ATAGGGATATCCTTGA-1,1,21,71,13488,26259
CACCTAATCAGTTTAC-1,1,20,72,12983,26551
TGTGACTACGCCAGTC-1,1,21,73,13489,26840
CCCGACCATAGTCCGC-1,1,20,74,12984,27132
CGCGCCCGACTTAATA-1,1,21,75,13490,27422
TGCCACCTGGCGAAAC-1,0,20,76,12985,27713
CTGCCAAGGTTGGAAG-1,1,21,77,13491,28003
TCTCCAACGTAGGTTA-1,0,20,78,12986,28295
TTCTTGGAGTAATGAG-1,1,21,79,13492,28584
GTCTCGATCTGCTTTC-1,0,20,80,12987,28876
TACTCTCCGAACAAAT-1,1,21,81,13493,29166
ATCACATTAGAATATC-1,0,20,82,12988,29457
TACGGGATGCTAGCAG-1,0,21,83,13495,29747
AGCTGAAGTAAACCAA-1,0,20,84,12989,30038
CATGGGTCGGGTGTGG-1,0,21,85,13496,30328
CACCCACGAGGCAATT-1,0,20,86,12991,30620
TGCCATTACTAAAGAA-1,0,21,87,13497,30909
CCGTTACGTTAGAACA-1,0,20,88,12992,31201
GCCAGGAGTAACCGAT-1,0,21,89,13498,31491
GGAAAGTGCCCATGCC-1,0,20,90,12993,31782
TCTTACCGGAACTCGT-1,0,21,91,13499,32072
TATGTCAAGACCGACT-1,0,20,92,12994,32364
CCTAACTAAGGCTCTA-1,0,21,93,13500,32653
GCGGTGAACTGCGCTC-1,0,20,94,12995,32945
CCTCGCGCGATATAGG-1,0,21,95,13501,33235
ATCGGCAAGCAGTCCA-1,0,20,96,12996,33526
AGATCGTGCATAAGAT-1,0,21,97,13502,33816
ATTCAGGACCTATTTC-1,0,20,98,12997,34108
AGCTAGAAGCAGAAGT-1,0,21,99,13504,34397
TTCGCTATCTGACGTG-1,0,20,100,12998,34689
TTCCGCAGAGAAATAT-1,0,21,101,13505,34979
CAGTACATTCTCTAAA-1,0,20,102,12999,35270
GTGAAGATTTCAAGTG-1,0,21,103,13506,35560
AACGCATGATCTGGGT-1,0,20,104,13001,35851
CCCAGAGGAGGGCGTA-1,0,21,105,13507,36141
GGAAACCTTGTTGAAT-1,0,20,106,13002,36433
GTGAAGCCGTATAGTC-1,0,21,107,13508,36722
GAGCTGTCGTCTCGGA-1,0,20,108,13003,37014
TGTCATTTGTTGGGAA-1,0,21,109,13509,37304
ACCAACACCACACACT-1,0,20,110,13004,37595
AAATGATTCGATCAGC-1,0,21,111,13510,37885
CTGCTTTATGTCCGCG-1,0,20,112,13005,38177
GCGAGAGGCCATGTAA-1,0,21,113,13511,38466
ATTGACCGGCGATGAC-1,0,20,114,13006,38758
ACCCTGGTAACGCCCT-1,0,21,115,13512,39048
GTTGGACCGCATCAGG-1,0,20,116,13007,39339
CGTTTACAAGGCAGCT-1,0,21,117,13514,39629
CGGTCCATGAGACTCC-1,0,20,118,13008,39921
GTTCGTCTGGGTCCCT-1,0,21,119,13515,40210
TGTACTACTCTCACGG-1,0,20,120,13010,40502
AGTGAAGATGGTGTCC-1,0,21,121,13516,40791
GAGGGCCATAATATTA-1,0,20,122,13011,41083
ACTCCCGTAGACTAGG-1,0,21,123,13517,41373
CGTCAAATGGTCGCAG-1,0,20,124,13012,41664
AAGTCTAGTAGCTGCC-1,0,21,125,13518,41954
AAGAAATCACCAGATT-1,0,20,126,13013,42246
GAGTGCACGGACAACA-1,0,21,127,13519,42535
GTTCAAATCAGATGTC-1,0,22,0,13954,5622
CATGGCTCCCTATGTC-1,0,23,1,14460,5912
GGCCACACGAAAGCCT-1,0,22,2,13955,6203
GAAGCCGGGTAAGCTC-1,0,23,3,14461,6493
TTGCGCTCTCTCGCTT-1,0,22,4,13956,6785
TACATGACCTTATCCG-1,0,23,5,14462,7074
GTCCTTCTACAACCCA-1,0,22,6,13957,7366
TATATGCTGGGTTGCC-1,0,23,7,14463,7656
GTTTATGGGATTTAGA-1,0,22,8,13958,7947
GGAACCCGAACAAGAA-1,0,23,9,14464,8237
AACGTTATCAGCACCT-1,0,22,10,13959,8529
CATCGTCCGGTTACTA-1,0,23,11,14466,8818
AGACAGCTCAGAATCC-1,0,22,12,13960,9110
GCAGATCCTCGCAAAT-1,0,23,13,14467,9400
GGGTCATGCGTACCAT-1,0,22,14,13962,9691
CTGGTCATTCCAATCC-1,0,23,15,14468,9981
TCAGGGCGCAAACTCG-1,0,22,16,13963,10273
GATGCCAGCAGAAGGC-1,0,23,17,14469,10562
GTTATTAACGTGGGAG-1,0,22,18,13964,10854
AATACAATGTTTCAGG-1,0,23,19,14470,11143
TTGCTGCACCTATCCA-1,0,22,20,13965,11435
CCAGAGACAAAGCCGG-1,0,23,21,14471,11725
CCGAAGTATATTGTTC-1,0,22,22,13966,12016
GCTAAACCTGAGGTGA-1,0,23,23,14472,12306
TCATACTTACAGATCC-1,0,22,24,13967,12598
CGAGCACTTCAAGTTT-1,0,23,25,14473,12887
TAGCAACCTGTCACAA-1,0,22,26,13968,13179
TGGGAAATGCCTTTCC-1,0,23,27,14475,13469
AGACCATGGGATACAA-1,0,22,28,13969,13760
TAAATGAATCCGTTTC-1,0,23,29,14476,14050
ACAACGGTCCCTGCGA-1,0,22,30,13971,14342
GTCACTCTCCAAATCT-1,0,23,31,14477,14631
TTCTACTTGCGAGGGC-1,0,22,32,13972,14923
CGCAATTACTTTCGGT-1,0,23,33,14478,15213
CTGTTCATCTCACGGG-1,0,22,34,13973,15504
TTCTTGTAACCTAATG-1,0,23,35,14479,15794
GCTTGATGATAATCAG-1,0,22,36,13974,16085
TTGGCTCGCATGAGAC-1,0,23,37,14480,16375
GCCCAGTTGGTATGCC-1,0,22,38,13975,16667
ATTCCTCCGCCAGTGC-1,0,23,39,14481,16956
TCGTCCGCTGGCGTCT-1,0,22,40,13976,17248
GGAGAAGTCATTGGCA-1,0,23,41,14482,17538
TTGTTAGCAAATTCGA-1,0,22,42,13977,17829
TCTAGCATCTTCGATG-1,0,23,43,14484,18119
TTCTAGGCCAATTGTG-1,0,22,44,13978,18411
TCACGGTCATCGCACA-1,0,23,45,14485,18700
ATGAAGCCAAGGAGCC-1,0,22,46,13980,18992
AATGACTGTCAGCCGG-1,0,23,47,14486,19282
CCAAACAGAACCCTCG-1,0,22,48,13981,19573
TATCGATGATTAAACG-1,0,23,49,14487,19863
GAACACACATCAACCA-1,0,22,50,13982,20155
CCCGTCAGCGTCTGAC-1,0,23,51,14488,20444
AGCATCGTCGATAATT-1,0,22,52,13983,20736
GACTAAGATCATGCAC-1,0,23,53,14489,21025
TAGGGTGTTTCAAGAG-1,0,22,54,13984,21317
TGGTTCGTAGCAAAGG-1,0,23,55,14490,21607
CTGTTCACTGCCTGTG-1,0,22,56,13985,21898
ATGTGCATCCGACGCA-1,0,23,57,14491,22188
TTGTCGTTCAGTTACC-1,0,22,58,13986,22480
CGGGATCAATGTAAGA-1,0,23,59,14493,22769
TTATCTGTATCATAAC-1,0,22,60,13987,23061
ATCGACTCTTTCCGTT-1,0,23,61,14494,23351
CTCATTTGATGGGCGG-1,0,22,62,13988,23642
GTAAGCGGGCAGTCAG-1,0,23,63,14495,23932
TCTATCGGTCGCAACA-1,0,22,64,13990,24224
AACGCGGTCTCCAGCC-1,0,23,65,14496,24513
ATTAATACTACGCGGG-1,0,22,66,13991,24805
CTTTAACTTTCAAAGG-1,1,23,67,14497,25095
CGTACCTGATAGGCCT-1,1,22,68,13992,25386
GAATGTTGGGTAATCT-1,1,23,69,14498,25676
TGCGGAGTAAAGGTGC-1,1,22,70,13993,25967
CCTGAATATTTACATA-1,1,23,71,14499,26257
TTGCTCCCATACCGGA-1,1,22,72,13994,26549
CCTCTAATCTGCCAAG-1,1,23,73,14500,26838
AGGTTGAGGCACGCTT-1,1,22,74,13995,27130
TCCCGTCAGTCCCGCA-1,1,23,75,14502,27420
TCCGATGACTGAGCTC-1,1,22,76,13996,27711
CAGCCTCCTGCAGAGG-1,1,23,77,14503,28001
CTTAGCCTTCCACATG-1,1,22,78,13997,28293
ATTAATGAACCAGTCG-1,1,23,79,14504,28582
ACGATACATAGAACTA-1,1,22,80,13999,28874
AGCCACTCCCGTGCTT-1,1,23,81,14505,29164
ATACGGGTTTCGATTG-1,1,22,82,14000,29455
CTGTCAAATGGCTCGG-1,1,23,83,14506,29745
GCTCGGAATTTAAAGC-1,1,22,84,14001,30037
TAGGCATGTTACGCCA-1,1,23,85,14507,30326
TGGCAACTCGCGCGCC-1,0,22,86,14002,30618
ATCAGTAGGCAGGGAT-1,1,23,87,14508,30908
TATCGATCTATGCATA-1,0,22,88,14003,31199
CGACTCAGGATGTTAT-1,0,23,89,14509,31489
GCCATATTGCACACAG-1,0,22,90,14004,31780
AATTCATAAGGGATCT-1,0,23,91,14510,32070
CGGTAGAGGTGCAGGT-1,0,22,92,14005,32362
AATGATGATACGCTAT-1,0,23,93,14512,32651
CTTGTGCTCACCGATT-1,0,22,94,14006,32943
TTCCAATCAGAGCTAG-1,0,23,95,14513,33233
CGATGGACCCTACGCC-1,0,22,96,14008,33524
GGTCGGATAAACGGCG-1,0,23,97,14514,33814
TTAGCTAATACGATCT-1,0,22,98,14009,34106
CTCGATATTTGCGAGC-1,0,23,99,14515,34395
ATTACTTACTGGGCAT-1,0,22,100,14010,34687
CTAGCCGATGTTATGA-1,0,23,101,14516,34977
TACTGCAATCAATTAC-1,0,22,102,14011,35268
TAGTCTGTGACGTTGC-1,0,23,103,14517,35558
CTCGTTTCTAATGTTT-1,0,22,104,14012,35849
TTCGTTCAACGAAGTT-1,0,23,105,14518,36139
CTGAATTTATTGCCAG-1,0,22,106,14013,36431
TGGAATATCCTTGACC-1,0,23,107,14519,36720
CAGATCATTTAAAGTC-1,0,22,108,14014,37012
CTCCTTTACGCAAGTC-1,0,23,109,14521,37302
TCCCAAACAGACAACG-1,0,22,110,14015,37593
ATCGCTGCGTGCAGCA-1,0,23,111,14522,37883
TTAGTTCAAGTGTTCG-1,0,22,112,14017,38175
AAACTCGTGATATAAG-1,0,23,113,14523,38464
TTAACGAACAAGCAGT-1,0,22,114,14018,38756
GTTATATCAGGAGCCA-1,0,23,115,14524,39046
CAAATTGGATTATGCC-1,0,22,116,14019,39337
CGAGGAGCTTCCATAT-1,0,23,117,14525,39627
GGAGACCAATGTGCTT-1,0,22,118,14020,39919
CATTGATGAACACGCC-1,0,23,119,14526,40208
GTCAATGCTATAATTT-1,0,22,120,14021,40500
ACCACCCTCTCTTCTA-1,0,23,121,14527,40790
TGGAGGGAAACACCTC-1,0,22,122,14022,41081
CACGGACGTGGATGGC-1,0,23,123,14528,41371
AACTTTCTCGATCATG-1,0,22,124,14023,41662
CGTATTGTTTCCTAAT-1,0,23,125,14530,41952
CCTACTGCGGCGGCCA-1,0,22,126,14024,42244
CTTAGGTCCCAATCGT-1,0,23,127,14531,42533
CGCAATCGATCATTAG-1,0,24,0,14965,5620
TGGTTATGCTTGCGGT-1,0,25,1,15471,5910
GGCTTGGCTCTCACCT-1,0,24,2,14966,6201
ATTGGTAGGATCCGCT-1,0,25,3,15473,6491
TCAGGGCGACTTCCTT-1,0,24,4,14967,6783
TCTGCAGATTCGAGTC-1,0,25,5,15474,7072
CTCTCGCTGTACTATG-1,0,24,6,14969,7364
AATAGTCGCGAGTCGG-1,0,25,7,15475,7654
AGTTACCCTTAAGACT-1,0,24,8,14970,7945
CTTAAATAAGACCCAT-1,0,25,9,15476,8235
GGTTGTGCTCTTGTCC-1,0,24,10,14971,8527
GTGAGTCTAAGACGGA-1,0,25,11,15477,8816
CGCGACACTGCGCAGC-1,0,24,12,14972,9108
GCTCGCGGTTCCGCTC-1,0,25,13,15478,9398
TTAACTCACGCGTGGA-1,0,24,14,14973,9689
GGAACGGCCTGCAGCC-1,0,25,15,15479,9979
GTAGAAACGGGTGGAG-1,0,24,16,14974,10271
TAATGAAAGACCCTTG-1,0,25,17,15480,10560
AGGCTTGCTAGACACC-1,0,24,18,14975,10852
TTGCGTAGTTTGAGGA-1,0,25,19,15482,11142
CGCCCTTGAAGGCTGA-1,0,24,20,14976,11433
CCCGGTGGAAGAACCT-1,0,25,21,15483,11723
TTAACACCTCGAACAT-1,0,24,22,14978,12014
GATTCCTATACGGCGC-1,0,25,23,15484,12304
TTACCCTAACAGTCCT-1,0,24,24,14979,12596
ACCCACCTACATGCTC-1,0,25,25,15485,12885
AAAGGGCAGCTTGAAT-1,0,24,26,14980,13177
CACACAGGGATAGATT-1,0,25,27,15486,13467
AGAGCGTACAAGCTCG-1,0,24,28,14981,13758
TCTTACGGCATCCGAC-1,0,25,29,15487,14048
GCCTATTCCGATATAG-1,0,24,30,14982,14340
GAAAGTGACTAACTGC-1,0,25,31,15488,14629
CCGGAATGGTTTCAGT-1,0,24,32,14983,14921
AGTATAATACTAGGCA-1,0,25,33,15489,15211
TAACTATCGAAGGTCC-1,0,24,34,14984,15502
ATGAGGAGTGTTAATC-1,0,25,35,15491,15792
TGTGTCGCGAGTTGCA-1,0,24,36,14985,16084
ATCCAACGCAGTCATA-1,0,25,37,15492,16373
AAGGCGCGTAAAGCTT-1,0,24,38,14986,16665
AGTCGGCCCAAACGAC-1,0,25,39,15493,16954
AACGTCAGACTAGTGG-1,0,24,40,14988,17246
ACTACCAGCTCTCTGG-1,0,25,41,15494,17536
GCAAGTGCACAGAGAA-1,0,24,42,14989,17827
ACACCTTAAGTAGGGC-1,0,25,43,15495,18117
TTCGACGGGAAGGGCG-1,0,24,44,14990,18409
TTCGCACTCGCGTGCT-1,0,25,45,15496,18698
TATTTGTTACCCTTTA-1,0,24,46,14991,18990
CGCTGTGACGCCGCAC-1,0,25,47,15497,19280
GTTGCACGGAGTTTCG-1,0,24,48,14992,19571
GTTTCCTGGAGGGTGA-1,0,25,49,15498,19861
ACACCCAGCATGCAGC-1,0,24,50,14993,20153
TCAACCATGTTCGGGC-1,0,25,51,15500,20442
TTACAACTACGCATCC-1,0,24,52,14994,20734
TCCGATGGTGCGACAT-1,0,25,53,15501,21024
GGGCGTACATTTATAT-1,0,24,54,14995,21315
AGCGACCAACGATATT-1,0,25,55,15502,21605
ACACAAAGACGGGTGG-1,0,24,56,14997,21896
ATCGCACGCCGGGAGA-1,0,25,57,15503,22186
GCTCTAAACCCTGACG-1,0,24,58,14998,22478
AATGCAACCGGGTACC-1,0,25,59,15504,22767
TCAAACAACCGCGTCG-1,0,24,60,14999,23059
TATGCTCCCTACTTAC-1,0,25,61,15505,23349
AAAGGGATGTAGCAAG-1,0,24,62,15000,23640
ACGATCATACATAGAG-1,0,25,63,15506,23930
TTGTTCAGTGTGCTAC-1,0,24,64,15001,24222
ATGCATGATCCAGGAT-1,1,25,65,15507,24511
AGTCTTCTCCTCAAAT-1,1,24,66,15002,24803
GATTCCCTTGTCGCAG-1,1,25,67,15508,25093
CTCGCACCTATATAGT-1,1,24,68,15003,25384
ACTCAATAAAGGCACG-1,1,25,69,15510,25674
AACCGAGCTTGGTCAT-1,1,24,70,15004,25966
TAAGGCAACATAAGAT-1,1,25,71,15511,26255
CACGCACAGCGCAGCT-1,1,24,72,15006,26547
GGTTTACAATCTCAAT-1,1,25,73,15512,26836
TGCAGGATCGGCAAAG-1,1,24,74,15007,27128
ATAACGGAGTCCAACG-1,1,25,75,15513,27418
AACGATATGTCAACTG-1,1,24,76,15008,27709
GACAACGACCATTGAA-1,1,25,77,15514,27999
TTGACCATGTTCTCCG-1,1,24,78,15009,28291
AGTACGGGCACCTGGC-1,1,25,79,15515,28580
CGCCATCCGATTATGA-1,1,24,80,15010,28872
AAGGTATCCTAATATA-1,1,25,81,15516,29162
TGTTGTCAAGAAGTCT-1,1,24,82,15011,29453
CAGTGAATAAATGACT-1,1,25,83,15517,29743
CACCTTGCGAAACTCG-1,1,24,84,15012,30035
CATTTAGCGGACCATG-1,1,25,85,15519,30324
CCAGTCTAGACGGCGC-1,1,24,86,15013,30616
TCGCTTTAAACGTTTG-1,1,25,87,15520,30906
GTGAAACGGCGCCACC-1,1,24,88,15015,31197
GGGCTCATCGAACCCA-1,1,25,89,15521,31487
TTGATGTGTAGTCCCG-1,0,24,90,15016,31778
CAGTAGCCCACGCGGT-1,1,25,91,15522,32068
AGCGCGGGTGCCAATG-1,0,24,92,15017,32360
TAATCGATCCGTACGT-1,0,25,93,15523,32649
AGTGGCGGCAATTTGA-1,0,24,94,15018,32941
CCTTTCAATGAAGAAA-1,0,25,95,15524,33231
CTCAGTCACGACAAAT-1,0,24,96,15019,33522
ATAGGCTAGCTTCGCA-1,0,25,97,15525,33812
CGGTTCAAGTAGGTGT-1,0,24,98,15020,34104
CAGTCGAGGATGCAAT-1,0,25,99,15526,34393
TATCACCCAACCGACC-1,0,24,100,15021,34685
AATGATGCGACTCCTG-1,0,25,101,15528,34975
TGGAACCACTGACACA-1,0,24,102,15022,35266
GCCAATAGGGCATCTC-1,0,25,103,15529,35556
TTCTTTGGTCGCGACG-1,0,24,104,15024,35848
ATTAGATTCCTCAGCA-1,0,25,105,15530,36137
CCGTGGAACGATCCAA-1,0,24,106,15025,36429
GGGTCGTGGCAAGTGT-1,0,25,107,15531,36719
TCGCTCGGCACCAGCG-1,0,24,108,15026,37010
ACGCAATCACTACAGC-1,0,25,109,15532,37300
CTCTAATGCATTGATC-1,0,24,110,15027,37591
GTCTCGACTAAGTTTG-1,0,25,111,15533,37881
TGGTTTAAACGTGGGT-1,0,24,112,15028,38173
CGCAGATCTTCACCCG-1,0,25,113,15534,38462
TCCAGATGTACGCCAA-1,0,24,114,15029,38754
CATTGCGGGTCAATTC-1,0,25,115,15535,39044
GACGTTCGTAAATACA-1,0,24,116,15030,39335
TACACCGTCGTTAGTC-1,0,25,117,15537,39625
ACGGGCGTATGCGACA-1,0,24,118,15031,39917
GAAGGCTACCATTGTT-1,0,25,119,15538,40206
TAAATCTTTACACCTC-1,0,24,120,15032,40498
AGTTTATGTAAAGACA-1,0,25,121,15539,40788
AGGAGACATCCACAGT-1,0,24,122,15034,41079
CAACCTGAACCTGCCA-1,0,25,123,15540,41369
AGTCCCTCGCAGAAAG-1,0,24,124,15035,41660
TGTATACGGATGATGA-1,0,25,125,15541,41950
TTGTGGTATAGGTATG-1,0,24,126,15036,42242
TCTGCACCATTAGTAA-1,0,25,127,15542,42531
AAATGTATCTTATCCC-1,0,26,0,15977,5618
ACTCTAAACCTGGGAT-1,0,27,1,16483,5908
GCTGGCAGGTGCCGTG-1,0,26,2,15978,6200
CTCATTCGTGAACATC-1,0,27,3,16484,6489
TCGCCGGATGGGCAAG-1,0,26,4,15979,6781
GGACTAAGTCAGGAGT-1,0,27,5,16485,7071
TATCAAAGGTCTGTAA-1,0,26,6,15980,7362
TTCAGTTTGTGGCAGC-1,0,27,7,16486,7652
TGTTCATAAATGTGCT-1,0,26,8,15981,7943
CTTAGCCCGGATAGTG-1,0,27,9,16487,8233
GATGCGAATGGTATTA-1,0,26,10,15982,8525
TCTAACTGTATGTAAA-1,0,27,11,16489,8814
TTAAACCTGGTTCCTT-1,0,26,12,15983,9106
GCTAAGTAAAGGCGAT-1,0,27,13,16490,9396
AGTTACCGCACATGGT-1,0,26,14,15984,9687
GACTGCGGCACGTGTA-1,0,27,15,16491,9977
TGGTGATCGTATTTGT-1,0,26,16,15986,10269
TTATCGCCTGCGAAGC-1,0,27,17,16492,10558
TGGAATTAGACGCTTT-1,0,26,18,15987,10850
TCGTCACACTGTTAGC-1,0,27,19,16493,11140
TTATGTTTGCGATAGA-1,0,26,20,15988,11431
GGTGCTGATCACAAAG-1,0,27,21,16494,11721
CATAGCCGCCCGGGAT-1,0,26,22,15989,12012
GGTTAGTTACGGCGCC-1,0,27,23,16495,12302
ATTCCCACATAAACAA-1,0,26,24,15990,12594
ATTCAGTAGCAGGGTC-1,0,27,25,16496,12883
CAGTTCCGCGGGTCGA-1,0,26,26,15991,13175
AAGAGATGAATCGGTA-1,0,27,27,16497,13465
CGCAATTCTACAATAA-1,0,26,28,15992,13756
TAACGCTTTGAGAGCG-1,0,27,29,16499,14046
AGGCTATGGTTAGCTT-1,0,26,30,15993,14338
GAGGAATGGAGAGGTT-1,0,27,31,16500,14627
TCCTCTACGAGATGGC-1,0,26,32,15995,14919
TTGATTATGCAGATGA-1,0,27,33,16501,15209
TCAGTACTGACCCGCG-1,0,26,34,15996,15500
TTATGACAAACTGGAT-1,0,27,35,16502,15790
GTAAGTAGGGTATACC-1,0,26,36,15997,16082
CGCAAACACGAGTTAC-1,0,27,37,16503,16371
TGGCCGTATATTGACC-1,0,26,38,15998,16663
ACTGTAGCACTTTGGA-1,0,27,39,16504,16953
GCTCTATGTTACGTGC-1,0,26,40,15999,17244
TGCGCGATTAACGGAG-1,0,27,41,16505,17534
GAATCGACATGGTCAC-1,0,26,42,16000,17825
GACTAAGTAGGCTCAC-1,0,27,43,16506,18115
ATCTTGACCTGCAACG-1,0,26,44,16001,18407
ATGCACTACCGCATTG-1,0,27,45,16508,18696
CAGATACTAACATAGT-1,0,26,46,16002,18988
GATCGACACTATCTGA-1,0,27,47,16509,19278
ATAGAGTACTGGGACA-1,0,26,48,16004,19569
CCTACTGCTTACACTT-1,0,27,49,16510,19859
CCTGCTATTTGAGAAG-1,0,26,50,16005,20151
CGCGTTCATGAAATAC-1,0,27,51,16511,20440
CATTATGCTTGTTGTG-1,0,26,52,16006,20732
CCAGGGACGTGGCCTC-1,0,27,53,16512,21022
TATGGATGTGCTACGC-1,0,26,54,16007,21313
GTACTAAGATTTGGAG-1,0,27,55,16513,21603
AGACCCGCCCTCCTCG-1,0,26,56,16008,21895
CGCATTAGCTAATAGG-1,0,27,57,16514,22184
GCTCTCGGGTACCGAA-1,0,26,58,16009,22476
CACCGCCAGAAGGTTT-1,0,27,59,16515,22765
TCCCAAAGACGAAGGA-1,0,26,60,16010,23057
ATGGATTGACCAAACG-1,1,27,61,16517,23347
GTCATGGACATGACTA-1,0,26,62,16011,23638
CTACTGCCACCTGACC-1,1,27,63,16518,23928
TTATATTTGGCAATCC-1,1,26,64,16013,24220
AGCACCAGTACTCACG-1,1,27,65,16519,24509
CATGGTCTAGATACCG-1,1,26,66,16014,24801
TCTACCGTCCACAAGC-1,1,27,67,16520,25091
CTAGTTGGGCCCGGTA-1,1,26,68,16015,25382
TCCCGCGTACTCCTGG-1,1,27,69,16521,25672
CAGAGCATGAGCTTGC-1,1,26,70,16016,25964
ACACGGGAACTTAGGG-1,1,27,71,16522,26253
GGCTCTGCTCCAACGC-1,1,26,72,16017,26545
AGAACGTGGTACATTC-1,1,27,73,16523,26835
CAATAAACCTTGGCCC-1,1,26,74,16018,27126
ACTTCGCCATACGCAC-1,1,27,75,16524,27416
ATCTGGTTAAGACTGT-1,1,26,76,16019,27707
TCGTAAGACGACATTG-1,1,27,77,16526,27997
GTGTACCTTGGCTACG-1,1,26,78,16020,28289
GCCCGTAATACCTTCT-1,1,27,79,16527,28578
CGGTCAAGTGGGAACC-1,1,26,80,16021,28870
TTGTAAGGCCAGTTGG-1,1,27,81,16528,29160
GGAGCACCAAGAACTA-1,1,26,82,16023,29451
TAATAGTGACGACCAG-1,1,27,83,16529,29741
CTAAATCCTATTCCGG-1,1,26,84,16024,30033
CGAGTTCTGTCCCACC-1,1,27,85,16530,30322
AGGCAGATGCGTAAAC-1,1,26,86,16025,30614
AAGGATGAGGGACCTC-1,1,27,87,16531,30904
AGAGAACCGTCTAGGA-1,1,26,88,16026,31195
GAGGGCGCAGCTCTGC-1,1,27,89,16532,31485
AAGATTGGCGGAACGT-1,1,26,90,16027,31777
CCAGTAGTCTGATCCA-1,1,27,91,16533,32066
AAGGGACAGATTCTGT-1,1,26,92,16028,32358
ATAGAGTTATCAACTT-1,1,27,93,16535,32647
AAATTACCTATCGATG-1,0,26,94,16029,32939
GATCCTAAATCGGGAC-1,0,27,95,16536,33229
TTACAGACCTAAATGA-1,0,26,96,16030,33520
CCTCACCTTAGCATCG-1,0,27,97,16537,33810
CATGCGACCAGTTTAA-1,0,26,98,16032,34102
AACATATCAACTGGTG-1,0,27,99,16538,34391
CTATAAGAGCCAATCG-1,0,26,100,16033,34683
AATATCGAGGGTTCTC-1,0,27,101,16539,34973
GTACTCCTGGGTATGC-1,0,26,102,16034,35264
ATAAGTAGGATTCAGA-1,0,27,103,16540,35554
AGGTCGCGGAGTTACT-1,0,26,104,16035,35846
CTAATTCTCAGATATT-1,0,27,105,16541,36135
GCCAACCATTTCCGGA-1,0,26,106,16036,36427
TGATCCCAGCATTAGT-1,0,27,107,16542,36717
CGTTGTAAGATTGATT-1,0,26,108,16037,37008
GAAACCATGGTGCGCT-1,0,27,109,16543,37298
AATCTATGCCGGAGCC-1,0,26,110,16038,37589
GACTCCCAGAATAAGG-1,0,27,111,16545,37879
TATGATCCGGCACGCC-1,0,26,112,16039,38171
CCGCTTGCTGACATGG-1,0,27,113,16546,38460
TGGTTAAGGGCGCTGG-1,0,26,114,16041,38752
TTGATAGTCAATACAT-1,0,27,115,16547,39042
GGTTTAATTGAGCAGG-1,0,26,116,16042,39333
CATTACATAGATTGTG-1,0,27,117,16548,39623
GGTACACCAGATTTAT-1,0,26,118,16043,39915
GGCCCGTATACCATGC-1,0,27,119,16549,40204
ATCTTTCGTATAACCA-1,0,26,120,16044,40496
GAGATGACAATCCTTA-1,0,27,121,16550,40786
AAAGCTTGCCTACATA-1,0,26,122,16045,41077
GAACGATAAGTTAAAG-1,0,27,123,16551,41367
TAATAGCTAAATGATG-1,0,26,124,16046,41659
TATGGCTAGGCTAATT-1,0,27,125,16552,41948
AGGAGAGTCTGGCTAC-1,0,26,126,16047,42240
TGCTCTGCCGGTTCAC-1,0,27,127,16554,42530
CCAATAGATTTCATCT-1,0,28,0,16988,5616
GGGCACGAATTGGCCG-1,0,29,1,17494,5906
TCGTTGACAGGGTCCC-1,0,28,2,16989,6198
ATCGTATTCCGAGAAC-1,0,29,3,17495,6487
GGGAATTCTGTCCAGT-1,0,28,4,16990,6779
ACGCGTTTCTTAAGAG-1,0,29,5,17497,7069
GAGAGCGCAGTCCCTG-1,0,28,6,16991,7360
GTCCTATTGTTGTGGT-1,0,29,7,17498,7650
CATCTGCAGGATCATT-1,0,28,8,16993,7941
GAGTCGACAGACCCTC-1,0,29,9,17499,8231
AAGTGCAAAGGTAGAC-1,0,28,10,16994,8523
AGGGTGGATAGTGCAT-1,0,29,11,17500,8812
TGATAGCGGGATTCTA-1,0,28,12,16995,9104
GTCAGTTTGGTAGTCG-1,0,29,13,17501,9394
GCATTCGAAATGAACA-1,0,28,14,16996,9685
AAAGACTGGGCGCTTT-1,0,29,15,17502,9975
TAACAATATTTGTTGC-1,0,28,16,16997,10267
CCAGCTTCCGCCCGCA-1,0,29,17,17503,10556
GATATGGATTACGCGG-1,0,28,18,16998,10848
AGAGCAGTTATGAGAC-1,0,29,19,17504,11138
TCACATCTTATCTGAT-1,0,28,20,16999,11429
TATGAAGACAGGTGCG-1,0,29,21,17506,11719
TACCTGCTGCACTGTG-1,0,28,22,17000,12011
TAGGTCCAAGTAAGGA-1,0,29,23,17507,12300
GAAACTCGTGCGATGC-1,0,28,24,17002,12592
AACAATTACTCTACGC-1,0,29,25,17508,12882
CCGCACGTGACCTCGG-1,0,28,26,17003,13173
AACTTGCCCGTATGCA-1,0,29,27,17509,13463
GGGTATGTATGCACTT-1,0,28,28,17004,13754
TTCGTACTCCAGAACG-1,0,29,29,17510,14044
GAATTTCTCGCTGCAG-1,0,28,30,17005,14336
AACAGGATGGGCCGCG-1,0,29,31,17511,14625
GACGTGTAGGGATTAT-1,0,28,32,17006,14917
TAGGTGAGCCCTACTC-1,0,29,33,17512,15207
CTAATTCGCACGCGCT-1,0,28,34,17007,15498
GAAGCTTGCTGACCGC-1,0,29,35,17513,15788
GGTTAGGCTTGGAGAA-1,0,28,36,17008,16080
ACAAGGACAAGAGGTT-1,0,29,37,17515,16369
AGGCCACCCGTTATGA-1,0,28,38,17009,16661
GTGGGCTTAGACACAC-1,0,29,39,17516,16951
CGTGTCCCATTCGCGA-1,0,28,40,17011,17242
TGGAGTGATGCGATGA-1,0,29,41,17517,17532
AACAACTGGTAGTTGC-1,0,28,42,17012,17823
CCTGGCTAGACCCGCC-1,0,29,43,17518,18113
CGCAATTAGGGTAATA-1,0,28,44,17013,18405
TCGAAATTTAGGACCA-1,0,29,45,17519,18694
AGACTAGCCTTCCAGA-1,0,28,46,17014,18986
TTGATCTAACTTTGTC-1,0,29,47,17520,19276
AAGGAGCGGTTGGTGC-1,0,28,48,17015,19567
ACTTGGGACCCGGTGG-1,0,29,49,17521,19857
TGATCTCCGGCGCCAG-1,0,28,50,17016,20149
CAGTTCAAATTGACAC-1,0,29,51,17522,20438
GTCCGGCTGAATTGCG-1,0,28,52,17017,20730
CTGGAAATGGATGCTT-1,0,29,53,17524,21020
TGATCGGTTTGACCCT-1,0,28,54,17018,21311
TAGAGTCTAAGCGAAC-1,0,29,55,17525,21601
GAGACTGATGGGTAGA-1,0,28,56,17019,21893
TAGCTAAGTCCGGGAG-1,0,29,57,17526,22182
GGGCGATATGTGTGAA-1,0,28,58,17021,22474
CTCGAGGTCGAACAGT-1,1,29,59,17527,22764
GATCCCTTTATACTGC-1,1,28,60,17022,23055
GTCATGCACCTCCGTT-1,1,29,61,17528,23345
ACTTTCCTATAGCTTC-1,1,28,62,17023,23636
TCGCTCGATATATTCC-1,1,29,63,17529,23926
ATAGGTTGGGCAGATG-1,1,28,64,17024,24218
CAATTAAGGGTGATGA-1,1,29,65,17530,24507
ACCGACTGAGTCCCAC-1,1,28,66,17025,24799
CCTGTCACCCGGGCTC-1,1,29,67,17531,25089
GATCGGTGGCCATAAC-1,1,28,68,17026,25380
CCTATGGGTTACCGTC-1,1,29,69,17533,25670
TTGGGACACTGCCCGC-1,1,28,70,17027,25962
CGAGGCTAAATATGGC-1,1,29,71,17534,26251
TCAGGGTGTAACGTAA-1,1,28,72,17028,26543
CGAGAGATGTGAACCT-1,1,29,73,17535,26833
TCGCTGGGCGGATTGT-1,1,28,74,17030,27124
AGATCTCAGGTGTGAT-1,1,29,75,17536,27414
TGGCCAAACTGAAGTA-1,1,28,76,17031,27706
GCTTCCGTCCCTAGAC-1,1,29,77,17537,27995
CAGCAGCCCGTTCCTT-1,1,28,78,17032,28287
TGTATAACAGATCCTG-1,1,29,79,17538,28576
CGCGGGAATTAGGCAG-1,1,28,80,17033,28868
TGCATGTGGTAATCTA-1,1,29,81,17539,29158
ACAATTTGAGCAGTGG-1,1,28,82,17034,29449
GAGCTAAGGGCATATC-1,1,29,83,17540,29739
CCAGATAGTTGAGTGA-1,1,28,84,17035,30031
CCACAATGTACGTCTT-1,1,29,85,17541,30320
CAATGGATCTCTACCA-1,1,28,86,17036,30612
TGTGGCAAAGCGTATG-1,1,29,87,17543,30902
TAAAGCGTTAGGAGAA-1,1,28,88,17037,31193
TCCGTTTAGCCTTGAA-1,1,29,89,17544,31483
CAGCTCGACAAGTTAA-1,1,28,90,17039,31775
GCCTATAGTGTCAGGG-1,1,29,91,17545,32064
ATAGACAACGGGACCT-1,1,28,92,17040,32356
CTACTATCTTTCAGAG-1,1,29,93,17546,32646
GCGCTGCTTTGCATTT-1,1,28,94,17041,32937
GCGCATCCAGTCAGCA-1,1,29,95,17547,33227
GACTCGCGGGAATGAC-1,0,28,96,17042,33518
CTGGTAACGAGCTCTT-1,0,29,97,17548,33808
TCCGGCCTAGCGTACA-1,0,28,98,17043,34100
TCTAGGTGGCGACGCT-1,0,29,99,17549,34389
ACGCTAGTGATACACT-1,0,28,100,17044,34681
ATCTGCACCTCTGCGA-1,0,29,101,17550,34971
CCTCACCTGAGGGAGC-1,0,28,102,17045,35262
AGTGAGCCTCGCCGCC-1,0,29,103,17552,35552
ACGAGTACGGATGCCC-1,0,28,104,17046,35844
GGTACCATTAAGACGG-1,0,29,105,17553,36133
TTCTGCTAGACTCCAA-1,0,28,106,17048,36425
TAACTATTACGCCAAA-1,0,29,107,17554,36715
GCATTCAAGGCAACGC-1,0,28,108,17049,37006
AGTACATCATTTATCA-1,0,29,109,17555,37296
GTCGTGTCTGGTCATC-1,0,28,110,17050,37588
AGTCTAAAGTATACTC-1,0,29,111,17556,37877
CGGCCCAACCTGTAGT-1,0,28,112,17051,38169
AGGGAGACATACTTCG-1,0,29,113,17557,38458
TCCCTAGATCAATAGG-1,0,28,114,17052,38750
TCCCGTCGCGTCATAG-1,0,29,115,17558,39040
CGCATCCATCAGCCAG-1,0,28,116,17053,39331
CTGCACCTAGTCCACA-1,0,29,117,17559,39621
CGAGGATCGGGAACGA-1,0,28,118,17054,39913
CAATGAGGTTCGACTA-1,0,29,119,17561,40202
TCTGACGGGCTAACCC-1,0,28,120,17055,40494
TTCTATGCCTTTCGCA-1,0,29,121,17562,40784
AGAGTATAGTGTTACG-1,0,28,122,17057,41075
CCATTGTTTCCTCCAT-1,0,29,123,17563,41365
CTCATCACTTAGTGAT-1,0,28,124,17058,41657
CCGAAGGGCGTACCGC-1,0,29,125,17564,41946
TCAAGCTGCCTTGAAA-1,0,28,126,17059,42238
CTCATTAACGTTGCCC-1,0,29,127,17565,42528
GTCTTCCTCACCTAAG-1,0,30,0,18000,5614
GGTGATGAAGGAAGTG-1,0,31,1,18506,5904
TCAATACAATTGCTGC-1,0,30,2,18001,6196
GCAACCCAAGTTGTTT-1,0,31,3,18507,6485
ATGAAGTGGACCCAGC-1,0,30,4,18002,6777
GAGAATCTCACGATCA-1,0,31,5,18508,7067
TATATCATTGATCAGT-1,0,30,6,18003,7358
AACTTTACGGGAGCTT-1,0,31,7,18509,7648
TTCTTGTGTCCATCAG-1,0,30,8,18004,7940
ACAATTTAGGAGGCTC-1,0,31,9,18510,8229
ATACTTGTTCTCGAGC-1,0,30,10,18005,8521
CACGGGATTGAGGGTT-1,0,31,11,18511,8810
GTTAATGTCTATCTTA-1,0,30,12,18006,9102
GCGTTATATTTGGAAC-1,0,31,13,18513,9392
CGTCAAGGCTATAAAT-1,0,30,14,18007,9683
TTAGCTCTGTAATCCG-1,0,31,15,18514,9973
AATGGTCCACCGTTCA-1,0,30,16,18009,10265
GTCATTGCATTGACCC-1,0,31,17,18515,10554
TGTCCGTGGCGCCTTT-1,0,30,18,18010,10846
TCAACTAACGTATAAC-1,0,31,19,18516,11136
TCCTCTCCAGTTGTCC-1,0,30,20,18011,11427
TGTGTTCGTATCCAAG-1,0,31,21,18517,11717
CCGCGTAGGTAAGGGC-1,0,30,22,18012,12009
CTGCGGGTGAAATGTT-1,0,31,23,18518,12298
TATCTACAGAGGTAAT-1,0,30,24,18013,12590
CTACTCTAGGCCCGGC-1,0,31,25,18519,12880
ACAAGCAGTGCCTAGC-1,0,30,26,18014,13171
TACAAGTCTCGTGCAT-1,0,31,27,18520,13461
TCGGAATGCGCTCTGA-1,0,30,28,18015,13752
TCGCGTCCAGAAGGTC-1,0,31,29,18522,14042
TATGGCCCGGCCTCGC-1,0,30,30,18016,14334
GCTGGCATATTCACCT-1,0,31,31,18523,14623
GTCAGAATAGTCTATG-1,0,30,32,18017,14915
GGCGTCCTATCCGCTG-1,0,31,33,18524,15205
CGGAGTTTGAGAGACA-1,0,30,34,18019,15496
AGCACTTAAGGACGCC-1,0,31,35,18525,15786
TCCACAATGGTTTACG-1,0,30,36,18020,16078
CCAACGATGCACTGAT-1,0,31,37,18526,16367
ATTTACAGTTTACTGG-1,0,30,38,18021,16659
CCCTGAAATGAGTTGA-1,0,31,39,18527,16949
CAAACGGTCGCACTTT-1,0,30,40,18022,17240
TGATTCGTCTATCACT-1,0,31,41,18528,17530
TCAGGTTCTTTGAGAA-1,0,30,42,18023,17822
CACGCAGCGAGGCTTT-1,0,31,43,18529,18111
TTAAGCGCCTGACCCA-1,0,30,44,18024,18403
CTTACACGGTATTCCA-1,0,31,45,18530,18693
AAGGCTGTGCTCATCG-1,0,30,46,18025,18984
GACCAGAGCCCTGTAG-1,0,31,47,18532,19274
TCCCAGGCTTAGCTAA-1,0,30,48,18026,19565
ATTGAAGATCTTAGTG-1,0,31,49,18533,19855
AGTTCCTACAGAATTA-1,0,30,50,18028,20147
GGGCTGGTTAGTCGCG-1,0,31,51,18534,20436
GAAATGGCGGTGTTAG-1,0,30,52,18029,20728
TACGAACACGACTTCA-1,0,31,53,18535,21018
ACCACAAGTTTCTATC-1,0,30,54,18030,21309
ATATTTAACCCTCAAG-1,0,31,55,18536,21599
GATCATTCCAAACATT-1,0,30,56,18031,21891
TCCAGGCGAGTACGGT-1,1,31,57,18537,22180
GTTTGACCAAATCCTA-1,1,30,58,18032,22472
CACAGCACCCACGGCA-1,1,31,59,18538,22762
TGCAAGAATGACGTAA-1,1,30,60,18033,23053
GCGAAGCCATACCCGT-1,1,31,61,18539,23343
TCCTTTCTTACGCTTA-1,1,30,62,18034,23634
GCTGCTCTCCGGACAC-1,1,31,63,18541,23924
ACTGTCTTCTTTAGAA-1,1,30,64,18035,24216
TCAAACTTAGATTGTT-1,1,31,65,18542,24505
CTATGTCACTAGCCCA-1,1,30,66,18037,24797
TGCGCAAAGCATTTGG-1,1,31,67,18543,25087
TTAATGTAGACCAGGT-1,1,30,68,18038,25378
GGCGGTAGGATCATTG-1,1,31,69,18544,25668
GGCAATAGTCAATGAG-1,1,30,70,18039,25960
ACACGAGACTCCTTCT-1,1,31,71,18545,26249
GACACAAGGGAAGAAA-1,1,30,72,18040,26541
TCAGCAAATGCATCTC-1,1,31,73,18546,26831
GAGATCTGTCACTCCG-1,1,30,74,18041,27122
ATGCCGGTCTTGCATA-1,1,31,75,18547,27412
TTGGGCGGCGGTTGCC-1,1,30,76,18042,27704
TTGTTGTGTGTCAAGA-1,1,31,77,18548,27993
ACTGTACGATACACAT-1,1,30,78,18043,28285
TCCACTTTATCTAGGT-1,1,31,79,18550,28575
GGTCTGAGAATCTGGA-1,1,30,80,18044,28866
TAGAAAGGTGGCGCTA-1,1,31,81,18551,29156
TATGTCTCATTGTGCC-1,1,30,82,18046,29447
GGATTTCACTTCTATA-1,1,31,83,18552,29737
TGAGTGGTCCGTGACG-1,1,30,84,18047,30029
CGCTTTCTTGCATTCG-1,1,31,85,18553,30318
ACCCAACGCCCGTGGC-1,1,30,86,18048,30610
GAACGTCTCATGGTCG-1,1,31,87,18554,30900
AGGGTTCCCTTTGGTT-1,1,30,88,18049,31191
GTAGCTTCCTCTTGTT-1,1,31,89,18555,31481
GCATGAGGGACGCGGC-1,1,30,90,18050,31773
CTACCCTAAGGTCATA-1,1,31,91,18556,32062
TCACCGCTCGGCACTC-1,1,30,92,18051,32354
GGCTCGCGTTGAGGTA-1,1,31,93,18557,32644
CTAACGAAACTTGCTG-1,1,30,94,18052,32935
TTAAACTCGAATTCAT-1,1,31,95,18559,33225
TACTTTACTGAGCCGG-1,0,30,96,18053,33517
GCTTGGATCGATTAGG-1,0,31,97,18560,33806
CGGTTATCCAACAGTG-1,0,30,98,18055,34098
CAGACCTGTAAGTGTT-1,0,31,99,18561,34387
GACGGTCAATAGAAGC-1,0,30,100,18056,34679
CTGACTGCGCAGCTCG-1,0,31,101,18562,34969
CCATACCTTTACTTGT-1,0,30,102,18057,35260
GTAATAAAGGGCTCCC-1,0,31,103,18563,35550
GTGAACTCCCATTCGA-1,0,30,104,18058,35842
GTGGTTACTTCTTTCG-1,0,31,105,18564,36131
TCAGAACCTCCACAGG-1,0,30,106,18059,36423
TCCCACTCTCTTCCGG-1,0,31,107,18565,36713
ATCTTGACTTGTCCAA-1,0,30,108,18060,37004
TCGGGAACGTGCCTAG-1,0,31,109,18566,37294
GTTAGCCGTAAATCAA-1,0,30,110,18061,37586
ATTTACTAAGTCCATT-1,0,31,111,18568,37875
GGGTGCATATGAAAGC-1,0,30,112,18062,38167
TCCGAATGGTCCTGAG-1,0,31,113,18569,38457
TGATGGCTGTTTCTGA-1,0,30,114,18063,38748
AAATAAGGTAGTGCCC-1,0,31,115,18570,39038
CCACTATCCGGGTCAC-1,0,30,116,18065,39329
ACACCACATAATTAGC-1,0,31,117,18571,39619
CGCGGTAAGTCTAGCT-1,0,30,118,18066,39911
GCGGGCATTACGATGC-1,0,31,119,18572,40200
AGGATTGCTTACGACA-1,0,30,120,18067,40492
CTCGGGATAACACCTA-1,0,31,121,18573,40782
GTCGTCTGGTTGGCTA-1,0,30,122,18068,41073
GCAATTAGTCGCACCG-1,0,31,123,18574,41363
GTGACCTAAAGAATAA-1,0,30,124,18069,41655
CTGAGCGAGACTTATT-1,0,31,125,18575,41944
CAAGACTCAGAAGCGC-1,0,30,126,18070,42236
ACTTCGCTAGCGAGTG-1,0,31,127,18576,42526
CCATACTCGCCTCTCC-1,0,32,0,19011,5612
ACGATACCTATCCTGA-1,0,33,1,19517,5902
CTCACCAGTACAAGTG-1,0,32,2,19012,6194
CGAAGACGGTGAGTGC-1,0,33,3,19518,6483
AAATTAATAAGCGCGA-1,0,32,4,19013,6775
GGGCCCTTATCTATAC-1,0,33,5,19520,7065
CTGCCCACGAAGCGTT-1,0,32,6,19014,7356
GGACAAGTTGCAGTGA-1,0,33,7,19521,7646
GTCCGAGAGCAATCAT-1,0,32,8,19015,7938
ATGGCAGCCGAGAAAC-1,0,33,9,19522,8227
CCTCGGATGCTACCTG-1,0,32,10,19017,8519
ATACGGTGAAGATGCA-1,0,33,11,19523,8809
ACATCAGCTGGGACGC-1,0,32,12,19018,9100
GGTTGTGTAGCCTGGC-1,0,33,13,19524,9390
CCTGCGTTCTACGCTT-1,0,32,14,19019,9681
GAACGTTAGGAAGACG-1,0,33,15,19525,9971
CTGATAGTGTATCTCA-1,0,32,16,19020,10263
TTCTGCGAGCGCCCTT-1,0,33,17,19526,10552
CTTTGGCGCTTTATAC-1,0,32,18,19021,10844
TCCGAACTTGGCTTAC-1,0,33,19,19527,11134
TAGATTCCTGGTTATT-1,0,32,20,19022,11425
CCGACAAAGGGAGTGC-1,0,33,21,19528,11715
CCATGGCCCTTGTACC-1,0,32,22,19023,12007
GAAATATCACCATCAG-1,0,33,23,19530,12296
ACGAAATGGGCGGCAC-1,0,32,24,19024,12588
GTGAGCGTGCTGCACT-1,0,33,25,19531,12878
CCGCGGGTACGAAGAA-1,0,32,26,19026,13169
TCCCTGGCTCGCTGGA-1,0,33,27,19532,13459
CAGCTTAGTAGGTAGC-1,0,32,28,19027,13751
CACGAAAGTTAGTCCC-1,0,33,29,19533,14040
ACCTAATCGACTTCCT-1,0,32,30,19028,14332
AAGTAGTGACGCGAGG-1,0,33,31,19534,14621
TCCGATTACATTGCCG-1,0,32,32,19029,14913
CCTCCGACAATTCAAG-1,0,33,33,19535,15203
GTTCACAGGAGTCTAG-1,0,32,34,19030,15494
CGAAGTTGCTCTGTGT-1,0,33,35,19536,15784
GTCGGATATCTCAGAC-1,0,32,36,19031,16076
CGCTCTCCGTAGATTA-1,0,33,37,19537,16365
CAAGCAACGTCGGAGT-1,0,32,38,19032,16657
CCATTCCCTGCCCACA-1,0,33,39,19539,16947
CTTTGGCTTTAGTAAA-1,0,32,40,19033,17238
GGCTATTAAGTTGTAT-1,0,33,41,19540,17528
CCATTAGCGATAATCC-1,0,32,42,19035,17820
TGTTCTTCCATTGACT-1,0,33,43,19541,18109
AGATAACTTCAGGGCC-1,0,32,44,19036,18401
ATAGACGAAGAGAAAG-1,0,33,45,19542,18691
GGCGGAGTAATATTAG-1,0,32,46,19037,18982
TGACCCACGTTAGACA-1,0,33,47,19543,19272
TCACAGGTTATTGGGC-1,0,32,48,19038,19563
TCACGCATTGTAGATC-1,0,33,49,19544,19853
TTGAAGAATTCCCAGG-1,0,32,50,19039,20145
AAATGGTCAATGTGCC-1,0,33,51,19545,20434
TAGTGCCCTCCAGAGT-1,0,32,52,19040,20726
GGTATTGCCGAGTTTA-1,0,33,53,19546,21016
CGTATTAAGAGATCTA-1,0,32,54,19041,21307
ACTGTCCAGGATTATA-1,1,33,55,19548,21597
CGGGCAGCTAAACCGC-1,1,32,56,19042,21889
TTGCTGATCATGTTCG-1,1,33,57,19549,22178
TATGGGTACGTATCGT-1,1,32,58,19044,22470
CAGCTCACTGAGACAT-1,1,33,59,19550,22760
GGGACTGCATAGATAG-1,1,32,60,19045,23051
ACGCATTCGTGAGTAC-1,1,33,61,19551,23341
CTCTGGACGCCTGGTG-1,1,32,62,19046,23633
AGGGTTTAGTTCGGGA-1,1,33,63,19552,23922
GGGAGAACTCACAGTA-1,1,32,64,19047,24214
ATCAATCTGGGCTGCA-1,1,33,65,19553,24504
TCTTCGATACCAATAA-1,1,32,66,19048,24795
ACGTAGATTGCTGATG-1,1,33,67,19554,25085
TCTTGATGCGTAGCGA-1,1,32,68,19049,25376
GGGCTGCCTAGGGCGA-1,1,33,69,19555,25666
CTCTCACAATCGATGA-1,1,32,70,19050,25958
CCAAGCGTAACTCGTA-1,1,33,71,19557,26247
ACAACAGCATGAGCTA-1,1,32,72,19051,26539
GTCCCAACGTAAAGTA-1,1,33,73,19558,26829
TCGGAGTACATGAGTA-1,1,32,74,19052,27120
GGGAGTTAATGAGGCG-1,1,33,75,19559,27410
CCGGGCGGTCTCGTCA-1,1,32,76,19054,27702
CCGTAAGTTGGTCCCA-1,1,33,77,19560,27991
GGAGGGCTTGGTTGGC-1,1,32,78,19055,28283
TCGGACGCCCAGCCCA-1,1,33,79,19561,28573
TCTGTGCCATCATAGT-1,1,32,80,19056,28864
GTACTGGAGTTAGACC-1,1,33,81,19562,29154
GGAATGCGCTAGCGTG-1,1,32,82,19057,29445
GTGTGAATAACTTAGG-1,1,33,83,19563,29735
GGTCGGCCAGGAGCTT-1,1,32,84,19058,30027
TAGCCGGCGGTCAGCG-1,1,33,85,19564,30316
CGGGTGTACCCATTTA-1,1,32,86,19059,30608
AGTGATTCAAGCAGGA-1,1,33,87,19566,30898
GTTGGATTGAGAACAC-1,1,32,88,19060,31189
CACACGCGCTGTCTTA-1,1,33,89,19567,31479
TAGACGCCCGTACCGG-1,1,32,90,19061,31771
GGTTTCAATCGGTCAG-1,1,33,91,19568,32060
AATCTGCGTTGGGACG-1,1,32,92,19063,32352
TTACGGATGGTTCGAG-1,1,33,93,19569,32642
CGGCAGGGTCGGGTTG-1,1,32,94,19064,32933
GCTTTCAGAGGAGGTG-1,1,33,95,19570,33223
TCTTCCCATGGGCACA-1,1,32,96,19065,33515
TACCGCGGACTTGCAG-1,0,33,97,19571,33804
AGAATTATGGATTCGA-1,0,32,98,19066,34096
ATTGATGAGTCCTAAC-1,0,33,99,19572,34386
TAGGTCGCCGGAACTG-1,0,32,100,19067,34677
TAACCTACCGTCCGAG-1,0,33,101,19573,34967
CTTAGTAGGCCTACAG-1,0,32,102,19068,35258
CTAGATGTGAGTGTAA-1,0,33,103,19574,35548
ACTCCCGAATTCGTTT-1,0,32,104,19069,35840
GTTCATCGTTTGGCTG-1,0,33,105,19576,36129
ACTTTACCCTCATGAA-1,0,32,106,19070,36421
GCGAGAGTTGCGTCCA-1,0,33,107,19577,36711
GTTCGGGCGTACCATT-1,0,32,108,19072,37002
CGACTTTGTATAGCCT-1,0,33,109,19578,37292
GCCATCGATGCTGCAT-1,0,32,110,19073,37584
GCATTTCCAAGGCTCC-1,0,33,111,19579,37873
ATGTAAGGCTGCTCTT-1,0,32,112,19074,38165
ACGTTCGCAATCAATT-1,0,33,113,19580,38455
GTGACGAGGGTGACCC-1,0,32,114,19075,38746
ATTATAGCTACTTTAC-1,0,33,115,19581,39036
CGTGTGTTAAACCCTG-1,0,32,116,19076,39328
TTGGTATGGCTTGTGT-1,0,33,117,19582,39617
CATTCCCATTCCGTCG-1,0,32,118,19077,39909
TGCCGAAAGCGTATTC-1,0,33,119,19583,40198
CAACACATCTCCTGCC-1,0,32,120,19078,40490
CTGCCTCATATGCAAC-1,0,33,121,19585,40780
TCCCGCCTATGTGCGT-1,0,32,122,19079,41071
GGTTACCCGACACTTT-1,0,33,123,19586,41361
CCAGCGGGATCACCAG-1,0,32,124,19081,41653
ATGTTTCGGCCCGGAG-1,0,33,125,19587,41942
GCGTCTAACCTCCTAA-1,0,32,126,19082,42234
ATCAGGTAGCTGACAG-1,0,33,127,19588,42524
GGTATGAAAGAACTGA-1,0,34,0,20022,5610
GTGGCCTAATATCATT-1,0,35,1,20529,5900
CCTGTGAAACCGTAAC-1,0,34,2,20024,6192
GGCAGAGAGATCGGGA-1,0,35,3,20530,6481
TAGCGTCGAATATTGA-1,0,34,4,20025,6773
CGCCGACTATTCGCTA-1,0,35,5,20531,7063
TCTGGCGCAAGCCGGG-1,0,34,6,20026,7354
AGTGGTTGCGTATAGG-1,0,35,7,20532,7644
ATCGGTTACCTAGTAA-1,0,34,8,20027,7936
CCTGCCCGTTGTCTAG-1,0,35,9,20533,8225
GCACACGCCCATGGTC-1,0,34,10,20028,8517
AGTACGGCCCGTATCG-1,0,35,11,20534,8807
TATCTAGCCTAAAGGA-1,0,34,12,20029,9098
CACTCGGTTAGGAGGA-1,0,35,13,20535,9388
ATGTTCGTCGACCCAC-1,0,34,14,20030,9680
TTCCTCTGCCCGAATA-1,0,35,15,20537,9969
TTACTATCGGCTTCTC-1,0,34,16,20031,10261
GCCGCATTAGTCCGGC-1,0,35,17,20538,10550
TAAGGGCTGGGAGAGG-1,0,34,18,20033,10842
TAAGCAGGCGACACGC-1,0,35,19,20539,11132
AGCACTACCGGCCTGT-1,0,34,20,20034,11423
GAAAGCCCTTTGGACC-1,0,35,21,20540,11713
GACCGACTGAAGCGTC-1,0,34,22,20035,12005
CGGTGAAGACTAAAGT-1,0,35,23,20541,12294
CCCTGCGCTACGCATA-1,0,34,24,20036,12586
TACTGGACAGCTCGGC-1,0,35,25,20542,12876
TTAGTAGGGCGGCGGG-1,0,34,26,20037,13167
GAGGCTATCAAAGTCG-1,0,35,27,20543,13457
TTACCATTGATTACCC-1,0,34,28,20038,13749
ATACCACGGGCAACTT-1,0,35,29,20544,14038
TGTCCTAAGTCACCGC-1,0,34,30,20039,14330
AGGTAGGTACAAAGCT-1,0,35,31,20546,14620
GGCATACAGGTAGCGG-1,0,34,32,20040,14911
TGTAGTGATCTATAAT-1,0,35,33,20547,15201
TCCCGGGTGTGCTGCT-1,0,34,34,20042,15492
TACGATGTTGATCATC-1,0,35,35,20548,15782
CCTCTCTCCCATCTAG-1,0,34,36,20043,16074
GCAGGACTATAGAATA-1,0,35,37,20549,16363
CTAGTGAAGGACAGGA-1,0,34,38,20044,16655
TACGAGAACTTCACGT-1,0,35,39,20550,16945
CGTTGTTTCAATTCCC-1,0,34,40,20045,17236
GCAAATATTACGCTTT-1,0,35,41,20551,17526
CCAATAGTGCCGTCGA-1,0,34,42,20046,17818
ATTGCTGCTCCTCCAT-1,0,35,43,20552,18107
GAGATCTGCTTGGCAT-1,0,34,44,20047,18399
GCCGAAATTCCTACGT-1,0,35,45,20553,18689
GGCACTCCACTGGGCA-1,0,34,46,20048,18980
GGGTCACCGTGACGGT-1,0,35,47,20555,19270
CACTTAATCAGACGGA-1,0,34,48,20049,19562
CGTTTCGCTCATTACA-1,0,35,49,20556,19851
ATAAAGGCTCGGTCGT-1,0,34,50,20050,20143
CACTAAAGTTGCCTAT-1,0,35,51,20557,20432
GTGCTCAAGTACTGTC-1,0,34,52,20052,20724
CCATGCCTGTTTAGTA-1,0,35,53,20558,21014
TCTAGTTATCAGAAGA-1,1,34,54,20053,21305
TTGTAATCCGTACTCG-1,1,35,55,20559,21595
TCCCAGCTTTAGTCTG-1,1,34,56,20054,21887
CTACGCACGGAGTACC-1,1,35,57,20560,22176
AAATTAACGGGTAGCT-1,1,34,58,20055,22468
CGGCCACGCACAAAGT-1,1,35,59,20561,22758
GAAGCGTGAGGAATTT-1,1,34,60,20056,23049
ATATCTTAGGGCCTTC-1,1,35,61,20562,23339
ACGCGGGCCAAGGACA-1,1,34,62,20057,23631
GCGAGTTCTGCAAAGA-1,1,35,63,20564,23920
TATTCGTGCCAGAATA-1,1,34,64,20058,24212
AGGGCTGCAGTTACAG-1,1,35,65,20565,24502
CTAGCATAGTATAATG-1,1,34,66,20059,24793
TAGGTTCGAGTTCGTC-1,1,35,67,20566,25083
GAATTATAGTGAAAGG-1,1,34,68,20061,25374
CTATCGGGTCTCAACA-1,1,35,69,20567,25664
GCGCTAATTGAATAGA-1,1,34,70,20062,25956
ATGCGACAGTCCCATT-1,1,35,71,20568,26245
GGTAGTGCTCGCACCA-1,1,34,72,20063,26537
AAGCTCGTGCCAAGTC-1,1,35,73,20569,26827
TATTCAATTCTAATCC-1,1,34,74,20064,27118
TTCAAAGTCTCTAGCC-1,1,35,75,20570,27408
TTGAATATGGACTTTC-1,1,34,76,20065,27700
AAGAGCTCTTTATCGG-1,1,35,77,20571,27989
TTACTCCGGCCGGGAA-1,1,34,78,20066,28281
AAACGAGACGGTTGAT-1,1,35,79,20572,28571
GCTAAGTAGTTTCTCT-1,1,34,80,20067,28862
ATAACGCCGGAGGGTC-1,1,35,81,20574,29152
GGATCCGGAATATACT-1,1,34,82,20068,29444
TGAAAGGACCTGACTC-1,1,35,83,20575,29733
TCCGCGGCAGCATCTG-1,1,34,84,20070,30025
TGCATATGTCTGTCAC-1,1,35,85,20576,30315
TGTAGGAGAAATTTCC-1,1,34,86,20071,30606
AGTGAGACTTCCAGTA-1,1,35,87,20577,30896
CCCAAACATGCTGCTC-1,1,34,88,20072,31187
GCTTATGAAGCAGGAA-1,1,35,89,20578,31477
TTCTAACCGAAGCTTA-1,1,34,90,20073,31769
GGATGTCCTTACCGCA-1,1,35,91,20579,32058
AGGGTGCTCTCGAGGG-1,1,34,92,20074,32350
AACTCTCAATAGAGCG-1,1,35,93,20580,32640
TCTGAATTCCGTACAA-1,1,34,94,20075,32931
GCGTGGTACTGGGTTA-1,1,35,95,20581,33221
CGTCGGATAGTGTTGA-1,1,34,96,20076,33513
ATATGTCTCCCTAGCC-1,0,35,97,20583,33802
TCTTTAAGACTATGAA-1,0,34,98,20077,34094
TCATTTAAGTCTCCGA-1,0,35,99,20584,34384
GATATTGAGATTGGCG-1,0,34,100,20079,34675
TGACATCGAGCGGACC-1,0,35,101,20585,34965
GCGTAAATGGCCATAA-1,0,34,102,20080,35256
ATTGTACAACTCGGCT-1,0,35,103,20586,35546
TACGCTATAGAAACCT-1,0,34,104,20081,35838
CACCCAAATCTTATGT-1,0,35,105,20587,36127
AGATGATGGAGTCTGG-1,0,34,106,20082,36419
CCACGGTGCCCGGTAG-1,0,35,107,20588,36709
TCAAGAAATACTAGCT-1,0,34,108,20083,37000
AGGTATAATTGATAGT-1,0,35,109,20589,37290
CAAGGTCCTATAGGCT-1,0,34,110,20084,37582
CCGGCACGACCGTTTC-1,0,35,111,20590,37871
ACCTCCGTTATTCACC-1,0,34,112,20085,38163
GCAGCCTATATCACAT-1,0,35,113,20592,38453
GGTATAGTGACACATA-1,0,34,114,20086,38744
AAATTCCAGGTCCAAA-1,0,35,115,20593,39034
TCTTTAGCAGGCGAAC-1,0,34,116,20088,39326
TATTGACATTTCTGCC-1,0,35,117,20594,39615
TCTGATCGGGTGCTAG-1,0,34,118,20089,39907
GGCCCGGAGCATGTCT-1,0,35,119,20595,40197
GGGCGCAGCGTTACTC-1,0,34,120,20090,40488
TTGGCGATCCGAATAT-1,0,35,121,20596,40778
CCACGTAAATTAGACT-1,0,34,122,20091,41069
TCTGATTGGAAATGGA-1,0,35,123,20597,41359
ATGGCGGAATAGTCGC-1,0,34,124,20092,41651
ATCGCTTTACGTCTCA-1,0,35,125,20598,41940
TACGTGCAAGGTTCCT-1,0,34,126,20093,42232
CAGGACAGCTGCCCTT-1,0,35,127,20599,42522
CAAACCAGGTCTGCAT-1,0,36,0,21034,5608
ACAAGCTATATGGAAG-1,0,37,1,21540,5898
TCGCCCACTGCGAGAG-1,0,36,2,21035,6190
AGCCGCAAATTCAAAT-1,0,37,3,21541,6479
TTAACGTTAAAGCCTG-1,0,36,4,21036,6771
CAGCGCCAACACGATA-1,0,37,5,21542,7061
ATCCAATGGTACCGAA-1,0,36,6,21037,7352
GTGCTGCAGATAAGGA-1,0,37,7,21544,7642
GGCCTTTGCAACTGGC-1,0,36,8,21038,7934
GTCGTACCTACGATTG-1,0,37,9,21545,8223
TAGAAATTCACGTATA-1,0,36,10,21039,8515
AGAATAAATCTTCAGG-1,0,37,11,21546,8805
CATTGCGAAATGGGCG-1,0,36,12,21041,9096
GTCTACTCAATTACAA-1,0,37,13,21547,9386
TGTAATGACCACAATA-1,0,36,14,21042,9678
AAAGTCGACCCTCAGT-1,0,37,15,21548,9967
TACTCGGCACGCCGGG-1,0,36,16,21043,10259
AGGTGTATCGCCATGA-1,0,37,17,21549,10549
TGTGCTTTACGTAAGA-1,0,36,18,21044,10840
AAACCTCATGAAGTTG-1,0,37,19,21550,11130
TATAGGGTACTCATGA-1,0,36,20,21045,11421
CCAGCTGATGGTACTT-1,0,37,21,21551,11711
AATATTGGAGTATTGA-1,0,36,22,21046,12003
GGCCCTCACCCACTTA-1,0,37,23,21553,12292
AACCAAGACTTCTCTG-1,0,36,24,21047,12584
TCGTATTACCCATTGC-1,0,37,25,21554,12874
ATTCGACGCCGGGCCT-1,0,36,26,21048,13165
GGCGCAGGACATCTTC-1,0,37,27,21555,13455
GTACTCCCTTATCGCT-1,0,36,28,21050,13747
TGGTCTGTTGGGCGTA-1,0,37,29,21556,14036
AATAACAACGCTCGGC-1,0,36,30,21051,14328
CATACCCGTACCCAGT-1,0,37,31,21557,14618
ACAATCCATTTAAACC-1,0,36,32,21052,14909
GTTACAATTGGTGACG-1,0,37,33,21558,15199
TTGCCCTGATCACGGG-1,0,36,34,21053,15491
CTAACCGCGCGCCCGT-1,0,37,35,21559,15780
CTAAAGAATGCCTACT-1,0,36,36,21054,16072
ACCCATCTTGAGGGTA-1,0,37,37,21560,16361
GATCTTTGCAGGGTAT-1,0,36,38,21055,16653
GGGTACTTCATGAACT-1,0,37,39,21561,16943
GCCGCTTGTGAGAAAC-1,0,36,40,21056,17234
CCTGTAAGACATGATA-1,0,37,41,21563,17524
CGACAGTTCGCGTTAT-1,0,36,42,21057,17816
ACGATGCATATGTTAT-1,0,37,43,21564,18105
TGTTCCGCTTCCATGA-1,0,36,44,21059,18397
GGATGACGCGAGTTTA-1,0,37,45,21565,18687
GAAGTTTCCACTCAAT-1,0,36,46,21060,18978
GCGAGGCCCGAGCAGA-1,0,37,47,21566,19268
CATACTATGTAATTGT-1,0,36,48,21061,19560
CCAATGTCACAGCAAG-1,0,37,49,21567,19849
GTTGGATTTGCGTTGG-1,0,36,50,21062,20141
GGGAGGATGCCCGAAA-1,0,37,51,21568,20431
GATCGCGGGCTCTCCA-1,0,36,52,21063,20722
GTTCGCCATAAGTGCC-1,0,37,53,21569,21012
AGATTATAGGACGTTT-1,0,36,54,21064,21303
TCGAGACCAACACCGT-1,1,37,55,21570,21593
TATGGGACCGAGCAGG-1,1,36,56,21065,21885
GATGCGTCCTGCATTC-1,1,37,57,21572,22174
TATGGTCTGAGTAACA-1,1,36,58,21066,22466
GCATAGAGCACTCAGG-1,1,37,59,21573,22756
CTTCATTGTCAGTGGA-1,1,36,60,21068,23047
GCAGATTAGGGATATC-1,1,37,61,21574,23337
CCTGTCGCCCGTAAAT-1,1,36,62,21069,23629
CAATTTCGTATAAGGG-1,1,37,63,21575,23918
GTACACTTACCTGAAG-1,1,36,64,21070,24210
CCAGCCTGGACCAATA-1,1,37,65,21576,24500
ATGGAGCAGGCCGTGA-1,1,36,66,21071,24791
GTCATTAGAGCGAACG-1,1,37,67,21577,25081
AAGACTGCAAGCTACT-1,1,36,68,21072,25373
CTAGTCACGTCTTAAG-1,1,37,69,21578,25662
ACTCTTGTATAGTAAC-1,1,36,70,21073,25954
ATTAGGCGATGCTTTC-1,1,37,71,21579,26243
TTCGGGACTAATCGCG-1,1,36,72,21074,26535
TGGACTGTTCGCTCAA-1,1,37,73,21581,26825
AACGTGCGAAAGTCTC-1,1,36,74,21075,27116
CCACCCAAGGAAAGTG-1,1,37,75,21582,27406
CCGCACAAAGACCAAC-1,1,36,76,21077,27698
GCGATTGTTAACGTTA-1,1,37,77,21583,27987
ACTCGTCAGTAATCCC-1,1,36,78,21078,28279
GGTGATAAGGAGCAGT-1,1,37,79,21584,28569
AAGAGGCATGGATCGC-1,1,36,80,21079,28860
CACGTTCGTGCTCTAG-1,1,37,81,21585,29150
CTATTTGGTTACGGAT-1,1,36,82,21080,29442
GTACAGAGGCAAGGGT-1,1,37,83,21586,29731
GGGCCGGCCGAAGTAC-1,1,36,84,21081,30023
CCTGAACGATATATTC-1,1,37,85,21587,30313
CCGGGCTGCTCCATAC-1,1,36,86,21082,30604
TACTTGTTAGTAGTCC-1,1,37,87,21588,30894
CCTAGGCGTAGCGATC-1,1,36,88,21083,31185
CTGGCGCACAGGTCTG-1,1,37,89,21590,31475
ACTTATACTTACCCGG-1,1,36,90,21084,31767
GAAGTCTCCCTAGCGA-1,1,37,91,21591,32056
ACCGATGGTAGCATCG-1,1,36,92,21085,32348
CGAGTTTATCGGACTG-1,1,37,93,21592,32638
CATAACGGACAGTCGT-1,1,36,94,21087,32929
TGACGATGCACTAGAA-1,1,37,95,21593,33219
TAGGGAGCTTGGGATG-1,1,36,96,21088,33511
AGGGTCGATGCGAACT-1,0,37,97,21594,33800
TATATCCCTGGGAGGA-1,0,36,98,21089,34092
CATCTTACACCACCTC-1,0,37,99,21595,34382
GTGCGACAGGGAGTGT-1,0,36,100,21090,34673
CCGATCTCAACCTTAT-1,0,37,101,21596,34963
ACGATCATCTTGTAAA-1,0,36,102,21091,35255
GAAAGAACAGCGTTAT-1,1,37,103,21597,35544
CTAGGTCTGAAGGAAT-1,1,36,104,21092,35836
ATATCAACCTACAGAG-1,1,37,105,21599,36126
AAATAGCTTAGACTTT-1,0,36,106,21093,36417
GCGACATGTAAACATC-1,0,37,107,21600,36707
ATAAGTAGGGCGACTC-1,0,36,108,21094,36998
GCGAGCGCATGCTCCC-1,0,37,109,21601,37288
AGGGACCGGCTGCGTT-1,0,36,110,21096,37580
CCTATGAAGTGGTGCC-1,0,37,111,21602,37869
GCTTACGTAGTTAGTA-1,0,36,112,21097,38161
CATACTTAGGCAATAC-1,0,37,113,21603,38451
CCTGTCCCTCACGTTA-1,0,36,114,21098,38742
CAATGTGCCAACCCTT-1,0,37,115,21604,39032
GTTAAGTTAGAGTGGG-1,0,36,116,21099,39324
CTGGGATACGCTACCC-1,0,37,117,21605,39613
AACCTGTCACGGAATT-1,0,36,118,21100,39905
ACTGCGGACACACCGT-1,0,37,119,21606,40195
CCGTGAGGCATTCATG-1,0,36,120,21101,40486
GCCCAGATGCTGGAGA-1,0,37,121,21607,40776
TCTGGCCGTTCAAGTT-1,0,36,122,21102,41067
ATACGAAGGCTTTCCA-1,0,37,123,21609,41357
GATCCGAATATAAGTG-1,0,36,124,21103,41649
GTGGAGCATGTCGGCC-1,0,37,125,21610,41938
ACTCTTCAGCTCCCGC-1,0,36,126,21105,42230
CCCGATAGCCTCGCCT-1,0,37,127,21611,42520
ACAGGTGTGTTGTTGC-1,0,38,0,22045,5607
TGAACTGCTATGACTT-1,0,39,1,22552,5896
TGACATATATGACGAT-1,0,38,2,22046,6188
AAGTCTTCTGTGGCCT-1,0,39,3,22553,6478
ACCAGACCATAACAAC-1,0,38,4,22048,6769
TGAGACGTACCTCTCA-1,0,39,5,22554,7059
GACCGTTACATGCGAC-1,0,38,6,22049,7350
GGTTCGGATTATACTA-1,0,39,7,22555,7640
CCTCCTGAGCCCACAT-1,0,38,8,22050,7932
CCGCGATTTGGTAGGT-1,0,39,9,22556,8221
AATCTCTACTGTGGTT-1,0,38,10,22051,8513
ACTTTGACTGCATCCT-1,0,39,11,22557,8803
CCCTGACTAACAAATT-1,0,38,12,22052,9094
ACGCTGTGAGGCGTAG-1,0,39,13,22558,9384
GCATACGAGGTCTTTA-1,0,38,14,22053,9676
TCGGGATTCAAACATA-1,0,39,15,22559,9965
GGGCCCTACGAAAGGG-1,0,38,16,22054,10257
CGCCAAGAAGCCGAGT-1,0,39,17,22561,10547
GGTACATCTGGGACGA-1,0,38,18,22055,10838
GGATGCTGGCGTTCCT-1,0,39,19,22562,11128
CCGATTCGAGGGACCC-1,0,38,20,22057,11419
CCACTGGTGGCTGGTT-1,0,39,21,22563,11709
GACAGGCACACACTAT-1,0,38,22,22058,12001
TCAACGCGACCGGCAG-1,0,39,23,22564,12290
CTACGACTAGCTATAA-1,0,38,24,22059,12582
CGGTTGACCTGGCATA-1,0,39,25,22565,12872
ATCCTGAATCGCTGCG-1,0,38,26,22060,13163
GTTTCATATCGTCGCT-1,0,39,27,22566,13453
ATAAATATTAGCAGCT-1,0,38,28,22061,13745
AAGAGGATGTACGCGA-1,0,39,29,22567,14034
TCCTGCGTTGATACTC-1,0,38,30,22062,14326
CGTGCATTGTCGACGC-1,0,39,31,22568,14616
CCGGGTTCGAGGTTAC-1,0,38,32,22063,14907
CCCAATTTCACAACTT-1,0,39,33,22570,15197
TGATTTATTAGCTGTG-1,0,38,34,22064,15489
TGGAAGAAGGGAACGT-1,0,39,35,22571,15778
GACGCTTGCTTCTAAA-1,0,38,36,22066,16070
GGGAACGGGAGGTTAG-1,0,39,37,22572,16360
GCGGCTCTGACGTACC-1,0,38,38,22067,16651
ACGTTAGATTTGCCCG-1,0,39,39,22573,16941
GAGAGGGCGCGAGGTT-1,0,38,40,22068,17232
GCGTCTCTGCATTGGG-1,0,39,41,22574,17522
GCAGCACACAGCCCAG-1,0,38,42,22069,17814
CAGGCCGTTTGGGTGT-1,0,39,43,22575,18103
AACTCAAGTTAATTGC-1,0,38,44,22070,18395
CTTCGTAGATAGGTGA-1,0,39,45,22576,18685
TGCAGAGTACCGAGCA-1,0,38,46,22071,18976
GAAGTGATTTATCGTG-1,0,39,47,22577,19266
CGCTACGGGACATTTA-1,0,38,48,22072,19558
CCACACTGAGATATTA-1,0,39,49,22579,19847
CGATCCGACCCAGTGC-1,0,38,50,22073,20139
CTGTACTTCTTAGCAT-1,0,39,51,22580,20429
ACTTATTAGGATCGGT-1,0,38,52,22075,20720
TAGTCCGCAGAGAATG-1,0,39,53,22581,21010
TTCACGAAAGGATCAC-1,0,38,54,22076,21302
TACATTTCTAACGTGC-1,1,39,55,22582,21591
ACCATATCCGCAATAA-1,1,38,56,22077,21883
CACTCAAGAGCTATGG-1,1,39,57,22583,22172
TGTACGAACAAATCCG-1,1,38,58,22078,22464
ATCATCCAATATTTGT-1,1,39,59,22584,22754
CGCTATTCTTAGGCTC-1,1,38,60,22079,23045
TGGCAGCAGTAATAGT-1,1,39,61,22585,23335
TCACGTGCCCGATTCA-1,1,38,62,22080,23627
CATACGGCGTCTGGGC-1,1,39,63,22586,23916
CACATGATTCAGCAAC-1,1,38,64,22081,24208
GCTAGTAGAGCTTGTA-1,1,39,65,22588,24498
TGCTGTTGAAGAACTC-1,1,38,66,22082,24789
CGGAGCATGGCGATCC-1,1,39,67,22589,25079
TAGCGTTGGGTCTTAC-1,1,38,68,22083,25371
GTAGCGGCTATACACT-1,1,39,69,22590,25660
TAACATACAATGTGGG-1,1,38,70,22085,25952
TCTTCGAATAGACGTT-1,1,39,71,22591,26242
GATCGTGACTGATATC-1,1,38,72,22086,26533
GATCCGGGAATTAACA-1,1,39,73,22592,26823
TTATATACGCTGTCAC-1,1,38,74,22087,27114
GTCGCGTAACCCGTTG-1,1,39,75,22593,27404
AGCTCTAGACGTTCCA-1,1,38,76,22088,27696
GTCAAGCGGACTCGGG-1,1,39,77,22594,27985
CGAGGGACTGCGGTCG-1,1,38,78,22089,28277
AATCGCCTCAGCGCCA-1,1,39,79,22595,28567
CTTGTTGCTGAGTCAA-1,1,38,80,22090,28858
GATATGAGACACTAAC-1,1,39,81,22597,29148
TTATGATCTTAACGAA-1,1,38,82,22091,29440
CGCCGCCCATGCCTGT-1,1,39,83,22598,29729
CTGGGATAAATAATGG-1,1,38,84,22092,30021
GTGCCCGTTCGGATTC-1,1,39,85,22599,30311
TTCAATACTCTGAATC-1,1,38,86,22094,30602
CGCACATGTCCACTAC-1,1,39,87,22600,30892
AGAAGAGCGCCGTTCC-1,1,38,88,22095,31184
GATAACTCGCACTGTG-1,1,39,89,22601,31473
AGTCGACGGTCTCAAG-1,1,38,90,22096,31765
GTGACCGCACACTACG-1,1,39,91,22602,32054
GTATGTGGGTCTAGTT-1,1,38,92,22097,32346
CTTGAGTTAGGGTAAT-1,1,39,93,22603,32636
TTAGCTGATTTGCCGT-1,1,38,94,22098,32927
GCTGTTGCTACCGAAC-1,1,39,95,22604,33217
TATTACCATCCTGCTT-1,0,38,96,22099,33509
TTGAATTCACGTGAGG-1,0,39,97,22605,33798
CCATCTCACCAGTGAA-1,0,38,98,22100,34090
CGCACGTGCGCTATCA-1,0,39,99,22607,34380
ACCCGGATGACGCATC-1,0,38,100,22101,34671
CGCTAGAGACCGCTGC-1,0,39,101,22608,34961
ATAGTTCCACCCACTC-1,0,38,102,22103,35253
GCAGACCCAGCACGTA-1,0,39,103,22609,35542
TAGACTACCTAGCGTT-1,0,38,104,22104,35834
GGTTCTACTCGTCTGA-1,0,39,105,22610,36124
GACTCACCCACGTGAG-1,0,38,106,22105,36415
AGCTCTTCGTAACCTT-1,0,39,107,22611,36705
ACTATCCAGGGCATGG-1,0,38,108,22106,36996
AAGGATCGATCGCTTG-1,0,39,109,22612,37286
ATATCGGTAGGGAGAT-1,0,38,110,22107,37578
TTCCAGACGAGATTTA-1,0,39,111,22613,37867
GACCGACGTGAAAGCA-1,0,38,112,22108,38159
CCTGGAAACGTTCTGC-1,0,39,113,22614,38449
CCGGTAATGGCTAGTC-1,0,38,114,22109,38740
GCCGTGGAAGAAATGT-1,0,39,115,22616,39030
GTCTTGAGGAGCAGTG-1,0,38,116,22110,39322
TCCCAAAGCCCTAAAT-1,0,39,117,22617,39611
TTGAGCGCCACGTGAT-1,0,38,118,22112,39903
TTGAGTCCCGCTGCTG-1,0,39,119,22618,40193
ATGGAACCTTTGCACA-1,0,38,120,22113,40484
GCTAGCACCTGGGCCA-1,0,39,121,22619,40774
CGCCGTCTACCCATCG-1,0,38,122,22114,41066
GATAGGTGTCCCGGGC-1,0,39,123,22620,41355
AGGTATGCGGACATTA-1,0,38,124,22115,41647
TTGGTTCGCTCAAAGG-1,0,39,125,22621,41937
TCTGGAGCGTAAGAGT-1,0,38,126,22116,42228
TGCCTAAATTTAATAG-1,0,39,127,22622,42518
TAATTTCCGTCCAGTA-1,0,40,0,23057,5605
TCCTTCAATCCCTACG-1,0,41,1,23563,5894
TACCTATCCCTAGAGG-1,0,40,2,23058,6186
GCATGGGTACTGACGC-1,0,41,3,23564,6476
GTCGGGAACATGGTAG-1,0,40,4,23059,6767
GCAAATGAGGACACTT-1,0,41,5,23565,7057
GAATGGGCTTATCGAC-1,0,40,6,23060,7348
TGGTCGTGCAAGGCAA-1,0,41,7,23566,7638
CACCACGCCACACAGA-1,0,40,8,23061,7930
GAACCTCGACCTACAC-1,0,41,9,23568,8219
CAATACGCTCTGAGGC-1,0,40,10,23062,8511
TGGTAAGCAGGATTGA-1,0,41,11,23569,8801
AGTGGCTCCGTCGGCC-1,0,40,12,23064,9092
GATCGGATAGAACCAT-1,0,41,13,23570,9382
GCTACAGTACGGACCG-1,0,40,14,23065,9674
TCTATTACTAGAGGAT-1,0,41,15,23571,9963
TTCAGGCGTCAAAGCC-1,0,40,16,23066,10255
AGACCGGGAAACCCTG-1,0,41,17,23572,10545
AGAGATCTCTAAAGCG-1,0,40,18,23067,10836
CCCTGCCCAATCCGCT-1,0,41,19,23573,11126
GTGGCGGTCCCAGCGT-1,0,40,20,23068,11418
GCATTGTAATTCATAT-1,0,41,21,23574,11707
CCGTTCCGAATCTCGG-1,0,40,22,23069,11999
AGCTTGATCTTAACTT-1,0,41,23,23575,12288
CCTGTACTCACGCCCA-1,0,40,24,23070,12580
AAGTGACGACCGAATT-1,0,41,25,23577,12870
CTCACTTGGCTGGTAA-1,0,40,26,23071,13161
CGCCTGGCCTACGTAA-1,0,41,27,23578,13451
CCCGTAAGTCTAGGCC-1,0,40,28,23073,13743
TTGGACATGTGGCTTA-1,0,41,29,23579,14032
ATTACGCGCTGGCAGG-1,0,40,30,23074,14324
ACGCGCTACACAGGGT-1,0,41,31,23580,14614
TACGTTTACCGGCAAT-1,0,40,32,23075,14905
CGAAACGCAATTCATG-1,0,41,33,23581,15195
TAGTCTAACAACGAGA-1,0,40,34,23076,15487
TTGCATGCTGATCACG-1,0,41,35,23582,15776
TCTGGGTAGCGCTCAT-1,0,40,36,23077,16068
ACATCGGTCAGCCGCG-1,0,41,37,23583,16358
AGATACCGGTGTTCAC-1,0,40,38,23078,16649
GATTACTGAATTTGGG-1,0,41,39,23584,16939
TCCAACTTTAAATTCT-1,0,40,40,23079,17230
TCCTAGCAAAGAAGCT-1,0,41,41,23586,17520
GTCTATCTGAGTTTCT-1,0,40,42,23080,17812
GATGTTCAATCCACGA-1,0,41,43,23587,18101
AGTTAAACACTTGCGA-1,0,40,44,23081,18393
AGCTCTTTACTCAGTT-1,0,41,45,23588,18683
ATCCAGGATTCGTGAA-1,0,40,46,23083,18974
AGTCAACACCACCATC-1,0,41,47,23589,19264
CGATACCTCGCGGACA-1,0,40,48,23084,19556
TACAACGCACAACTCA-1,0,41,49,23590,19845
AATTAAAGGTCGGCGT-1,0,40,50,23085,20137
TACGCAGTTCTTTCCT-1,0,41,51,23591,20427
GACCGTGCTGACGGTG-1,0,40,52,23086,20718
GGCAAATTACTTTACT-1,0,41,53,23592,21008
GGTACAAACATGCTAT-1,0,40,54,23087,21300
CGGGCCTTCTTTGTAA-1,0,41,55,23593,21589
CGTGAAGTTAATTCAC-1,1,40,56,23088,21881
ATAGTGAAGCGTTCTC-1,1,41,57,23594,22171
TACGCCATATTCTAAT-1,1,40,58,23089,22462
GCCGGGTTAGGGTCGC-1,1,41,59,23596,22752
TACATAGGCATACACC-1,1,40,60,23090,23043
GCCGATTGGCCAAGCT-1,1,41,61,23597,23333
CTGCCATGCATCACAT-1,1,40,62,23092,23625
TTATGAATGAAAGGGA-1,1,41,63,23598,23914
GCTGAGGCGTGAGTAT-1,1,40,64,23093,24206
GCGCCGTTCCACGATA-1,1,41,65,23599,24496
CGCATGGTGCGATGCT-1,1,40,66,23094,24787
AGGTTTCACACACCTT-1,1,41,67,23600,25077
CAAGGATCGCATGTTC-1,1,40,68,23095,25369
ACGTTAATGTCGAAGA-1,1,41,69,23601,25658
TCCAGAGCACCGGTTC-1,1,40,70,23096,25950
GATTCGACGGTTCACG-1,1,41,71,23602,26240
GTTTCTGCAGTCTCCC-1,1,40,72,23097,26531
GCTGCACGGTTTCTTA-1,1,41,73,23603,26821
CGTGCAGACTGGGACA-1,1,40,74,23098,27113
GTGTTACTATGCGTCC-1,1,41,75,23605,27402
TCCTCGGGCTGGGCTT-1,1,40,76,23099,27694
GTGAGGACACTTAAGG-1,1,41,77,23606,27983
ATACGCCGGCGAAACC-1,1,40,78,23101,28275
TCTGCCAGAAACTGCA-1,1,41,79,23607,28565
TTCTGCGGGTTAGCGG-1,1,40,80,23102,28856
CTCGGTACCACTGCTC-1,1,41,81,23608,29146
GTAAGTAACAGTCTGG-1,1,40,82,23103,29438
GTGCGTGTATATGAGC-1,1,41,83,23609,29727
ATTTGTCTTGGGAGCT-1,1,40,84,23104,30019
CCTCGGACCGGGATAG-1,1,41,85,23610,30309
TAGGTGCTCGCCTAGC-1,1,40,86,23105,30600
CTTTAGGAACACTGTT-1,1,41,87,23611,30890
TCGGGCCGTCGTGGTA-1,1,40,88,23106,31182
AGTGCTTGCACGAATA-1,1,41,89,23612,31471
TGCAGTTTCCTCCCAT-1,1,40,90,23107,31763
TGAGAGATTTACCACG-1,1,41,91,23614,32053
GAAACAGATGACCACC-1,1,40,92,23108,32344
AGCAACATATCTTATT-1,1,41,93,23615,32634
CAAGTGTGGTTGCAAA-1,1,40,94,23110,32925
GCCTCATCTGGAAATA-1,0,41,95,23616,33215
AACCCTACTGTCAATA-1,0,40,96,23111,33507
ACGTATTACTCCGATC-1,0,41,97,23617,33796
TCTGGGAACCTTTGAA-1,0,40,98,23112,34088
GCTCGCTCATGTCCAA-1,0,41,99,23618,34378
GCGCAAGAGCGCGCTG-1,0,40,100,23113,34669
TTGACGCTCCATGAGC-1,0,41,101,23619,34959
TATAGATGGTCGCAGT-1,0,40,102,23114,35251
TTACATGCCACAACTA-1,0,41,103,23620,35540
ACATGGCGCCAAAGTA-1,0,40,104,23115,35832
TATGGTTAGTGGGAGA-1,0,41,105,23621,36122
CATGACTTCGCTGAAT-1,0,40,106,23116,36413
ACCACCAATGTAACAA-1,0,41,107,23623,36703
TCTTAGAGCTCCAATT-1,0,40,108,23117,36995
CCACGAATTTAACCTC-1,0,41,109,23624,37284
TTCTTGCTAGCATCTC-1,0,40,110,23119,37576
ACACCTTACTACTTGC-1,0,41,111,23625,37865
AGTCGGTTGCGTGAGA-1,0,40,112,23120,38157
ACCTACAGTATGTGGT-1,0,41,113,23626,38447
GAGGATAAACAGTGCT-1,0,40,114,23121,38738
TTCCGGTATCTGTGTC-1,0,41,115,23627,39028
GGAGGCCGAAGTCGTC-1,0,40,116,23122,39320
TTCGCTAGGAAGTTGT-1,0,41,117,23628,39609
TAAAGACAACCCTTTA-1,0,40,118,23123,39901
GTTGCGCTAACATTAC-1,0,41,119,23629,40191
GCTGAACTCTCCAGGG-1,0,40,120,23124,40482
AGCCCTGTCGCACCGT-1,0,41,121,23630,40772
AGCGCTAGAGCGATGT-1,0,40,122,23125,41064
TGCGCCGTTAATAACG-1,0,41,123,23632,41353
TGACAACGCATGTCGC-1,0,40,124,23126,41645
CGTCTTGAGTGTGACG-1,0,41,125,23633,41935
GATAGGATTAATTACA-1,0,40,126,23127,42226
GATACCGTGTCGGAGT-1,0,41,127,23634,42516
TGTGTCGAAGTCGAGG-1,0,42,0,24068,5603
GGATCAGAGCCATCAG-1,0,43,1,24575,5892
GTCCCAATCATCCCGC-1,0,42,2,24069,6184
TGCCACACTAGAGGAA-1,0,43,3,24576,6474
TGAATTTCACTTGCCT-1,0,42,4,24070,6765
CTCAGATTGTGATAAG-1,0,43,5,24577,7055
CGGACGTTACTTGAAG-1,0,42,6,24072,7347
CCGCCTTGCGATGTCG-1,0,43,7,24578,7636
CCAGTCAAATCTCTTA-1,0,42,8,24073,7928
AAACAGCTTTCAGAAG-1,0,43,9,24579,8217
TAGCTGATGTGAAGCG-1,0,42,10,24074,8509
CTTATGCGCTCAGGGC-1,0,43,11,24580,8799
TGGCTCTTGTCGCGTA-1,0,42,12,24075,9090
TTGTGAGGCATGACGC-1,0,43,13,24581,9380
CATAAGCTCTCCGTCT-1,0,42,14,24076,9672
CCTTCTCAGCGTTCCT-1,0,43,15,24582,9961
TGCAGCTACGTACTTC-1,0,42,16,24077,10253
CTCTACACTGGCGATT-1,0,43,17,24584,10543
TGCAGATCGTCCTAGG-1,0,42,18,24078,10834
TGCCAAAGTCAGACTT-1,0,43,19,24585,11124
ACAATAGTCGTACGTT-1,0,42,20,24079,11416
CATGCCAACTCGCAAA-1,0,43,21,24586,11705
TGCAGAACTATATCGT-1,0,42,22,24081,11997
TCGTGTCACGCTGACA-1,0,43,23,24587,12287
TGATCAGGGAACTGCT-1,0,42,24,24082,12578
CTTGCAACCGCCTCCT-1,0,43,25,24588,12868
AGCCCATACATGTAAG-1,0,42,26,24083,13159
ATCCAATGGAGGGTCC-1,0,43,27,24589,13449
AAACCGGGTAGGTACC-1,0,42,28,24084,13741
GCAACCACGGCCGCGT-1,0,43,29,24590,14030
CGCTTATTCCCGGTCG-1,0,42,30,24085,14322
TTACTCTGGTACGTAC-1,0,43,31,24591,14612
GTGGTTTCCGCCTTTC-1,0,42,32,24086,14903
ATAGGCGGCTATAGAA-1,0,43,33,24592,15193
GTGCCATCACACGGTG-1,0,42,34,24087,15485
CCCAACATACGTCGCG-1,0,43,35,24594,15774
CGGTGCAGATAGAACG-1,0,42,36,24088,16066
GGGCGGGTTCCCTACG-1,0,43,37,24595,16356
TGAGCCATACAGTCTC-1,0,42,38,24090,16647
CTCCGCCCACATGAGG-1,0,43,39,24596,16937
GTTGAACCGGTTCCAT-1,0,42,40,24091,17229
TTGACTACCATATGGT-1,0,43,41,24597,17518
ACCATCGTATATGGTA-1,0,42,42,24092,17810
TGCGTAAGAACCTGAT-1,0,43,43,24598,18099
AGAAGGTTGCCGAATT-1,0,42,44,24093,18391
AGGACGACCCATTAGA-1,0,43,45,24599,18681
GGTGCTGGTACACATT-1,0,42,46,24094,18972
GCGCTATGCCGAGGCA-1,0,43,47,24600,19262
ACCCGGTTACACTTCC-1,0,42,48,24095,19554
TAACTCATCCGCGCGG-1,0,43,49,24601,19843
CACAATGAGCTGCTAT-1,0,42,50,24096,20135
GTTACTTTGGGCCTAG-1,0,43,51,24603,20425
GGGCCCGTCTTAAACA-1,0,42,52,24097,20716
GAAATTGTCTCTATAA-1,0,43,53,24604,21006
GGCGCATGAATTGATG-1,0,42,54,24099,21298
CATATAGGTACAGTCA-1,0,43,55,24605,21587
TCAACGAGGAGACAAA-1,1,42,56,24100,21879
TTGCACAATTCAGAAA-1,1,43,57,24606,22169
CATCGGACGGGTTAAT-1,1,42,58,24101,22460
ATTAAACATGCGGACC-1,1,43,59,24607,22750
TATCTACCACAGCGGG-1,1,42,60,24102,23041
CGAGACCCTAGAGTGT-1,1,43,61,24608,23331
ACATCGATCGTTTACC-1,1,42,62,24103,23623
ATCGACCCAATACAGA-1,1,43,63,24609,23912
GAATCTGAACATTCTC-1,1,42,64,24104,24204
AGTTCCTATTTATGTT-1,1,43,65,24610,24494
CAGTCTGTATACTGGG-1,1,42,66,24105,24785
GGAGACGACACCTTTG-1,1,43,67,24612,25075
CCTAAATTAACGGTTC-1,1,42,68,24106,25367
GCTACGACTTATTGGG-1,1,43,69,24613,25656
CTGTGCAGGGTAGGTC-1,1,42,70,24108,25948
ACGCCGCTAGACGACC-1,1,43,71,24614,26238
ACTTGACTCCCTCTTT-1,1,42,72,24109,26529
CGCCTCCCTCCTCTAT-1,1,43,73,24615,26819
CTAGATTTACGACGGC-1,1,42,74,24110,27111
GATGCTGTATTTCATC-1,1,43,75,24616,27400
TGCGTTTGTTGACACT-1,1,42,76,24111,27692
CGTGCCCTCCCGAAGA-1,1,43,77,24617,27982
ACTCTCTGACTTAGGT-1,1,42,78,24112,28273
CTGGGTAGGCAGTTAA-1,1,43,79,24618,28563
GTTTGGCCCAAGTTAT-1,1,42,80,24113,28854
GAATGTGGTCCGGATT-1,1,43,81,24619,29144
CCCAGTTAAGGCGCCG-1,1,42,82,24114,29436
CGGTACTAGAATCAAA-1,1,43,83,24621,29725
GCTTAATGTAACTAAC-1,1,42,84,24115,30017
AGGACAGTCGAATCCC-1,1,43,85,24622,30307
GACAGCCAGACCTGAC-1,1,42,86,24116,30598
GGCGAAATCTAACTTG-1,1,43,87,24623,30888
CTGGTAACACATAGAA-1,1,42,88,24118,31180
TAGCCATTTCAAAGTC-1,1,43,89,24624,31469
GGGATTTACCGCACCT-1,1,42,90,24119,31761
ATGCCATTTGCGACCA-1,0,43,91,24625,32051
GAATAGACGCGACCCA-1,0,42,92,24120,32342
TGTATGGCGCAGACAG-1,0,43,93,24626,32632
GGATGAAGATCGCTGA-1,0,42,94,24121,32924
CGACAATTTGATCTAA-1,0,43,95,24627,33213
AAAGTTGACTCCCGTA-1,0,42,96,24122,33505
CGCGGCTCAACTTGAA-1,0,43,97,24628,33794
CACGCGGAACTGTTGC-1,0,42,98,24123,34086
TCTTAGAGTGAACTCT-1,0,43,99,24630,34376
AGTCCATTGGCTGATG-1,0,42,100,24124,34667
TTAAGATAGGATTGAC-1,0,43,101,24631,34957
ACATCCTGGTAACTGT-1,0,42,102,24125,35249
CACCTTGGCGCCTTTG-1,0,43,103,24632,35538
GCTAGACCGTCTACTG-1,0,42,104,24127,35830
CGGCCCAGGTATATCC-1,0,43,105,24633,36120
GTCCATTACTGCTACG-1,0,42,106,24128,36411
GGGTTTAGGATAGGAT-1,0,43,107,24634,36701
TAATTAGGACATCCGT-1,0,42,108,24129,36993
GCTCCCAGTCGGTCCA-1,0,43,109,24635,37282
ATTCGTGCTATCTCTT-1,0,42,110,24130,37574
GTTAACTATGTTGTCA-1,0,43,111,24636,37864
GCTCCGCTCGCTTCAG-1,0,42,112,24131,38155
GCAACGGCTAGTTATG-1,0,43,113,24637,38445
AATCGCGCAGAGGACT-1,0,42,114,24132,38736
AGGTTACACCATGCCG-1,0,43,115,24638,39026
CGAGATTTCGCTCGGG-1,0,42,116,24133,39318
CGATAATACTCAGGTT-1,0,43,117,24640,39607
AAGGCAGGCTGTCTCC-1,0,42,118,24134,39899
GTAAGTCCACACTCTA-1,0,43,119,24641,40189
ATGAGGGCAGCGGCTA-1,0,42,120,24136,40480
GCCGCACTCCGTTTCA-1,0,43,121,24642,40770
GAGCACGGCGCCTCTT-1,0,42,122,24137,41062
ACAATTTGGCCATATT-1,0,43,123,24643,41351
CTGGTTCGCGAGCTAC-1,0,42,124,24138,41643
GACGGTCCTAGGGTGT-1,0,43,125,24644,41933
ACTCGCGATCTGACGC-1,0,42,126,24139,42224
GTGTACGAACCGTTCC-1,0,43,127,24645,42514
CTTTGACGTCGCTTCT-1,0,44,0,25080,5601
CGTTATCATACTTCCA-1,0,45,1,25586,5890
GCTATGCCAGCTTATG-1,0,44,2,25081,6182
CAGTCGGCCTAGATAT-1,0,45,3,25587,6472
CCCGTGAGGGCGGTGA-1,0,44,4,25082,6763
TCTCGTGTTACGAGGA-1,0,45,5,25588,7053
ACGTCTCGTTCCGGGA-1,0,44,6,25083,7345
CGAGAGCGCGTAGATA-1,0,45,7,25589,7634
GACAGATTTCTGGCTC-1,0,44,8,25084,7926
GGGCCTAAATGGGCTA-1,0,45,9,25590,8216
ACTTGTAGTCCCTTCA-1,0,44,10,25085,8507
CCCGAAGTTTCGCGAA-1,0,45,11,25592,8797
ACCATCCGCCAACTAG-1,0,44,12,25086,9088
TGCGAATATGGGATTT-1,0,45,13,25593,9378
TACATCCCTATCCCTG-1,0,44,14,25088,9670
GTGGGAAGACTGAATC-1,0,45,15,25594,9959
TCAACATCGACCGAGA-1,0,44,16,25089,10251
CTATGTGAGTCACGGC-1,0,45,17,25595,10541
CCGAACACTGGGCCTC-1,0,44,18,25090,10832
AAACTTGCAAACGTAT-1,0,45,19,25596,11122
AGGGCGAGCAGCTGAT-1,0,44,20,25091,11414
AACACGAGACGCGGCC-1,0,45,21,25597,11703
TGACGAATATTTCCCT-1,0,44,22,25092,11995
TCGGAGAGTATCGGGA-1,0,45,23,25598,12285
CAAATCTCTCACAAGG-1,0,44,24,25093,12576
AGGCCCTAGAACGCCA-1,0,45,25,25599,12866
TAGAGATCATGCAACT-1,0,44,26,25094,13158
TTGTTTCCATACAACT-1,0,45,27,25601,13447
GAGAGGTGCATTCTGG-1,0,44,28,25095,13739
GTGGACCAACCCGATT-1,0,45,29,25602,14028
CTGGGCCTGCTATATC-1,0,44,30,25097,14320
CATAGTCCACAAGAAC-1,0,45,31,25603,14610
TTGACATGAACGTGGA-1,0,44,32,25098,14901
GGTTACCACCCTCGGG-1,0,45,33,25604,15191
TACCGGTCGTTTCCAT-1,0,44,34,25099,15483
CGAGTACTAAAGAGGA-1,0,45,35,25605,15772
GCAAGAATTCCTTGGC-1,0,44,36,25100,16064
TCGCCGAAGTTGCGTC-1,0,45,37,25606,16354
TTGAGAGTACTGCTAA-1,0,44,38,25101,16645
GCCACAATTTAAGGAC-1,0,45,39,25607,16935
ATATTCAGTTAAACCT-1,0,44,40,25102,17227
TGAGTGCCTCTTAAAT-1,0,45,41,25608,17516
ATCAGACGGCACGCCG-1,0,44,42,25103,17808
GTGCGAAATCGAACAC-1,0,45,43,25610,18098
GTGCCGCTTCAAAGGT-1,0,44,44,25104,18389
GATACGATGGGAGTCA-1,0,45,45,25611,18679
GACACTGAGTTCAGTG-1,0,44,46,25106,18970
ATCCTGCGTGGAATGG-1,0,45,47,25612,19260
ATCCTACCTAAGCTCT-1,0,44,48,25107,19552
AGTGATATGAGTAGTT-1,0,45,49,25613,19841
ATGATGCAATGGTACA-1,0,44,50,25108,20133
GAAACCGAATTACCTT-1,0,45,51,25614,20423
AGTGACCTACTTTACG-1,0,44,52,25109,20714
CAAATGTCCTTCCGTG-1,0,45,53,25615,21004
TTACTGGGATATTTCA-1,0,44,54,25110,21296
CTTGCCCAGGCTCTAC-1,0,45,55,25616,21585
AAATCGTGTACCACAA-1,0,44,56,25111,21877
GTGATCATAGATCTGC-1,0,45,57,25617,22167
TGGCAGATTACGATCA-1,1,44,58,25112,22458
TCACCCTCTTAAGATT-1,1,45,59,25619,22748
CAGGATATATCGTTGT-1,1,44,60,25113,23040
CCTGACCACCGATGGT-1,1,45,61,25620,23329
CTAAAGGGAAATAGGA-1,1,44,62,25114,23621
CCGCTATCAGCACCAG-1,1,45,63,25621,23910
CTTTAGTGCTATTATT-1,1,44,64,25116,24202
CGGGAATTTATGTAAA-1,1,45,65,25622,24492
TACGACTGCCTCTTAG-1,1,44,66,25117,24783
AAACTGCTGGCTCCAA-1,1,45,67,25623,25073
GTACGTTTGCCCGTCA-1,1,44,68,25118,25365
GGCAAGGCGAAATAGC-1,1,45,69,25624,25654
GATCTTGGAGGGCATA-1,1,44,70,25119,25946
AGCGTGGTATTCTACT-1,1,45,71,25625,26236
CTAAGGGAATGATTGG-1,1,44,72,25120,26527
CATGGTAAGTAGCGTT-1,1,45,73,25626,26817
CGTTGAGCGACCGTCG-1,1,44,74,25121,27109
TGCCCGTACCGTTAAA-1,1,45,75,25628,27398
ACAAGGGCAGGCTCTG-1,1,44,76,25122,27690
GAGATCTTCCATGACA-1,1,45,77,25629,27980
AATGACGTAGGATGTC-1,1,44,78,25123,28271
GTGGTGGCCAAGTGAA-1,1,45,79,25630,28561
TCCCGTGTGCAATTTG-1,1,44,80,25125,28852
ACATCGTATGCAATGG-1,1,45,81,25631,29142
GCGAAACTTAACTGGA-1,1,44,82,25126,29434
AATTGAACGCTCTGGT-1,1,45,83,25632,29723
ACAAATGGTAGTGTTT-1,1,44,84,25127,30015
ATGGTCGCGTGGTTTC-1,1,45,85,25633,30305
TGTTATTGTATGTGGC-1,1,44,86,25128,30596
TTCCGGTTACCCACTT-1,1,45,87,25634,30886
GAGTGTGCGGTACCCA-1,0,44,88,25129,31178
CAAGATATTATAACGT-1,0,45,89,25635,31467
ACACACCAGGACCAGT-1,0,44,90,25130,31759
ATGGGCCTCGGCCTCT-1,0,45,91,25636,32049
AAGGTGATAAACCAGC-1,0,44,92,25131,32340
TCTTACTTATGCCTCT-1,0,45,93,25638,32630
AAAGTGTGATTTATCT-1,0,44,94,25132,32922
TGCTCCACAGTTCTTA-1,0,45,95,25639,33211
CTGGCTGATTCATCCT-1,0,44,96,25134,33503
TAAGGCTGAATCCCTC-1,0,45,97,25640,33793
TCTAGTGATATCGTGG-1,0,44,98,25135,34084
TCGAAGAACCGAGCAC-1,0,45,99,25641,34374
GACAAACATATGCAGG-1,0,44,100,25136,34665
AAGTCAATTGTCGTCA-1,0,45,101,25642,34955
AGTGAACAAACTTCTC-1,0,44,102,25137,35247
CATGATGGAAGTTAGC-1,0,45,103,25643,35536
AAGTGCCTTGACTGTA-1,0,44,104,25138,35828
ATCGCCAGTCAACATT-1,0,45,105,25644,36118
ACCGCGGTGGAAGTCG-1,0,44,106,25139,36409
TCTTCTATAACCCGCC-1,0,45,107,25645,36699
CACATTTCTTGTCAGA-1,0,44,108,25140,36991
TAGCGTCCCTCGATTG-1,0,45,109,25647,37280
GTTCGGATCGGGAACA-1,0,44,110,25141,37572
CAAACTCGCGACGCCG-1,0,45,111,25648,37862
GTCTTGTAGCTATTCA-1,0,44,112,25143,38153
TCTCGACGTATCGCCG-1,0,45,113,25649,38443
TTGCCAAGCAGAACCC-1,0,44,114,25144,38734
AAACCCGAACGAAATC-1,0,45,115,25650,39024
TTGAGCAGCCCACGGT-1,0,44,116,25145,39316
CGCCTTTAGCATGCTC-1,0,45,117,25651,39605
TGTGGCTCCCACCAAC-1,0,44,118,25146,39897
CCGCCGTTGAGGATAA-1,0,45,119,25652,40187
CAATACGAGAGTCTGA-1,0,44,120,25147,40478
CATCTAGTGAAGGGAA-1,0,45,121,25653,40768
GGTGGAGGTTGATACG-1,0,44,122,25148,41060
CCGCACACGAACGTGT-1,0,45,123,25654,41349
AGAACCCAGCGTGACA-1,0,44,124,25149,41641
GCGCTCGATCACCTGT-1,0,45,125,25656,41931
ATCATGGACTACCGAC-1,0,44,126,25150,42222
TACGCCGCCTCAGAAG-1,0,45,127,25657,42512
CGACCTACTAGACAAT-1,0,46,0,26091,5599
GAGTCTTGTAAAGGAC-1,0,47,1,26597,5888
AATATCCTAGCAAACT-1,0,46,2,26092,6180
CCCTAGGCAACAAGAG-1,0,47,3,26599,6470
ACAAAGAAGGTAGGCC-1,0,46,4,26093,6761
CCCTGGCTGTTCCTTC-1,0,47,5,26600,7051
TCGCCGCACCGCGTGA-1,0,46,6,26095,7343
TATAGCGCACGTTATC-1,0,47,7,26601,7632
TTATCTGACATTAGGA-1,0,46,8,26096,7924
AGTGGTGTTACCCGTG-1,0,47,9,26602,8214
GCCAAGAATACTTCTG-1,0,46,10,26097,8505
CCGGCGTGAGACTCTG-1,0,47,11,26603,8795
TTCCCGGCGCCAATAG-1,0,46,12,26098,9086
AAACAGGGTCTATATT-1,0,47,13,26604,9376
ACAGTAATACAACTTG-1,0,46,14,26099,9668
CGAACGGCCGGACAAC-1,0,47,15,26605,9957
GCAACACACTAGAACT-1,0,46,16,26100,10249
ACTCCCATTCCTAAAG-1,0,47,17,26606,10539
ACCTGCGTGTCATGTT-1,0,46,18,26101,10830
TACTTTCCGCACGCCA-1,0,47,19,26608,11120
AGGTCAGGTGAGAGTG-1,0,46,20,26102,11412
TCCTCCTAAGACATTC-1,0,47,21,26609,11701
ATGTGAAAGCCTAATG-1,0,46,22,26103,11993
AGTCGGCTCAACTTTA-1,0,47,23,26610,12283
CGATCTGTTGGAGGAC-1,0,46,24,26105,12574
ACGGGAGTGTCGGCCC-1,0,47,25,26611,12864
TTAACTTCAGGTAGGA-1,0,46,26,26106,13156
CCACGGAGCCATAAGA-1,0,47,27,26612,13445
CTTCTATGTTGAAGTA-1,0,46,28,26107,13737
CACCGTTGCGCGATAT-1,0,47,29,26613,14027
TCTAGCAATCTCCGCC-1,0,46,30,26108,14318
AGTTTGGCCAGACCTA-1,0,47,31,26614,14608
TTGTAAGGACCTAAGT-1,0,46,32,26109,14899
AAATTTGCGGGTGTGG-1,0,47,33,26615,15189
AAGTTCGGCCAACAGG-1,0,46,34,26110,15481
CCGCTTACCTCACTCT-1,0,47,35,26617,15770
ATCACGTGCTAATTAA-1,0,46,36,26111,16062
GGTGAAGTACAGGGAT-1,0,47,37,26618,16352
GCTGTATTACTGGCCC-1,0,46,38,26112,16643
AACGGCCATCTCCGGT-1,0,47,39,26619,16933
TAAGTAACATCTTGAC-1,0,46,40,26114,17225
TTCTTGAGCCGCGCTA-1,0,47,41,26620,17514
AGTGCGTAGCTCGTAA-1,0,46,42,26115,17806
GGGATGGTCGTAACCG-1,0,47,43,26621,18096
GTCTGGGCGGTCGAGA-1,0,46,44,26116,18387
CGGAACGTAAACATAG-1,0,47,45,26622,18677
TGCGACACCCTAGTGC-1,0,46,46,26117,18969
CAAACGAGTATCGCAG-1,0,47,47,26623,19258
TCAGTAGGGACTATAA-1,0,46,48,26118,19550
GCGGTTCCCTATCATG-1,0,47,49,26624,19839
GTGACTTCAGTAGTGC-1,0,46,50,26119,20131
CGTCACGTCCATTGGT-1,0,47,51,26625,20421
ATAAGTTACCGCGACG-1,0,46,52,26120,20712
CTGAATCCGAGACCTC-1,0,47,53,26627,21002
TACGACGCTTGCTGCG-1,0,46,54,26121,21294
GAATTCACCCGGGTGT-1,0,47,55,26628,21583
GGGTGACACCTTAACT-1,0,46,56,26123,21875
TGAGTAAATTAGCGTA-1,0,47,57,26629,22165
GAGTCCGCTTACCGGA-1,0,46,58,26124,22456
GGCGCGTTCGAGTTTA-1,0,47,59,26630,22746
ATTCATATACTGTCCA-1,1,46,60,26125,23038
ATAAACGGACCCGTAA-1,0,47,61,26631,23327
GTCGTACCATCTCGGG-1,1,46,62,26126,23619
ATAATAGCTGTTGAAT-1,1,47,63,26632,23909
TTCCGCGTGAGGCGAT-1,1,46,64,26127,24200
TACCGGCTCACTGCCC-1,1,47,65,26633,24490
GTATCTTTCATAACCA-1,1,46,66,26128,24781
GTTACCTACAACTTGC-1,1,47,67,26634,25071
TGACTATAATCCTTTC-1,1,46,68,26129,25363
AAATACCTATAAGCAT-1,1,47,69,26636,25652
TTATTAGAGCGTGTTC-1,1,46,70,26130,25944
ATGTGGACATCTTGAT-1,1,47,71,26637,26234
GTACGCTTCATTGCAC-1,1,46,72,26132,26525
CACATATTAGCAGGAT-1,1,47,73,26638,26815
CAAGAGGGCGGAGTAC-1,1,46,74,26133,27107
TCGCAAAGATGCATTT-1,1,47,75,26639,27396
GTCGTTATTCGCTTAT-1,1,46,76,26134,27688
TCGTGTACTATGGATG-1,1,47,77,26640,27978
GCGGAGAGGGAGAACG-1,1,46,78,26135,28269
TCACAGGGAATCGCAA-1,1,47,79,26641,28559
GACTGCACCAGCCCAG-1,1,46,80,26136,28851
TCCGCTGTCATCCCGG-1,1,47,81,26642,29140
AGATACTCAAGATCGA-1,1,46,82,26137,29432
ACTGAATGGCGAAAGT-1,1,47,83,26643,29721
TCCTACATCCACGGCC-1,1,46,84,26138,30013
TTCAGCCCTGGTCCAC-1,1,47,85,26645,30303
TTAGAGTTTAGAAGGA-1,1,46,86,26139,30594
GGTTAGCTATATGTCT-1,1,47,87,26646,30884
CTGGTTTCGAGCAAGA-1,1,46,88,26141,31176
TGGGCCCATACTAATT-1,0,47,89,26647,31465
ACTTATTTATGTGCCA-1,0,46,90,26142,31757
TTAGTTATTCGTGGCA-1,0,47,91,26648,32047
AACCGCTAAGGGATGC-1,0,46,92,26143,32338
ATACGTCCACTCCTGT-1,0,47,93,26649,32628
CGACACGCTCCGACAG-1,0,46,94,26144,32920
TCTGAACTCGTACCCG-1,0,47,95,26650,33209
AGGATATAGGGATTTA-1,0,46,96,26145,33501
GTGATCACTAACGCCT-1,0,47,97,26651,33791
ACCGGGCCTTTGTTGA-1,0,46,98,26146,34082
TTGACAGGAGCTCCCG-1,0,47,99,26652,34372
CTCTTCTATTGACTGG-1,0,46,100,26147,34663
CGTGGCCGAATATCTA-1,0,47,101,26654,34953
GGTTTAGCCTTTCTTG-1,0,46,102,26148,35245
TCAAGGTTACTACACC-1,0,47,103,26655,35534
TTGACTATTGTCCGGC-1,0,46,104,26149,35826
CGGGAATATAGTATAC-1,0,47,105,26656,36116
GCAACAGCAGTATGCG-1,0,46,106,26151,36407
ATCAAACACTGTTCCA-1,0,47,107,26657,36697
TGGGCAATAGTTGGGT-1,0,46,108,26152,36989
TGAATGTCAGCCGGCC-1,0,47,109,26658,37278
CGGCTCTAAAGCTGCA-1,0,46,110,26153,37570
GGACACAAGTTTACAC-1,0,47,111,26659,37860
CCGAGAAGTCGCATAA-1,0,46,112,26154,38151
AACTACCCGTTTGTCA-1,0,47,113,26660,38441
GCACAAACGAGGCGTG-1,0,46,114,26155,38733
CACACAGCTTGCGCTC-1,0,47,115,26661,39022
GTGCTTACATCAGCGC-1,0,46,116,26156,39314
GCAAACGTCGCCAGGT-1,0,47,117,26663,39604
GAATAGCATTTAGGGT-1,0,46,118,26157,39895
TACTGTTTCTCTGGTA-1,0,47,119,26664,40185
TCCTATCATAGGTAAC-1,0,46,120,26158,40476
TTCGGTGGAGACGCCC-1,0,47,121,26665,40766
TGTTGCCGTCGTCCCA-1,0,46,122,26160,41058
CCAACTTGATAGATCC-1,0,47,123,26666,41347
CAAAGGTCATCTGAAA-1,0,46,124,26161,41639
CTAGCTTAATGGTCCC-1,0,47,125,26667,41929
AGGCCACATTGGTTAC-1,0,46,126,26162,42220
TTAGGATGGGAGGGTA-1,0,47,127,26668,42510
TATGACCTTGCGCTGG-1,0,48,0,27103,5597
ATATACATGTATGGTA-1,0,49,1,27609,5886
TGTGTGACCATGAATC-1,0,48,2,27104,6178
CCCACTCCACGGTATC-1,0,49,3,27610,6468
GGGCAGACGTCACTGC-1,0,48,4,27105,6759
TCAAAGAGCTATCTGT-1,0,49,5,27611,7049
AGATGCATCCTGTGTC-1,0,48,6,27106,7341
GTGAAGTCACGACTCG-1,0,49,7,27612,7630
TGATTCAGGTCCCGCG-1,0,48,8,27107,7922
CGCCACAGGTCGCGAT-1,0,49,9,27613,8212
TTGAATCGTTGTATAA-1,0,48,10,27108,8503
TGGCCAATTTGGTACT-1,0,49,11,27615,8793
CGACCCTTAACGCCGG-1,0,48,12,27109,9085
TCGGCGTACTGCACAA-1,0,49,13,27616,9374
GAGTAAGGCCACGGGA-1,0,48,14,27110,9666
ATCAGCTCGTCCACTA-1,0,49,15,27617,9956
AGGATCACGCGATCTG-1,0,48,16,27112,10247
AAATGGCCCGTGCCCT-1,0,49,17,27618,10537
CAGTACCAGTTTACGT-1,0,48,18,27113,10828
GGTCGTAAGCTCGCAC-1,0,49,19,27619,11118
CGTTCATGGTGCGCGT-1,0,48,20,27114,11410
GACTACAAAGCGGTGG-1,0,49,21,27620,11699
CAGCTGGCGTAACCGT-1,0,48,22,27115,11991
ACTCGTAACCCGTCCT-1,0,49,23,27621,12281
CATATGTCAGGCTACG-1,0,48,24,27116,12572
GCCCGACTTCTTCCCG-1,0,49,25,27622,12862
CTGGCATCCGAATGAG-1,0,48,26,27117,13154
AAGTGCGTTAGAATCT-1,0,49,27,27623,13443
AGAAGTGATTCGTGAT-1,0,48,28,27118,13735
TACCTTAAGATTTCCC-1,0,49,29,27625,14025
AATGACAGCAATGTCT-1,0,48,30,27119,14316
TCAACGCAGGAAATAA-1,0,49,31,27626,14606
TATTCCTCCGCCCACT-1,0,48,32,27121,14897
ATCAAACGAAGGTTTG-1,0,49,33,27627,15187
TTGATTAGCTGTTTCT-1,0,48,34,27122,15479
CTGCTGAGGCCACGAA-1,0,49,35,27628,15768
CCGTGTTAAATTCCAT-1,0,48,36,27123,16060
CACGTCGGCAACCTCT-1,0,49,37,27629,16350
GTATTCTGAGAAACGA-1,0,48,38,27124,16641
CGGTGCGCGTTGGTCC-1,0,49,39,27630,16931
GTGATTCGCCGCTCAA-1,0,48,40,27125,17223
GCCCGCGCGTAAACGG-1,0,49,41,27631,17512
AACGTACTGTGGGTAC-1,0,48,42,27126,17804
GAGTATGCCCGCCTTG-1,0,49,43,27632,18094
TGATTCTGTCGCCGGT-1,0,48,44,27127,18385
GGGCGGCAAATGAATT-1,0,49,45,27634,18675
TTCCAATCTGGCTATC-1,0,48,46,27128,18967
GGAACCGTGTAAATTG-1,0,49,47,27635,19256
TTGGTCACACTCGTAA-1,0,48,48,27130,19548
CGAACCCGCATGCGTC-1,0,49,49,27636,19838
GGGCGTCACCACGTAA-1,0,48,50,27131,20129
TACCAGAAGTAGGTTC-1,0,49,51,27637,20419
TTGGATATCGTCTACG-1,0,48,52,27132,20710
TAGATATGGACTGGAA-1,0,49,53,27638,21000
GCGACGATAGTTGTAC-1,0,48,54,27133,21292
CTGGATTTACACTTGA-1,1,49,55,27639,21581
GTTATATTATCTCCCT-1,0,48,56,27134,21873
TATTCCACTCAGCTCG-1,1,49,57,27640,22163
CTGTTACCCAATCTAG-1,0,48,58,27135,22454
ACGCGAAGTCAGACGA-1,1,49,59,27641,22744
GATAGGTAACGTTGAC-1,0,48,60,27136,23036
TGTTCGTATTGCGGTG-1,1,49,61,27643,23325
GGTCAGTGGGTCCCAC-1,0,48,62,27137,23617
AATTCTAGAGTTAGGC-1,0,49,63,27644,23907
GTTTACGTTCCATCTG-1,0,48,64,27139,24198
AGACCCACCGCTGATC-1,0,49,65,27645,24488
TCTAGCATGCCCAGAA-1,0,48,66,27140,24780
CCCGCAGCGCGAACTA-1,0,49,67,27646,25069
CTCTATTTGGCTGCAG-1,1,48,68,27141,25361
TTCTGCCGCGCCTAGA-1,0,49,69,27647,25650
ACTCCCTAGAATAGTA-1,1,48,70,27142,25942
CCGAACCTTCCCGGCC-1,0,49,71,27648,26232
TCAGACGCTATAGAAG-1,1,48,72,27143,26523
CAGGCGCCATGCTAGG-1,0,49,73,27649,26813
CACTCGAGCTGAACAA-1,1,48,74,27144,27105
ACAAGGAAATCCGCCC-1,1,49,75,27650,27394
ACCACGTGCAGCTATA-1,1,48,76,27145,27686
ACGGCGACGATGGGAA-1,1,49,77,27652,27976
TTACTAAAGGACTTTA-1,1,48,78,27146,28267
GGCTGAAATAGCAAAG-1,1,49,79,27653,28557
TTAGACGAGTCACCTC-1,1,48,80,27147,28849
GTAGTCGCGGGAATCA-1,1,49,81,27654,29138
GCAAACCCTACATTAT-1,1,48,82,27149,29430
GTTAAAGTAGGACTGG-1,1,49,83,27655,29720
ACCCTCCCTTGCTATT-1,1,48,84,27150,30011
CATGTCTCATTTATGG-1,1,49,85,27656,30301
AATAGAATCTGTTTCA-1,1,48,86,27151,30592
TCTCATGAGATAGGGT-1,1,49,87,27657,30882
ATGACTATGCGACATT-1,1,48,88,27152,31174
CCTAACCCAAACAAGT-1,0,49,89,27658,31463
AGTCAAGATGACACTT-1,0,48,90,27153,31755
CGGGAGCTTCAGTGTA-1,0,49,91,27659,32045
CCACAGTACCCATCCT-1,0,48,92,27154,32336
GAGCGCGCACGAGTAG-1,0,49,93,27661,32626
ACCAGTGCGGGAGACG-1,0,48,94,27155,32918
TCCTTACGACGGTCCG-1,0,49,95,27662,33207
TAGTCGATCACGGGTT-1,0,48,96,27156,33499
AGACGAAGTGCCGGTC-1,0,49,97,27663,33789
CGCTGGTGACTACCCT-1,0,48,98,27158,34080
AGGCATTGTCGTAGGG-1,0,49,99,27664,34370
TGGTAGAATATATGGG-1,0,48,100,27159,34662
TTCTTATCCGCTGGGT-1,0,49,101,27665,34951
AGTTTGGCACGGGTTG-1,0,48,102,27160,35243
GCATCGGCCGTGTAGG-1,0,49,103,27666,35532
ATGCGAGTCCCACCAC-1,0,48,104,27161,35824
TCGGCGAACCCAAACC-1,0,49,105,27667,36114
AGAGTAAACTTCACTA-1,0,48,106,27162,36405
AAGCCGAAGCGGTTTA-1,0,49,107,27668,36695
CCCGAGTTTCTCCGTA-1,0,48,108,27163,36987
AATATCGAATCAATGC-1,0,49,109,27669,37276
GCGCCTCCCACTCCGA-1,0,48,110,27164,37568
CGTTAAACTAGTTAGG-1,0,49,111,27671,37858
TGAGTTAAAGACATTC-1,0,48,112,27165,38149
AACAGGTAGTATGGAT-1,0,49,113,27672,38439
GAACGCGGGTCACACG-1,0,48,114,27167,38731
TGTTTGAGATCGTCAG-1,0,49,115,27673,39020
ATCTCGTGAGCGAAAC-1,0,48,116,27168,39312
CTGAGAAAGTTCGGCG-1,0,49,117,27674,39602
ATTACCACACTGCCTG-1,0,48,118,27169,39893
CTGCTGTCTAACGAGC-1,0,49,119,27675,40183
CGTGGAAGCCTCGTAC-1,0,48,120,27170,40474
GGACTCACAAATTAGG-1,0,49,121,27676,40764
CTTTGCTGTCATGGAT-1,0,48,122,27171,41056
GGTGTTGGGCGTCTTA-1,0,49,123,27677,41345
TACCATGTATTGATTT-1,0,48,124,27172,41637
GGTCTCCAAGTAGTGC-1,0,49,125,27678,41927
ATCCTTCTGAAAGAAC-1,0,48,126,27173,42218
CCGGAAGTTATCAGTC-1,0,49,127,27680,42508
TTAGAGGGATATACAG-1,0,50,0,28114,5595
TTGTACACCTCGAACA-1,0,51,1,28620,5884
GTGGGTACTGAGCGTA-1,0,50,2,28115,6176
CTTAAGCAGCGAGCCG-1,0,51,3,28621,6466
GCATTGACTTGCGGAA-1,0,50,4,28116,6757
CCATAACCTGTGCAGT-1,0,51,5,28623,7047
GGGCTACTATTTCGTG-1,0,50,6,28117,7339
GGCGAGCGAAACGGCA-1,0,51,7,28624,7628
GGAGACCATCTACATA-1,0,50,8,28119,7920
AGACCAAACCACACCT-1,0,51,9,28625,8210
CGACGCATCCGTACCT-1,0,50,10,28120,8501
CCTAGGTAAAGGTAGC-1,0,51,11,28626,8791
AGCGGCGGTTAGCGGT-1,0,50,12,28121,9083
CTGGACGCAGTCCGGC-1,0,51,13,28627,9372
AGCCTAATACCCACGT-1,0,50,14,28122,9664
AATCTGGCTTTCTAGT-1,0,51,15,28628,9954
CACCCTTGGTGAGACC-1,0,50,16,28123,10245
GGATCTTGACTCAACC-1,0,51,17,28629,10535
ACGAGGATACCACTCT-1,0,50,18,28124,10826
GAGTTGATGGCAATTT-1,0,51,19,28630,11116
GTGGCAAACAGCGGCA-1,0,50,20,28125,11408
GATGTAACGAACCACC-1,0,51,21,28632,11697
AGCCGTGGCTAAATGT-1,0,50,22,28126,11989
CTCCCTCCTTTCGATC-1,0,51,23,28633,12279
TTGGAAGAATACAGTC-1,0,50,24,28128,12570
AGTTAAGTCAACCGCT-1,0,51,25,28634,12860
CTCATGGTAATTTGCG-1,0,50,26,28129,13152
AAAGTAGCATTGCTCA-1,0,51,27,28635,13441
TTGTGGTAGGAGGGAT-1,0,50,28,28130,13733
AGTCGTGGGCATTACG-1,0,51,29,28636,14023
ACCTAAGTACCTTTCA-1,0,50,30,28131,14314
GTAGAGGGAGACAAGT-1,0,51,31,28637,14604
GATCCTCGACACTGGC-1,0,50,32,28132,14896
CCTACATTCACAGACG-1,0,51,33,28638,15185
TTGACCGTGTTAATGA-1,0,50,34,28133,15477
TCTGTTACCCAGCATA-1,0,51,35,28639,15767
CTAACTGGTCCGGTTC-1,0,50,36,28134,16058
AGCGACAGGAACGGTC-1,0,51,37,28641,16348
TAATAGAACAGAGTTA-1,0,50,38,28135,16639
ACAGGTGGAGGTGAGG-1,0,51,39,28642,16929
TGCGAGAATATTACCC-1,0,50,40,28137,17221
TTGCGTCGGCCAACCG-1,0,51,41,28643,17510
AGGCTTCCCGAAGAAG-1,0,50,42,28138,17802
GCGGACCGCGTTGTGG-1,0,51,43,28644,18092
GTAATCTGATTCTTCG-1,0,50,44,28139,18383
CCGCGGAATGCGTCAC-1,0,51,45,28645,18673
TTCCACACAGATTTGA-1,0,50,46,28140,18965
CTTCTATTAATGCTAG-1,0,51,47,28646,19254
CATTTGAGTGGTACGT-1,0,50,48,28141,19546
TCACAGCAAACTCGAA-1,0,51,49,28647,19836
CAGACGAACCTGATAC-1,0,50,50,28142,20127
TAGCTAGAAGGCATGA-1,0,51,51,28648,20417
ATCCAGAGCAACAACC-1,0,50,52,28143,20708
TCCGGTTCGTCCGGTC-1,1,51,53,28650,20998
CGCGCATGTTTGATTG-1,1,50,54,28144,21290
TGGCGATCAAGTTATG-1,1,51,55,28651,21579
CCCTTTGACAGGTCTT-1,1,50,56,28145,21871
CAGAGACGGTCACCCA-1,1,51,57,28652,22161
TAGCTCGCCTGATAAC-1,1,50,58,28147,22452
TTGTGTTTCCCGAAAG-1,1,51,59,28653,22742
TATACACAGACGCCTT-1,1,50,60,28148,23034
ACATTAGTTTATATCC-1,1,51,61,28654,23323
CCATCGCAGTTAAACT-1,1,50,62,28149,23615
AATTAGCGCTGCAGCG-1,1,51,63,28655,23905
TCCGCTTATCCCATTA-1,1,50,64,28150,24196
GTTTGGGCTTGTGAGC-1,1,51,65,28656,24486
CTTGTCAACATTCGAG-1,0,50,66,28151,24778
GGACCAACAGGATAAC-1,1,51,67,28657,25067
AAGCTAGATCGAGTAA-1,0,50,68,28152,25359
TACCGTGCCTCGGACC-1,0,51,69,28658,25649
GTAGCCAAACATGGGA-1,0,50,70,28153,25940
TGCCAGTACGTGGAGA-1,0,51,71,28660,26230
ATAAGGTGGAGAACAT-1,0,50,72,28154,26521
CTTTAATATTGGTCGA-1,0,51,73,28661,26811
TGGTTCAACGGGTAAT-1,0,50,74,28156,27103
GCTGCTACTGCGTAGC-1,0,51,75,28662,27392
CTGCACAACTACATAT-1,1,50,76,28157,27684
ATATTCCACATAGTGA-1,1,51,77,28663,27974
TGGCAAACTAAATTAC-1,0,50,78,28158,28265
ACCGCAATAACTGCCT-1,0,51,79,28664,28555
TCGCACCAGGAGGCAG-1,1,50,80,28159,28847
ACTTCAGGCTGATCCC-1,1,51,81,28665,29136
ACAAATCGCACCGAAT-1,1,50,82,28160,29428
TCTGATGTATTCTGTC-1,1,51,83,28666,29718
CTTTACCGAATAGTAG-1,1,50,84,28161,30009
GCAGATCCATAAGACT-1,1,51,85,28667,30299
TTCCTCGGACTAACCA-1,1,50,86,28162,30591
TTATCCGGGATCTATA-1,1,51,87,28669,30880
CTGGAAGACACGGTGG-1,0,50,88,28163,31172
GTTCGTCTAAAGAACT-1,0,51,89,28670,31461
GTCTATTGGTTCCGGT-1,0,50,90,28165,31753
CTAGGCGCCCTATCAG-1,0,51,91,28671,32043
AACGGACGTACGTATA-1,0,50,92,28166,32334
AACACACGCTCGCCGC-1,0,51,93,28672,32624
GCTACTATAGTAGAGT-1,0,50,94,28167,32916
AGCATATCAATATGCT-1,1,51,95,28673,33205
CGAACAGTATGGGCGT-1,0,50,96,28168,33497
ACAATTGTGTCTCTTT-1,0,51,97,28674,33787
GATCGCTACCCGATTT-1,0,50,98,28169,34078
ATTGCGATCAGTAACT-1,0,51,99,28675,34368
CAGCAGTCCAGACTAT-1,0,50,100,28170,34660
AGAGGCTTCGGAAACC-1,0,51,101,28676,34949
AAACAAGTATCTCCCA-1,0,50,102,28171,35241
GGCAGCAAACCTATGC-1,0,51,103,28678,35531
ACTAGTTGCGATCGTC-1,0,50,104,28172,35822
TTGGACCATCTGGCAA-1,0,51,105,28679,36112
CCCTCCTCGCTCGTAT-1,0,50,106,28174,36403
GAGCGCAAATACTCCG-1,0,51,107,28680,36693
ATTACATGTCAGTCTT-1,0,50,108,28175,36985
TTGGGACGTAAGAGTT-1,0,51,109,28681,37274
CTTCGGCCAATTGTTT-1,0,50,110,28176,37566
AGACCGCTCCGCGGTT-1,0,51,111,28682,37856
GACCGCGTCTGACGTG-1,0,50,112,28177,38147
CCAAATAACAAGATTC-1,0,51,113,28683,38437
TCTTTAGAGTCTAACA-1,0,50,114,28178,38729
CTCCCAATGAGTCGCG-1,0,51,115,28684,39018
TAGTCTTTCCGAATTG-1,0,50,116,28179,39310
GAGTAAACCGGAAAGT-1,0,51,117,28685,39600
GATCTCGACGCTGTGG-1,0,50,118,28180,39891
CTGACATAGAAATAGA-1,0,51,119,28687,40181
TATACCGAGTGCCACA-1,0,50,120,28181,40473
TCCGAACGTTGCCGCT-1,0,51,121,28688,40762
GCAGAAGGTAATCTCC-1,0,50,122,28183,41054
GGTACTAAGTGCTTTG-1,0,51,123,28689,41343
CAGAATATTCGTTATC-1,0,50,124,28184,41635
TAATCAACCAAATGGG-1,0,51,125,28690,41925
TCTGCTTAGAACAAGC-1,0,50,126,28185,42216
AACTGAGTTATACTGA-1,0,51,127,28691,42506
CCTCAACGATCGCTGT-1,0,52,0,29126,5593
CGGTACGGCAAACCCA-1,0,53,1,29632,5883
CAGATGTTTGTCCCAA-1,0,52,2,29127,6174
GTTTGTTAGCCAAGTA-1,0,53,3,29633,6464
ACGTGACAAAGTAAGT-1,0,52,4,29128,6755
TTGTCACCGCGGTATC-1,0,53,5,29634,7045
GATCTAACCGTATTCA-1,0,52,6,29129,7337
ATGGAAATTTAAGGAG-1,0,53,7,29635,7626
ATTGATCACCACATTT-1,0,52,8,29130,7918
ACTGCTCGGAAGGATG-1,0,53,9,29636,8208
TCTAAAGAACAGTCTC-1,0,52,10,29131,8499
CTGGGTTGAGTTAAAG-1,0,53,11,29637,8789
CCCAGTAAACTTGGGA-1,0,52,12,29132,9081
AGATTCACAACCGATA-1,0,53,13,29639,9370
AGAAGGTACACTTCAC-1,0,52,14,29133,9662
GCAGGAACTTAGATCT-1,0,53,15,29640,9952
AATCTAGGTTTACTTG-1,0,52,16,29134,10243
CCCGGTGTATCGGAAT-1,0,53,17,29641,10533
TTATCCTCAAGGAATA-1,0,52,18,29136,10825
AGCATCATTTCGAAAG-1,0,53,19,29642,11114
CGCGAGTCTGCCGGGT-1,0,52,20,29137,11406
TGCGTCATGACTGAGC-1,0,53,21,29643,11695
GTATGAAATTTCACTC-1,0,52,22,29138,11987
TTGGTTGCGGTGCGCG-1,0,53,23,29644,12277
ACAGAACTGAGAACAA-1,0,52,24,29139,12568
CTACTATCATAGGTTT-1,0,53,25,29645,12858
CCTCTATCGATTAGCA-1,0,52,26,29140,13150
CCGTATCTCGTCGTAG-1,0,53,27,29646,13439
TCACGATGTCCGTGGA-1,0,52,28,29141,13731
TCAACAAAGATAATTC-1,0,53,29,29648,14021
ATGACGCGTTCTATCC-1,0,52,30,29142,14312
ATTTGCGCGAGTAGCT-1,0,53,31,29649,14602
TTCTTGGACGATCTGC-1,0,52,32,29143,14894
AGACGACGATGCCGCT-1,0,53,33,29650,15183
GGTCTCTGAATGGACT-1,0,52,34,29145,15475
GCTCAATCCGTTTATT-1,0,53,35,29651,15765
CCAGAAAGCAACTCAT-1,0,52,36,29146,16056
CACCGTTAGGGATCAC-1,0,53,37,29652,16346
AATAACACTAGAACAA-1,0,52,38,29147,16637
CACCCGGTTTGTGACT-1,0,53,39,29653,16927
CCACCAACTTTACTGT-1,0,52,40,29148,17219
AACTCTCAGTGTGCTC-1,0,53,41,29654,17508
AAACCGTTCGTCCAGG-1,0,52,42,29149,17800
CAGCGATTCCCTTCAA-1,0,53,43,29655,18090
GCTAGCTTGAATAGCT-1,0,52,44,29150,18381
TTGCGGCATCAGAAAG-1,0,53,45,29656,18671
AATAGAACAGAGTGGC-1,0,52,46,29151,18963
GCCATCGAGCTGCGTG-1,0,53,47,29658,19252
ACACTGATCAAGGTGT-1,0,52,48,29152,19544
ACCAACGCTTATTTAT-1,0,53,49,29659,19834
GACATCGATTTATAAC-1,0,52,50,29154,20125
CAGACACCGATCGCTG-1,0,53,51,29660,20415
CCAAGAAAGTGGGCGA-1,1,52,52,29155,20707
GGTAGACCGTTGGGCG-1,1,53,53,29661,20996
TCGTTAGGAGTCCCTA-1,1,52,54,29156,21288
ACGGCCAACATGGACT-1,1,53,55,29662,21578
GTGAGTGGTACAACGC-1,1,52,56,29157,21869
GAGACTTCGCGACCGA-1,1,53,57,29663,22159
GAAGTCAGTTGCACTA-1,1,52,58,29158,22450
GTTTGGTAGGGTCAAC-1,1,53,59,29664,22740
ACGGCACTTGCTTGGG-1,1,52,60,29159,23032
CCTCTGTACTATTCTA-1,1,53,61,29665,23321
CTATTCATGTGTCCCA-1,1,52,62,29160,23613
GCCCGATCTGTGGTCG-1,1,53,63,29667,23903
TTAGAAGAACATGACT-1,1,52,64,29161,24194
AGGATAAAGTCGGGAT-1,1,53,65,29668,24484
CGGCAAACATCGTGCG-1,1,52,66,29163,24776
CTAGTTACAACCCGGT-1,1,53,67,29669,25065
TTCGACAGAGCCCGTG-1,1,52,68,29164,25357
AAGCATACTCTCCTGA-1,1,53,69,29670,25647
GACGACGATCCGCGTT-1,0,52,70,29165,25938
GGTAGAAGACCGCCTG-1,1,53,71,29671,26228
GAGATGGGAGTCGACA-1,1,52,72,29166,26519
AACGATAATGCCGTAG-1,1,53,73,29672,26809
TGGTCCCACGCTACGG-1,0,52,74,29167,27101
CTGCTTGGCGATAGCT-1,0,53,75,29673,27390
ATCGGAGACAGACGGC-1,0,52,76,29168,27682
TAGCGTCCGGTGTGGT-1,0,53,77,29674,27972
GTTGAGTCCCGCCGGT-1,1,52,78,29169,28263
AAATAGGGTGCTATTG-1,1,53,79,29676,28553
AAGTGTTTGGAGACGG-1,1,52,80,29170,28845
AGCACTACCTCACCAG-1,1,53,81,29677,29134
TGCCTTGGCCAGGCAA-1,1,52,82,29172,29426
TCGTCTTAGGCGTTAA-1,1,53,83,29678,29716
TTCTGACCGGGCTCAA-1,1,52,84,29173,30007
CAGAACTTAGCCCTCT-1,1,53,85,29679,30297
AGCTCCTTCGCACATC-1,1,52,86,29174,30589
ACAGGCTTGCCCGACT-1,1,53,87,29680,30878
GCTATACGTCTCGGAC-1,0,52,88,29175,31170
GAGCCAGCTACCTGTG-1,0,53,89,29681,31460
TGCTAAGTGTCTATTT-1,0,52,90,29176,31751
GTCCTACGAATAGTCT-1,0,53,91,29682,32041
CAGTGTCGGCTGGCCC-1,1,52,92,29177,32332
CTATCGACGAAATACA-1,0,53,93,29683,32622
CATCATTACCCTGAGG-1,0,52,94,29178,32914
TAAGTTGCGACGTAGG-1,0,53,95,29685,33203
AGTGCACGCTTAAGAA-1,0,52,96,29179,33495
TGTGCCGGTGCCGGAA-1,0,53,97,29686,33785
AGGAGGCCTTCGCGCG-1,0,52,98,29180,34076
TCCGCGGCCCAATGAA-1,0,53,99,29687,34366
TCCGTTAAGCTAATAT-1,0,52,100,29182,34658
AAATCTAGCCCTGCTA-1,0,53,101,29688,34947
CGCAGGCGATCCAAAC-1,0,52,102,29183,35239
CCATATGGAAACTATA-1,0,53,103,29689,35529
CACCGTATCCCATCCG-1,0,52,104,29184,35820
GGTCAAGACTACTTCG-1,0,53,105,29690,36110
CCCGTTTCGCAGATGT-1,0,52,106,29185,36402
GTTATAATACGGTGAA-1,0,53,107,29691,36691
ACTTGTGGATGGAACG-1,0,52,108,29186,36983
GTTCGCTGAGACGTCT-1,0,53,109,29692,37272
GACACTGGAACCCGAT-1,0,52,110,29187,37564
CCCAGGTCTGAAGGCT-1,0,53,111,29694,37854
TCTCGAGGAGGTTCGC-1,0,52,112,29188,38145
ACTATCTGCCCGCGTA-1,0,53,113,29695,38435
CCTAAATTGTATCCTA-1,0,52,114,29189,38727
AGAAATTATGACTCGC-1,0,53,115,29696,39016
TCCAGCGCTATAAGCG-1,0,52,116,29191,39308
TCGTGTATTGGTCACG-1,0,53,117,29697,39598
CCACATACTGCACCCA-1,0,52,118,29192,39889
GTTGCGGACGGTCAGG-1,0,53,119,29698,40179
GTATTTAATGGCATAA-1,0,52,120,29193,40471
GTCGATAGGTGACTTT-1,0,53,121,29699,40760
AATAATCTTCGTATCG-1,0,52,122,29194,41052
ATTGTTCAACGATCCG-1,0,53,123,29700,41342
GTGCAGCGTAGAGTAG-1,0,52,124,29195,41633
TGTGGTAGGGTGCCTT-1,0,53,125,29701,41923
TGTGGACTATCTACGT-1,0,52,126,29196,42214
GGCGGGCTCTAAGAGT-1,0,53,127,29702,42504
TGTGCCAGAGGCAAAG-1,0,54,0,30137,5591
TGGCTTATGTATAATG-1,0,55,1,30643,5881
GCAAGCTGGAAACCGC-1,0,54,2,30138,6172
GATATCAAGCAGGAGC-1,0,55,3,30644,6462
CACCAATCATCCGTCT-1,0,54,4,30139,6754
CCACATGGCTCTTTAT-1,0,55,5,30646,7043
GTCCTACTCTACGGGC-1,0,54,6,30140,7335
CTCGAGACATACGATA-1,0,55,7,30647,7624
TATCAGTGGCGTAGTC-1,0,54,8,30141,7916
TGACAGGACAAGTCCA-1,0,55,9,30648,8206
TATTAACACCAAAGCA-1,0,54,10,30143,8497
TAGGCGATGAGGTCTC-1,0,55,11,30649,8787
CCGCCGGAACTTCTCG-1,0,54,12,30144,9079
GCCATTAGCCTCAAAC-1,0,55,13,30650,9368
GTTAGGCTACCCGTTT-1,0,54,14,30145,9660
GGGTATTCTAGCAAAC-1,0,55,15,30651,9950
GCCCTAGCCGTCGCGA-1,0,54,16,30146,10241
CAGATCCTGGTTTGAA-1,0,55,17,30652,10531
CTTCAGTGGTCGCCTA-1,0,54,18,30147,10823
GGGCAACCGCACGTGC-1,0,55,19,30653,11112
GACCCAATTATGATAC-1,0,54,20,30148,11404
GAAGCTCGGACCCGTC-1,0,55,21,30654,11694
CGTCGGGTCTAAGCGC-1,0,54,22,30149,11985
GAGGCCCGACTCCGCA-1,0,55,23,30656,12275
TTGCCATAGCCCGCTC-1,0,54,24,30150,12566
TAACATACACGCGATC-1,0,55,25,30657,12856
CCGACGGGCATGAGGT-1,0,54,26,30152,13148
AATGTGCCCGAGGTGT-1,0,55,27,30658,13437
AGCTGTAACCTCAATC-1,0,54,28,30153,13729
CGAGTGAAGGTACCAG-1,0,55,29,30659,14019
AGTCTCACAAGACTAC-1,0,54,30,30154,14310
AAATTGATAGTCCTTT-1,0,55,31,30660,14600
TAAGTCGCCGAGTATC-1,0,54,32,30155,14892
GCGGAGAAACTTCGCA-1,0,55,33,30661,15181
GGCAAAGGCGCCAATA-1,0,54,34,30156,15473
ATTTCCGGGTTCTGCG-1,0,55,35,30662,15763
TAAACCCAGGAGGGCA-1,0,54,36,30157,16054
TTCGGGCGCTAGTCTT-1,0,55,37,30663,16344
GTGGAGTCGGCGGTTG-1,0,54,38,30158,16636
GCACGCCTACTTAGAT-1,0,55,39,30665,16925
CAATATTCTTGACCTA-1,0,54,40,30159,17217
CGTTTGTGTAGAGGGT-1,0,55,41,30666,17506
CATAGCGTTGCCCACC-1,0,54,42,30161,17798
TGATACATTTAGCCGT-1,0,55,43,30667,18088
TTCCGGCCTTGAGGCT-1,0,54,44,30162,18379
CCTATACCGTCCTGTC-1,0,55,45,30668,18669
TCGTTGCTATCCGGTC-1,0,54,46,30163,18961
TGGCGACTGCTCCAAA-1,0,55,47,30669,19250
CAGAGGCGATGCATGA-1,0,54,48,30164,19542
TCACAGGAGAATAAGA-1,0,55,49,30670,19832
GGGTTAACATTTGAGT-1,0,54,50,30165,20123
GCGGGCGAGCCTTACC-1,0,55,51,30671,20413
TGCCAATGGGTACTCT-1,0,54,52,30166,20705
AGGGACTCTACGCGAC-1,0,55,53,30672,20994
GACGCCGTAAAGGCTA-1,1,54,54,30167,21286
AAAGGCTCTCGCGCCG-1,1,55,55,30674,21576
CTGGCTGGTTGTCAGT-1,1,54,56,30168,21867
ACATCCCGGCCATACG-1,1,55,57,30675,22157
CTCTTGTCCCGCTTGG-1,1,54,58,30170,22448
TACGCCTCCATTCCGA-1,1,55,59,30676,22738
CGGAGCAATTTAATCG-1,1,54,60,30171,23030
AACTAGGCTTGGGTGT-1,1,55,61,30677,23319
GCGTCGCCAGGGTGAT-1,1,54,62,30172,23611
GTTGGTCATGCTATCC-1,1,55,63,30678,23901
GCTGGCGGCGCATGCT-1,1,54,64,30173,24192
TGAGCGGAAAGTGTTC-1,1,55,65,30679,24482
CTTTCTGTGCGGGCTT-1,1,54,66,30174,24774
ATCTAATATCCTACGG-1,1,55,67,30680,25063
AACCTTTAAATACGGT-1,1,54,68,30175,25355
TTCACTCGAGCACCTA-1,1,55,69,30681,25645
CTGCACTCCAGTACAG-1,1,54,70,30176,25936
CCATTTCTACCTATTA-1,1,55,71,30683,26226
CAAGCGGCACATAATT-1,1,54,72,30177,26518
GTTAACATCACTTAAA-1,1,55,73,30684,26807
ATATAAATGTAGCTGC-1,1,54,74,30178,27099
GCCTCTATACATAGCA-1,0,55,75,30685,27389
GTGTCGTATAGCGTTC-1,0,54,76,30180,27680
ATACGTACTTAGCCAC-1,0,55,77,30686,27970
GCTATCATACTCATGG-1,0,54,78,30181,28261
TATCCAATTGGTTATC-1,1,55,79,30687,28551
TCTCCCTGGGCAGCGT-1,1,54,80,30182,28843
CCTATAATGAGTGCCC-1,1,55,81,30688,29132
CAATGCGAGAAGTATC-1,1,54,82,30183,29424
TACCAATAAAGTACCA-1,1,55,83,30689,29714
GCTAGGCACCACGGAG-1,1,54,84,30184,30005
GGTGGACTGCTCTGGC-1,1,55,85,30690,30295
TATTCCGAGCTGTTAT-1,1,54,86,30185,30587
TTGAGAAGTTTAGCAT-1,1,55,87,30692,30876
GTCCGGACCTGAAATT-1,0,54,88,30186,31168
CTGTGGTCGGGAGATA-1,0,55,89,30693,31458
CATGTAAGAGACATTT-1,0,54,90,30187,31749
CACGTTTCGTACACAC-1,0,55,91,30694,32039
CATCCTCTCAAAGATC-1,0,54,92,30189,32330
GATTAACCGAAAGCCC-1,0,55,93,30695,32620
AACGCTGTTGCTGAAA-1,0,54,94,30190,32912
TTCAGCTGGCGTGCCC-1,0,55,95,30696,33201
TAGAGGTTCTACTTGT-1,0,54,96,30191,33493
GTATCAAACGTTAGCT-1,0,55,97,30697,33783
AATCATGTAAAGACTC-1,0,54,98,30192,34074
AGTCACTAGCTCTCGA-1,0,55,99,30698,34364
GCGAAACGATCGGGAG-1,0,54,100,30193,34656
CATGGATTGTCTTCCG-1,0,55,101,30699,34945
ATTGGATTACAGCGTA-1,0,54,102,30194,35237
CACACACGCTAACGAG-1,0,55,103,30700,35527
CTATGGGAAGCGGAAT-1,0,54,104,30195,35818
TGCCTAATTGAAGATT-1,0,55,105,30702,36108
TGGCAATGGGACGGCG-1,0,54,106,30196,36400
ACCTCCGCCCTCGCTG-1,0,55,107,30703,36689
CGGCAATAAGATCGCC-1,0,54,108,30198,36981
CCTTGACCACTTTATT-1,0,55,109,30704,37271
TCATTTAGAAGTGTGA-1,0,54,110,30199,37562
CAGAATAACACACGGA-1,0,55,111,30705,37852
TCTGAGCAATTGACTG-1,0,54,112,30200,38143
CAACGTGGTGGAGTCT-1,0,55,113,30706,38433
CACAGTTCGCTTCCCA-1,0,54,114,30201,38725
TCTCTCGCCGCACATA-1,0,55,115,30707,39014
TGGGCAGGCCACCGCA-1,0,54,116,30202,39306
CTCCTGTTCAAGGCAG-1,0,55,117,30708,39596
TATTTGATTTGCACAG-1,0,54,118,30203,39887
GCCACTCCTTACGGTA-1,0,55,119,30709,40177
ACCGATATTTAATCAT-1,0,54,120,30204,40469
TTATTATCTGGAAGGC-1,0,55,121,30711,40758
TACATGCCGGAATTGT-1,0,54,122,30205,41050
GGCACTCAGCCGACCC-1,0,55,123,30712,41340
AAACCGGAAATGTTAA-1,0,54,124,30207,41631
AGACAGGCATCTCAGC-1,0,55,125,30713,41921
GTGGTGATGGTTTGTG-1,0,54,126,30208,42213
CCGATATGACGTAAGG-1,0,55,127,30714,42502
CATACACAAAGTCAGC-1,0,56,0,31148,5589
TGCCGTTCTTAATCGG-1,0,57,1,31655,5879
TCGAGTCTACGATTCG-1,0,56,2,31150,6170
ACTTCCAGTGGAAGCT-1,0,57,3,31656,6460
CAATTGGGCCGCACTC-1,0,56,4,31151,6752
AAATCGCGGAAGGAGT-1,0,57,5,31657,7041
ATATCAATTCCAGCCT-1,0,56,6,31152,7333
CTTTGTCGAATGCTCC-1,0,57,7,31658,7623
TGAGGCATGTACTGTG-1,0,56,8,31153,7914
TTCGCCGCTCGCGCTA-1,0,57,9,31659,8204
GACTCCTTCCAATTGA-1,0,56,10,31154,8495
ACCGAAGAGTCTGGTT-1,0,57,11,31660,8785
TGGCATGAAGTTTGGG-1,0,56,12,31155,9077
ACGAGGTTTACAACGT-1,0,57,13,31661,9366
AACCCATCCCATGATC-1,0,56,14,31156,9658
TCGACAACTGAACCCG-1,0,57,15,31663,9948
TATCTTGCAATACAAC-1,0,56,16,31157,10239
TATTATGTTTGCCTGC-1,0,57,17,31664,10529
GTCAAAGAAGTGGTGT-1,0,56,18,31159,10821
GGGACAGAGTTACTCC-1,0,57,19,31665,11110
AGCAACCGAAAGTAAT-1,0,56,20,31160,11402
CTCTCTAACTGCCTAG-1,0,57,21,31666,11692
ATACGGAACGTCGTTT-1,0,56,22,31161,11983
TCGGTCCCGACAATAG-1,0,57,23,31667,12273
CGCGCAAATGTCCAGA-1,0,56,24,31162,12565
TCTAATACTGCCTCAG-1,0,57,25,31668,12854
CTCGGTTGTCGGCCCT-1,0,56,26,31163,13146
GGTAACCGGGAGGATA-1,0,57,27,31669,13435
CAGGCGCACGGTGGTC-1,0,56,28,31164,13727
TCATCGATGGTCCCAA-1,0,57,29,31670,14017
CAAAGATTATTGGGCC-1,0,56,30,31165,14308
ACAATGAATACGGAGA-1,0,57,31,31672,14598
GCTCCTGACATACTGG-1,0,56,32,31166,14890
GATGACAAGTAGGGCA-1,0,57,33,31673,15179
TACGCCGAGGGTACCC-1,0,56,34,31167,15471
AAGCGTCCCTCATCGA-1,0,57,35,31674,15761
CACTCCTATGTAAGAT-1,0,56,36,31169,16052
TCGAGCCAGGCAGGCC-1,0,57,37,31675,16342
TCGTCAAGTACGCGCA-1,0,56,38,31170,16634
CCCGTAGCTGGGAAGA-1,0,57,39,31676,16923
ACCCTATGCCATATCG-1,0,56,40,31171,17215
GTGGTATAGTCTGCCG-1,0,57,41,31677,17505
CCGGTTTGTAATTGTG-1,0,56,42,31172,17796
GTCGCCGTTGTGTGTT-1,0,57,43,31678,18086
TACTGAACAGATTTAG-1,0,56,44,31173,18377
TATTAACCTGACCGCG-1,0,57,45,31679,18667
CTGTAGCCATCTCACT-1,0,56,46,31174,18959
TACTATGGTTCCTCAG-1,0,57,47,31681,19248
GAGTCAGACCAGAATC-1,0,56,48,31175,19540
TAAGGCATAACATCAA-1,0,57,49,31682,19830
CTTCCGCTCCGTGAAG-1,0,56,50,31176,20121
GGGCTATGATCGATGG-1,0,57,51,31683,20411
GGTCGGTCGTCCACAG-1,0,56,52,31178,20703
GGGACCCGTATATCTT-1,0,57,53,31684,20992
GAAAGCAGTGCACTTT-1,0,56,54,31179,21284
AGCGCATAATGAATCG-1,0,57,55,31685,21574
GCTGCTAAGTAGTCGA-1,1,56,56,31180,21865
AATAGTCCGTCCCGAC-1,0,57,57,31686,22155
AGCAGCCAGATGAATA-1,1,56,58,31181,22447
CCTCGCGCTGTGCGAT-1,1,57,59,31687,22736
TTGTGTATGCCACCAA-1,1,56,60,31182,23028
TGCTCGGCGAAACCCA-1,1,57,61,31688,23317
CGATTAAATATCTCCT-1,1,56,62,31183,23609
TGCCGTGGATCGTCCT-1,1,57,63,31689,23899
GTGGACGCATTTGTCC-1,1,56,64,31184,24190
ACCCGGAAACTCCCAG-1,1,57,65,31691,24480
CCGCATGTGGTACGAT-1,1,56,66,31185,24772
GCAAACCTTGGCCATA-1,1,57,67,31692,25061
ATTCACTGATGTTGGA-1,1,56,68,31187,25353
ACTCCCTAATGCTAAA-1,1,57,69,31693,25643
TCCTAAATTGGGAAGC-1,1,56,70,31188,25934
GAACAGATTACTAAAT-1,1,57,71,31694,26224
ATACAGGCCCTCCAAT-1,0,56,72,31189,26516
CGATTCGCCTGGCTGC-1,0,57,73,31695,26805
TCCGCCTGTCTACAAG-1,0,56,74,31190,27097
CACATCTCACCGACGA-1,0,57,75,31696,27387
CGTCGTCCTTCGCGAA-1,0,56,76,31191,27678
CGTTGAATACCGCGCT-1,0,57,77,31697,27968
ACCAATATGCAAGTTA-1,0,56,78,31192,28259
ACGGATGGTGCGGATA-1,0,57,79,31698,28549
CACCCTAACAAGATCT-1,1,56,80,31193,28841
AAGCTCTTTCATGGTG-1,0,57,81,31700,29130
CATGGGTATGCCTTAT-1,1,56,82,31194,29422
GCGCGTCATTGGTACA-1,1,57,83,31701,29712
TCTGAAGCACGTGGTC-1,1,56,84,31196,30003
AAGTTCACTCCAAGCT-1,0,57,85,31702,30293
TTGGACCTATAACAGT-1,1,56,86,31197,30585
ATCAGCCTCATGCTGC-1,0,57,87,31703,30874
AGTACTCTTATGCCCA-1,0,56,88,31198,31166
GCGCTTAAATAATTGG-1,0,57,89,31704,31456
TTGTGAACCTAATCCG-1,0,56,90,31199,31747
AGTCGTCGACCACCAA-1,0,57,91,31705,32037
TCCTTTAAATCCGCTT-1,0,56,92,31200,32329
ACTGAAACGCCGTTAG-1,0,57,93,31706,32618
GCACACACTGGTAGCC-1,0,56,94,31201,32910
TAAGGGCCTGTCCGAT-1,0,57,95,31707,33200
GCTAGAGTAGAGATGT-1,0,56,96,31202,33491
CACAGGGCCATATAGT-1,0,57,97,31709,33781
CCATGCCCTAGATTTC-1,0,56,98,31203,34072
TCGCGTAGCAGTGTCC-1,0,57,99,31710,34362
GACGAGGCTAATAAAC-1,0,56,100,31205,34654
CTACACTCGCAGATGG-1,0,57,101,31711,34943
ACGCATACGTTTACTA-1,0,56,102,31206,35235
GGAGCAACATTTCAAG-1,0,57,103,31712,35525
CGAGAGGGTAGCCGCG-1,0,56,104,31207,35816
TCGTGTTCGACCACAA-1,0,57,105,31713,36106
TCTACCCAATAGAGAG-1,0,56,106,31208,36398
ATAAACGTTGCACCAC-1,0,57,107,31714,36687
TCAACTGCAGAGTCAG-1,0,56,108,31209,36979
AGCTCCATATATGTTC-1,0,57,109,31715,37269
GTAACATCTAAGATAA-1,0,56,110,31210,37560
CCGACAATAGGCCGCC-1,0,57,111,31716,37850
ATGCTTAGGAGTTGAT-1,0,56,112,31211,38141
AACCCGAGCAGAATCG-1,0,57,113,31718,38431
CGGGTTTGTTAGGGCT-1,0,56,114,31212,38723
AGGCACGTGACTGTCC-1,0,57,115,31719,39012
GACAAGAGATGAGATT-1,0,56,116,31213,39304
AGCCCTTGGACATCCC-1,0,57,117,31720,39594
GCAGTTCGATCCGAGC-1,0,56,118,31215,39885
TCGAGGGCAACAGACG-1,0,57,119,31721,40175
ACTTTGTCGACGCACT-1,0,56,120,31216,40467
GAGTATCAAAGTTACA-1,0,57,121,31722,40756
CCAGGCTGGCGTCTGA-1,0,56,122,31217,41048
GGACTCTTCCGGTTGA-1,0,57,123,31723,41338
TCCCAGCACACGACAT-1,0,56,124,31218,41629
GCTCCATGAGTGCAGA-1,0,57,125,31724,41919
GCAGTGCGGGCGGATG-1,0,56,126,31219,42211
GCGTTCTGACTAAGCG-1,0,57,127,31725,42500
ATTTGGAGATTGCGGT-1,0,58,0,32160,5587
AAGGGTTTGATTTCAG-1,0,59,1,32666,5877
CCGGCCGCGAGCATAT-1,0,58,2,32161,6168
GAGTTCTGTGGGTGCT-1,0,59,3,32667,6458
AAACGAAGATGGAGTA-1,0,58,4,32162,6750
AATTACGAGACCCATC-1,0,59,5,32668,7039
CCTTTGAATTATGGCT-1,0,58,6,32163,7331
CATGGTATTAGTTTGT-1,0,59,7,32670,7621
AACGAAAGTCGTCCCA-1,0,58,8,32164,7912
ACATAAGTCGTGGTGA-1,0,59,9,32671,8202
GCACAACCTCGGGCGT-1,0,58,10,32165,8493
ATGCACGCGCTGTTCA-1,0,59,11,32672,8783
CGATGTTGTTATCTAC-1,0,58,12,32167,9075
GTCTCCTGCCAGTATG-1,0,59,13,32673,9364
GATGCCTTCTGCGGCA-1,0,58,14,32168,9656
ACCGGTCAGGTACACC-1,0,59,15,32674,9946
GTGGAGCGTTTACCGA-1,0,58,16,32169,10237
AGGCGGTTTGTCCCGC-1,0,59,17,32675,10527
TCCCTGGCGTATTAAC-1,0,58,18,32170,10819
AAACACCAATAACTGC-1,0,59,19,32676,11108
TGGACGCAATCCAGCC-1,0,58,20,32171,11400
GGAACCTTGACTCTGC-1,0,59,21,32677,11690
GTATCTCAGTCTTGAC-1,0,58,22,32172,11981
GCTGAATCTTCCAATC-1,0,59,23,32679,12271
AGATGCAAGACGTGCA-1,0,58,24,32173,12563
TTAAGGCCCGTACTTT-1,0,59,25,32680,12852
AGTATGCTGGAGACCA-1,0,58,26,32174,13144
GCGGCAAAGTATTGCC-1,0,59,27,32681,13434
GCGCAAATATATTCAA-1,0,58,28,32176,13725
GAAGAAACGATATTGT-1,0,59,29,32682,14015
GGACCTCTAGGCCGCC-1,0,58,30,32177,14306
AACAGCTGTGTGGCAA-1,0,59,31,32683,14596
TCGAATATCCCGCAGG-1,0,58,32,32178,14888
GCGACCCAACCATCTG-1,0,59,33,32684,15177
AGAGAAGGAGTACAAT-1,0,58,34,32179,15469
GGCTCCTCCACCTGTT-1,0,59,35,32685,15759
TCAGTGTATACGTCAT-1,0,58,36,32180,16050
ATTATTATGTCCGTCA-1,0,59,37,32686,16340
TTAGGTCATAACCGAC-1,0,58,38,32181,16632
AAGATGGCACCGGACC-1,0,59,39,32687,16921
CTACAAGAAATAACCC-1,0,58,40,32182,17213
ACTATTTCCGGGCCCA-1,0,59,41,32689,17503
TTGTTTCACATCCAGG-1,0,58,42,32183,17794
CGCTGTGTGGATGTTG-1,0,59,43,32690,18084
TCAACATAGCGCCCTA-1,0,58,44,32185,18376
GGCCGTTTGGGTTTCA-1,0,59,45,32691,18665
TACTCTTTCGTCTTCA-1,0,58,46,32186,18957
TTCGCGCGCCATACGA-1,0,59,47,32692,19246
CGGAAAGAATCAAACG-1,0,58,48,32187,19538
AGGCAGGGAGCGTACT-1,0,59,49,32693,19828
CCTTTAAGGGAGCACT-1,0,58,50,32188,20119
CGCCCAGCACGCCTAG-1,0,59,51,32694,20409
AGTATTTGGCACGACC-1,0,58,52,32189,20701
TATCCGCACCGTCGGG-1,0,59,53,32695,20990
ACCCGTGTCATCAGTA-1,0,58,54,32190,21282
CAACTGCTCATCCGAT-1,0,59,55,32696,21572
CCGGAGCGTACTTTCT-1,0,58,56,32191,21863
TACCGTAGGTTAACTA-1,0,59,57,32698,22153
TGAGGAGTGCCAGCTT-1,1,58,58,32192,22445
CCAGTCTTGTCATAGA-1,0,59,59,32699,22734
GGGCAGAGCAATCGTT-1,0,58,60,32194,23026
TACCAAATAGCCCAGA-1,0,59,61,32700,23316
TACCTACTCCCAGTAT-1,0,58,62,32195,23607
TGTGAGACTAGCCCAA-1,0,59,63,32701,23897
ATACCTAACCAAGAAA-1,1,58,64,32196,24188
GTCGGGAAGCAGAAAC-1,1,59,65,32702,24478
AATTAACGGATTTCCA-1,1,58,66,32197,24770
GAACCCTCTGTGTTCT-1,1,59,67,32703,25059
ATATAAAGCGCTCGTG-1,1,58,68,32198,25351
CCTGGTCGAATGTGGG-1,1,59,69,32704,25641
CTAGGTTCGGACGTGA-1,1,58,70,32199,25932
TCGGGAGACAGCGTAC-1,0,59,71,32705,26222
CATAAGAAGCTTGGCT-1,1,58,72,32200,26514
AAGCACCCTGCGTATC-1,0,59,73,32707,26803
AGTTTGCACCTGCCTC-1,0,58,74,32201,27095
GACTGCAAATCGAGCT-1,0,59,75,32708,27385
GTGTATATCAGCGGGC-1,0,58,76,32203,27676
CTTCAACTCCACTTGG-1,0,59,77,32709,27966
ACTTACGCATCCACGC-1,0,58,78,32204,28258
CATGAGATGCACTCTC-1,0,59,79,32710,28547
GAGCACCTGTGTCCAG-1,0,58,80,32205,28839
CGCGACCGCGACAGAT-1,0,59,81,32711,29128
GTCCCGCGACGTTATG-1,0,58,82,32206,29420
GCAGTGTGGCTATAGG-1,0,59,83,32712,29710
ATACTGCCTTACACCG-1,0,58,84,32207,30001
TACAGAAACGGTGGGC-1,0,59,85,32713,30291
GGCGCGGAGATCTTTC-1,0,58,86,32208,30583
CGTTAATGTCCCGACG-1,0,59,87,32714,30872
GCTAACTGAAGTCTGA-1,0,58,88,32209,31164
AGTGATAACCTGCGCG-1,0,59,89,32716,31454
TATGATCTTCTCTTTA-1,0,58,90,32210,31745
TGTACCTACACGAGGG-1,0,59,91,32717,32035
ATATCGTTCCTCGAAC-1,0,58,92,32211,32327
CGGCGCCATCAATCCC-1,0,59,93,32718,32616
CCTGTTTGAAGACACG-1,0,58,94,32213,32908
GCCACTCAGAGCGCGA-1,0,59,95,32719,33198
TCGGCTTGTATCGACG-1,0,58,96,32214,33489
TAGATGGTTCCTTACT-1,0,59,97,32720,33779
ATCGTTAGCTAGCGGA-1,0,58,98,32215,34070
ACAGCGACATTCTCAT-1,0,59,99,32721,34360
ATTCAACCATTTAAGG-1,0,58,100,32216,34652
CACTCTTCTGCTAGCC-1,0,59,101,32722,34941
CTAACTGATAATCGCC-1,0,58,102,32217,35233
TGATGTCAATTAAGTG-1,0,59,103,32723,35523
CGCCGTTCAGCATAGT-1,0,58,104,32218,35814
ATACTACCCGTACCAC-1,0,59,105,32725,36104
CCACTGTTTGGATTAA-1,0,58,106,32219,36396
CACTACGGGAGCTGCC-1,0,59,107,32726,36685
GACCAAACGTTGACTG-1,0,58,108,32220,36977
AAGAGGCCCTTTGGAA-1,0,59,109,32727,37267
ACACGTAGGCCACAAG-1,0,58,110,32222,37558
TACTCTTACTTTACTG-1,0,59,111,32728,37848
AGAGCCGCCGAGATTT-1,0,58,112,32223,38140
GGCCTGCTTCTCCCGA-1,0,59,113,32729,38429
TCAAGCGCGGACGGTA-1,0,58,114,32224,38721
ACACTGGGACAGTCGT-1,0,59,115,32730,39011
TGTGTAGTAGCACGTG-1,0,58,116,32225,39302
CTAGCCACAGGCGAGC-1,0,59,117,32731,39592
CTATCGCGTAGAGAAC-1,0,58,118,32226,39883
GTTCCCGTAAACATAT-1,0,59,119,32732,40173
TCTTTCCTTCGAGATA-1,0,58,120,32227,40465
ATATTGGAGAGGCCTT-1,0,59,121,32733,40754
AGGCGATAACTGGCGT-1,0,58,122,32228,41046
ACCCGGAGCACCACAA-1,0,59,123,32735,41336
TGAGCTCAACTGTATA-1,0,58,124,32229,41627
ACGACCCATGAGTTGC-1,0,59,125,32736,41917
CGGTCAGTCCATATTT-1,0,58,126,32231,42209
TCCGGCTGTCGGGTCG-1,0,59,127,32737,42498
ATTCCCGAAGGTACAG-1,0,60,0,33171,5585
CTAACAGCACAATAAC-1,0,61,1,33678,5875
TTGTGCGGAAGCGGAT-1,0,60,2,33172,6166
GGGCACTATTGACCAT-1,0,61,3,33679,6456
CCATAGAGGCTGCCAG-1,0,60,4,33174,6748
CCGAAGCATTGACCAA-1,0,61,5,33680,7037
TACTGAGGGAAGAAAG-1,0,60,6,33175,7329
TATGTAGAAACCCGGC-1,0,61,7,33681,7619
TGGTTAACTTACATTT-1,0,60,8,33176,7910
AGAACCCTCAATTGGG-1,0,61,9,33682,8200
CCTATATCGTGTCACG-1,0,60,10,33177,8492
ACGGCTGGATGTAGAA-1,0,61,11,33683,8781
CTCGCATTGCATAGCC-1,0,60,12,33178,9073
ACTTTGGTCGTGCTCC-1,0,61,13,33684,9363
GCTGGTTTAGGCCATA-1,0,60,14,33179,9654
TGTCGTTATCACATAT-1,0,61,15,33685,9944
ACACATGATCAAATCT-1,0,60,16,33180,10235
TATCCATCTCGGTTAG-1,0,61,17,33687,10525
CTCGTCGAGGGCTCAT-1,0,60,18,33181,10817
ATCAATGCCGTGGCTG-1,0,61,19,33688,11106
GAAACATAGGAAACAG-1,0,60,20,33183,11398
TAATAGGTCACCAGAA-1,0,61,21,33689,11688
CACCAGTCAGCATGCA-1,0,60,22,33184,11979
GAGCGCTGTTAGGTAA-1,0,61,23,33690,12269
CCCTATGTAGAGCAGA-1,0,60,24,33185,12561
GATCGCTATATCTCAG-1,0,61,25,33691,12850
AAGGGACTATGCATTC-1,0,60,26,33186,13142
CTCGGGTTCTCTGGCC-1,0,61,27,33692,13432
TATATATCGAGAAATG-1,0,60,28,33187,13723
ACCCGAGCGAAATTAC-1,0,61,29,33693,14013
TTGTTTCATTAGTCTA-1,0,60,30,33188,14304
ATGGGACCTGCTGAAC-1,0,61,31,33694,14594
TGCGACGGCCGAACGT-1,0,60,32,33189,14886
AGCTAACAAGCAATGT-1,0,61,33,33696,15175
CGTGTCTCGTTACGAC-1,0,60,34,33190,15467
CTAAATCCGGTGTACA-1,0,61,35,33697,15757
GAATAGTGCTCGATTA-1,0,60,36,33192,16048
AACAATACATTGTCGA-1,0,61,37,33698,16338
CACATCGTGCACGCGC-1,0,60,38,33193,16630
ACCGTGACCACGTGGG-1,0,61,39,33699,16919
CCCAATGAGATTTGCA-1,0,60,40,33194,17211
TCAGCAGTAGGCCCTG-1,0,61,41,33700,17501
CTACTCAAGGTATAGT-1,0,60,42,33195,17792
TAGTAGCTTATACCAG-1,0,61,43,33701,18082
ACGTTCGTTCAGGAAA-1,0,60,44,33196,18374
TTAGAATAAGGGTCGG-1,0,61,45,33702,18663
TTCTAGAAAGTCTTAT-1,0,60,46,33197,18955
CCTTCAGTTAAAGTGA-1,0,61,47,33703,19245
TAGCTAGTGATGATGG-1,0,60,48,33198,19536
AGCCCGGTAGCCTGTA-1,0,61,49,33705,19826
TACCTCAGTTGTCTGT-1,0,60,50,33199,20117
GACGGGTTGGCCCGTA-1,0,61,51,33706,20407
GAAACCTATACAAATG-1,0,60,52,33201,20699
TCCACCTCTAGCCTTT-1,0,61,53,33707,20988
AAGACCCAACTGAACA-1,0,60,54,33202,21280
CATACACGGTTCCCAC-1,0,61,55,33708,21570
ACTACGCGTTAGAATT-1,0,60,56,33203,21861
CTTGGCCAAGCTGGGA-1,0,61,57,33709,22151
TTACCCTAGGGATTGG-1,0,60,58,33204,22443
TTCGCACTGTACGACA-1,0,61,59,33710,22732
TAGGTGTTCCACAGAT-1,0,60,60,33205,23024
GAAGCCTGCACATTCC-1,0,61,61,33711,23314
GGCTTTCAATAAGGGT-1,0,60,62,33206,23605
TCCAGGGTATATACGA-1,1,61,63,33712,23895
CTCGCCGAATGTAGGG-1,1,60,64,33207,24187
AGGAAGCTGTCCGCCG-1,1,61,65,33714,24476
GTCTCAAGGCCCGGCT-1,1,60,66,33208,24768
ACCGACACATCTCCCA-1,1,61,67,33715,25057
TATACGCGTCATCACT-1,1,60,68,33209,25349
ATCTGGGCTGTTCTTG-1,0,61,69,33716,25639
TCAAATTTGAGACTCA-1,1,60,70,33211,25930
GTTAAGGGTGCGATGT-1,0,61,71,33717,26220
AGCAAAGGCCGCTAGT-1,0,60,72,33212,26512
TTATAGGTAATTGTCT-1,0,61,73,33718,26801
TTGTGCAGCCACGTCA-1,0,60,74,33213,27093
ACGGACTCTCAAAGCG-1,0,61,75,33719,27383
ATGCTCTGGCGCGGTA-1,0,60,76,33214,27674
ATAATCTTGGAGAACC-1,0,61,77,33720,27964
CTCATTGCTCTAACAA-1,0,60,78,33215,28256
TAGGTGACGATAACCT-1,0,61,79,33721,28545
CGGATCCTCAAGGACT-1,0,60,80,33216,28837
GGGCGTGGTTTCCCAG-1,0,61,81,33722,29127
TGGCTATGTGACATAC-1,0,60,82,33217,29418
CTTAGTGTAGTAGCAT-1,0,61,83,33724,29708
GGATTGCTGTGACTCC-1,0,60,84,33218,29999
ACTTCCATGCGGGACA-1,0,61,85,33725,30289
ACTCAAGTGCAAGGCT-1,0,60,86,33220,30581
ACAAGGATGCTTTAGG-1,0,61,87,33726,30870
TTGAACGACGTGCTGA-1,0,60,88,33221,31162
ATTCATCGTTGAGGCA-1,0,61,89,33727,31452
TGCAACCCATCTGCGG-1,0,60,90,33222,31743
AGTGCTAAACACAGCA-1,0,61,91,33728,32033
AACTCCAGAGCGTGTT-1,0,60,92,33223,32325
TCTCCACAAGTTGAAT-1,0,61,93,33729,32614
CTTTGCATCGCTCTTG-1,0,60,94,33224,32906
TCACAAACCGAGGTAC-1,0,61,95,33730,33196
CCGTAGGAAATCCCTG-1,0,60,96,33225,33487
AAACATTTCCCGGATT-1,0,61,97,33731,33777
GCCTCCGACAATTCAC-1,0,60,98,33226,34069
TCTGCATACCTTGCTT-1,0,61,99,33733,34358
ACCCATTTGTCCCTCT-1,0,60,100,33227,34650
CTGCAGAGAATCAGAG-1,0,61,101,33734,34939
GGAAACTAAATGGGCC-1,0,60,102,33229,35231
CAACCTACCGAGCAGT-1,0,61,103,33735,35521
CCGTAGGGTTGTTTAC-1,0,60,104,33230,35812
GGTTTGTGACCTGAGG-1,0,61,105,33736,36102
TAACCTAGGGAGTCCA-1,0,60,106,33231,36394
TTCCATCGACAGCGTG-1,0,61,107,33737,36683
ATCTCCCACGGAATAT-1,0,60,108,33232,36975
GTTTCAAACGAGTTGT-1,0,61,109,33738,37265
GGAACTTTGGCGATTA-1,0,60,110,33233,37556
CTGCAAGCACGTTCCG-1,0,61,111,33739,37846
CACAGTCCCGCTTCGC-1,0,60,112,33234,38138
TACGCTCGGTATTGGA-1,0,61,113,33740,38427
CTGGTAAAGTGTGGGC-1,0,60,114,33235,38719
CAACCAGTGGCCTACC-1,0,61,115,33742,39009
TCTTCGCGGTGAGAGG-1,0,60,116,33236,39300
TTCGGGTTGCCACGGG-1,0,61,117,33743,39590
ACCGATAGGCATAACC-1,0,60,118,33238,39881
CTTATAGATGGCTGTT-1,0,61,119,33744,40171
AGACGCCCACTTCGCC-1,0,60,120,33239,40463
AGGTCGCCTCCCAACA-1,0,61,121,33745,40752
CCTCACGTCAGCTAAT-1,0,60,122,33240,41044
CCACCTGTATGGAATA-1,0,61,123,33746,41334
GGACTCGAAGCTTTCA-1,0,60,124,33241,41625
AAGCCGGAGAGCAGGA-1,0,61,125,33747,41915
GCCTATCAGGTAAGAT-1,0,60,126,33242,42207
TCAGAGTGTGAGCATG-1,0,61,127,33748,42496
AAACATGGTGAGAGGA-1,0,62,0,34183,5583
ATCATTGTACCGCATT-1,0,63,1,34689,5873
TCAGCTTGAGCTTTCG-1,0,62,2,34184,6164
CCGCGCAAGATACCCA-1,0,63,3,34690,6454
CTATACTTAAAGCGAG-1,0,62,4,34185,6746
ACCGTCCACTGGGCCC-1,0,63,5,34691,7035
AAGACCAAATAACTCA-1,0,62,6,34186,7327
TGTTTCTGAAGCGTGC-1,0,63,7,34692,7617
TTCTCTTACAGGTGAT-1,0,62,8,34187,7908
AATTCATTGTCATGCA-1,0,63,9,34694,8198
GCCCGAGAGTCTAAAT-1,0,62,10,34188,8490
ATATAGAGTATTGGTC-1,0,63,11,34695,8779
TTGAAGGATGGGCGCC-1,0,62,12,34190,9071
TAGTACCACAACTTTC-1,0,63,13,34696,9361
ATCCCATCCACAGCGC-1,0,62,14,34191,9652
CTTAGGTATAGACCAG-1,0,63,15,34697,9942
TGACTCCGAATCATAC-1,0,62,16,34192,10233
ACTACATCCCGACAAG-1,0,63,17,34698,10523
TTGCCGCAGACCTACA-1,0,62,18,34193,10815
TAAGAGGGACAGGGAC-1,0,63,19,34699,11104
CGAATGAAGTCATTGC-1,0,62,20,34194,11396
AAGGGAACGACTGGCT-1,0,63,21,34700,11686
CGAATCTGCTCGACGC-1,0,62,22,34195,11977
ATCGTGGAAAGTCTGG-1,0,63,23,34701,12267
CCTATGGCTCCTAGTG-1,0,62,24,34196,12559
CGTCGCTTGGTTATAC-1,0,63,25,34703,12848
TGCTTAGAGAGAATGC-1,0,62,26,34197,13140
GATTGCTCCAGTTGCA-1,0,63,27,34704,13430
CGTGCTTCTACCTAAA-1,0,62,28,34198,13721
ACTCCAATATCATCAT-1,0,63,29,34705,14011
GCCGACCCACGACTGC-1,0,62,30,34200,14303
GAGGGTAGTAACAAAG-1,0,63,31,34706,14592
GGCCGAGACTCTGGTG-1,0,62,32,34201,14884
TATATAGGGCTTTACG-1,0,63,33,34707,15174
TGCCGGATGTACGAGC-1,0,62,34,34202,15465
AGGTAGATCGAGATAT-1,0,63,35,34708,15755
GATCAACATAAAGGGA-1,0,62,36,34203,16046
TAACAGCGTTTGTGCT-1,0,63,37,34709,16336
CTATAGGCGTTGATGT-1,0,62,38,34204,16628
GGTTTAATTACCATCG-1,0,63,39,34710,16917
CTCTTCTGGAAGTTAG-1,0,62,40,34205,17209
ATCTGACATGGAAGGA-1,0,63,41,34712,17499
TACGTACTAGTGCTGA-1,0,62,42,34206,17790
ATGACTATCAGCTGTG-1,0,63,43,34713,18080
CTTTGGGATTGTTGCA-1,0,62,44,34207,18372
AGACTGTTACCGGGTC-1,0,63,45,34714,18661
TCCTAACCGTCGGGCA-1,0,62,46,34209,18953
ACGCAAACTAATAGAT-1,0,63,47,34715,19243
AAGTGAGTCGGGTTTA-1,0,62,48,34210,19534
TAAAGCGGTATTTCCA-1,0,63,49,34716,19824
CTCCTCCAGCTCACAC-1,0,62,50,34211,20115
CGGTCCGTCGCAAGCC-1,0,63,51,34717,20405
CCTATATTTGTCCTGG-1,0,62,52,34212,20697
TCCAATAAAGGCTACC-1,0,63,53,34718,20986
AAAGGCTACGGACCAT-1,0,62,54,34213,21278
CGTGACCAGTCCTCTG-1,0,63,55,34719,21568
GATCTGCTATCTAAGG-1,0,62,56,34214,21859
CGAATGACGCATAATG-1,0,63,57,34720,22149
GCTCAATGTAATACCG-1,0,62,58,34215,22441
CTATGCCCGAATGCAA-1,0,63,59,34722,22730
CACAGGGCCGTTGTCA-1,0,62,60,34216,23022
TCAATACGCCGTCATG-1,0,63,61,34723,23312
AGCGGACACTTCGTAG-1,0,62,62,34218,23603
ATACGTTATGCACGGA-1,0,63,63,34724,23893
GAGTAGATACTAGTTG-1,1,62,64,34219,24185
CCAGCTCGAACGCATT-1,0,63,65,34725,24474
TGCTTCCCAAGCAGTA-1,1,62,66,34220,24766
GTAGACACGCCTGACT-1,0,63,67,34726,25056
CTCACATTTACTAAAT-1,1,62,68,34221,25347
GAATGCGAATCGGTTC-1,0,63,69,34727,25637
TAAGGCCCGTCACCCT-1,0,62,70,34222,25928
GAGTATGCGCGTGCAT-1,0,63,71,34728,26218
ATCCACATCGACAGAA-1,0,62,72,34223,26510
TAGACGAAACGCCAAT-1,0,63,73,34729,26799
CAGCAGTCTGTGCTGC-1,0,62,74,34224,27091
CTCACTGTGATACTTA-1,0,63,75,34731,27381
TTAATTGCTTTGGGTG-1,0,62,76,34225,27672
GTAGTCTACGATATTG-1,0,63,77,34732,27962
TTGCCGCTTTCTAGTA-1,0,62,78,34227,28254
GAACCTTTAACGATCC-1,0,63,79,34733,28543
TGGACCAATCTAAGAT-1,0,62,80,34228,28835
CTAGTAGAAAGGGATT-1,0,63,81,34734,29125
AACCTCGCTTTAGCCC-1,0,62,82,34229,29416
GAGTGTCAACCAGAAA-1,0,63,83,34735,29706
GTGATCCTTGTCATGA-1,0,62,84,34230,29998
CTCAACTAACCCGGAT-1,0,63,85,34736,30287
AGTGGCGTCTGAAGGT-1,0,62,86,34231,30579
GGGAAGGGCTTTCTCA-1,0,63,87,34737,30868
AGGCCTGAGAATCTCG-1,0,62,88,34232,31160
AGCCACAGGTTACCCG-1,0,63,89,34738,31450
TGCAATCTAACACGGT-1,0,62,90,34233,31741
GTTTGGGTTTCGCCCG-1,0,63,91,34740,32031
CCTATGTCCACTCCAC-1,0,62,92,34234,32323
CTGCCTTTCTAGTAAA-1,0,63,93,34741,32612
TTAGTAAACCTGCTCT-1,0,62,94,34236,32904
TTGTGGTGGTACTAAG-1,0,63,95,34742,33194
CCTCCTGTTGTGTCGT-1,0,62,96,34237,33485
ACAAAGCATGACCTAG-1,0,63,97,34743,33775
ATAGCAACTAGGGAAG-1,0,62,98,34238,34067
CCGCTCTTCCGAACTA-1,0,63,99,34744,34356
TAGAATAGCCGATGAA-1,0,62,100,34239,34648
GGTCTCCGTCCAGGTT-1,0,63,101,34745,34938
TAATTACGTCAGTAGA-1,0,62,102,34240,35229
TACGTAAAGCGGAGTG-1,0,63,103,34746,35519
GCTACAATCGAGGATA-1,0,62,104,34241,35810
TCAGCCAATCCGTAAA-1,0,63,105,34747,36100
ATCATAGCCCTATGTA-1,0,62,106,34242,36392
GAGGCCTGTTGATACA-1,0,63,107,34749,36681
ATATACGCTCGTGACG-1,0,62,108,34243,36973
CCCTTTAATGGAGTTC-1,0,63,109,34750,37263
TTACACGATCTGCGAC-1,0,62,110,34244,37554
TCGCATAAAGGGCGCA-1,0,63,111,34751,37844
TGTAGCCATCCCATTC-1,0,62,112,34246,38136
GGGTCTATCGCTTTCC-1,0,63,113,34752,38425
GGAGGGTCAAGTAAGA-1,0,62,114,34247,38717
TACGGCATGGACGCTA-1,0,63,115,34753,39007
CACGTCAATCAATGGA-1,0,62,116,34248,39298
CGCTTGGACGGATAGA-1,0,63,117,34754,39588
CGCGGTACGGTATACA-1,0,62,118,34249,39880
CCTACTCAACACGATT-1,0,63,119,34755,40169
CGTTTGGTGTTGTGGG-1,0,62,120,34250,40461
GTTGTTGCAAGATGGC-1,0,63,121,34756,40750
CATTCGTCGTAGCGGT-1,0,62,122,34251,41042
CAGCCTCGATAGCGGT-1,0,63,123,34758,41332
TCATAAGTCCAAGAAG-1,0,62,124,34252,41623
AAAGTGCCATCAATTA-1,0,63,125,34759,41913
GTTGCAGTCGACAACA-1,0,62,126,34253,42205
TAAATGGGCTACTGAG-1,0,63,127,34760,42494
GGACAAGCCATGATCG-1,0,64,0,35194,5581
TCCAATGCGTCGCCGC-1,0,65,1,35701,5871
AAAGAATGACCTTAGA-1,0,64,2,35195,6162
CCTATTATTCCGGCCG-1,0,65,3,35702,6452
CAGTAAGGGACGTCTC-1,0,64,4,35196,6744
GGGATGGACCCGCGTC-1,0,65,5,35703,7033
GACGCATACCCGTCGG-1,0,64,6,35198,7325
GGGCAGGATTTCTGTG-1,0,65,7,35704,7615
TATCTGAGCCGATATT-1,0,64,8,35199,7906
AATGTATGGCACTGTA-1,0,65,9,35705,8196
GCCTTTGTCAGTGGAC-1,0,64,10,35200,8488
AACCATAGGGTTGAAC-1,0,65,11,35706,8777
AAACTTAATTGCACGC-1,0,64,12,35201,9069
TAGGCGGCTGCAAAGA-1,0,65,13,35707,9359
TCCATCAATACTAATC-1,0,64,14,35202,9650
ACCTCGAACTTATGCT-1,0,65,15,35708,9940
ACAAACCATGCGTCCT-1,0,64,16,35203,10232
ACACCGGTCTGACCGC-1,0,65,17,35709,10521
ATGGCAGCATTACGAT-1,0,64,18,35204,10813
CTGGTGAATGGGCCTA-1,0,65,19,35711,11102
CACAGAGACGAGGACG-1,0,64,20,35205,11394
GCACAAACCCTAGATG-1,0,65,21,35712,11684
ACTATGTCCAGCTGCC-1,0,64,22,35207,11975
AAGCCGCCGTGAAATC-1,0,65,23,35713,12265
ATGGGTGTATACCTCC-1,0,64,24,35208,12557
TAAGCGCGAATCAAAT-1,0,65,25,35714,12846
AGCCCGGCATTAGAGG-1,0,64,26,35209,13138
GTGATCAAGCGTGCAC-1,0,65,27,35715,13428
CTGCCTTTAATACCTT-1,0,64,28,35210,13719
TACCTCCACACCAATG-1,0,65,29,35716,14009
GAGCATCAACAACTTG-1,0,64,30,35211,14301
CATACGAACTAGCTGG-1,0,65,31,35717,14590
GGGAACGGTTTCAGAT-1,0,64,32,35212,14882
AGGGTGCCGTTCTTTA-1,0,65,33,35718,15172
ACGACTGGTCATACTC-1,0,64,34,35213,15463
GGATCTTACTGCCCTT-1,0,65,35,35720,15753
TACTCCTCTAGTTGAC-1,0,64,36,35214,16044
GTAGCTCCGGGAGGCT-1,0,65,37,35721,16334
GGACTCGTGAGTGGTC-1,0,64,38,35216,16626
GTAGTTCGAAGGCGAA-1,0,65,39,35722,16915
CTCAAACCACTGCCCG-1,0,64,40,35217,17207
GAGGGAGTCAGATCGC-1,0,65,41,35723,17497
GCGTCCCTAAGACATA-1,0,64,42,35218,17788
TCTCTTACCGCGAACC-1,0,65,43,35724,18078
GGCTACTATACACTCC-1,0,64,44,35219,18370
CGTTGCCCGCGTGGGA-1,0,65,45,35725,18659
TATAGAGTCGCTTGAA-1,0,64,46,35220,18951
ATGTTGTAGTCTGTTT-1,0,65,47,35726,19241
AGTATACACAGCGACA-1,0,64,48,35221,19532
TGTGGTTGCTAAAGCT-1,0,65,49,35727,19822
TGATTCCCGGTTACCT-1,0,64,50,35222,20114
CACTGACGATTGTGGA-1,0,65,51,35729,20403
AACATTGTGACTCGAG-1,0,64,52,35223,20695
GTCCAATATTTAGCCT-1,0,65,53,35730,20984
GCTCTTTCCGCTAGTG-1,0,64,54,35225,21276
GGGTCAGGAGCTAGAT-1,0,65,55,35731,21566
AGGTGGTGACCTTCGC-1,0,64,56,35226,21857
CCCGGGTCGTTCAGGG-1,0,65,57,35732,22147
AGCCAAGCTTTGTGTC-1,0,64,58,35227,22439
TGTGGCGGGCTTCTGG-1,0,65,59,35733,22728
CGAGGGTATCCAGGTG-1,0,64,60,35228,23020
CGTTCAGACCCGCGAA-1,0,65,61,35734,23310
TCATATGAGCTTTGTT-1,0,64,62,35229,23601
AGTTGACGGTCCTTGC-1,0,65,63,35735,23891
ATAATTAGCTAAGTAG-1,0,64,64,35230,24183
GGTCTTGAGCGCTCTT-1,0,65,65,35736,24472
CGTTGTCGGCAATTGA-1,0,64,66,35231,24764
TCTTGCTCCCGATACT-1,0,65,67,35738,25054
AGCAGAAGGAGAAAGA-1,0,64,68,35232,25345
GAAGCCACTGATTATG-1,0,65,69,35739,25635
TGCTCTTGAGAGTTTG-1,0,64,70,35234,25926
GACATCCGTCGAACTG-1,0,65,71,35740,26216
AGATATAATACGACTA-1,0,64,72,35235,26508
TCGCTACTGGCTTTGA-1,0,65,73,35741,26797
GTGACAGCTTCCCACT-1,0,64,74,35236,27089
GTGACGCAGGTTTCAT-1,0,65,75,35742,27379
GGGAAGACGGTCTGTC-1,0,64,76,35237,27670
CGTCGCATGTGAGCCA-1,0,65,77,35743,27960
AGAAGGTTGTAGGTCG-1,0,64,78,35238,28252
GGCCGGCGTCTGCTAT-1,0,65,79,35744,28541
TTGACCAGGAACAACT-1,0,64,80,35239,28833
AGTCGTATAAAGCAGA-1,0,65,81,35745,29123
GGCGTAGGGAAAGCTG-1,0,64,82,35240,29414
AAACCTAAGCAGCCGG-1,0,65,83,35747,29704
ATTGCCTTTATGTTTG-1,0,64,84,35241,29996
CAGGCAGTCTTACCAG-1,0,65,85,35748,30285
AGCTAAGTACGCAGGC-1,0,64,86,35242,30577
AAATCCGATACACGCC-1,0,65,87,35749,30867
CGAGAGCTTTCACTAC-1,0,64,88,35244,31158
CGCCCAGCGTTTCACG-1,0,65,89,35750,31448
TTAAGTATTGTTATCC-1,0,64,90,35245,31739
AAACGGGCGTACGGGT-1,0,65,91,35751,32029
GTATCCTTTGGTAACC-1,0,64,92,35246,32321
CATAGTCAAATACATA-1,0,65,93,35752,32610
TCTATGCTATAACGAC-1,0,64,94,35247,32902
ACGTTCTGTACAAGTC-1,0,65,95,35753,33192
CGCGAAGTGGCATACT-1,0,64,96,35248,33483
ACCAACCGCACTCCAC-1,0,65,97,35754,33773
GTCATGCGCGAGGGCT-1,0,64,98,35249,34065
TAGGCTAAAGTGGCAC-1,0,65,99,35756,34354
TGGCTACACTCTACCT-1,0,64,100,35250,34646
TGTCCACGGCTCAACT-1,0,65,101,35757,34936
AATTGCAGCAATCGAC-1,0,64,102,35251,35227
GTCAACCAGGCCTATA-1,0,65,103,35758,35517
ATCTTATCGCACACCC-1,0,64,104,35253,35809
GTCTATTGCATGCTCG-1,0,65,105,35759,36098
GCACGTGGTTTACTTA-1,0,64,106,35254,36390
ATTCGCGCCTTGAGAG-1,0,65,107,35760,36679
AGCGATGCGCCTAATA-1,0,64,108,35255,36971
TCTATAGGTGGGTAAT-1,0,65,109,35761,37261
AGATACCAATAGAACC-1,0,64,110,35256,37552
CGTGTATGGGAGCTGA-1,0,65,111,35762,37842
ATGTACATGCGGTGAG-1,0,64,112,35257,38134
TTGGCTCAATATGTGT-1,0,65,113,35763,38423
GTTCGGAGCACTCAAC-1,0,64,114,35258,38715
TCCCTCTTCTCAAGGG-1,0,65,115,35764,39005
TTACGTATCTATGACA-1,0,64,116,35259,39296
CCCATATAGGTCGATT-1,0,65,117,35766,39586
GTCCACGTCGCATTCG-1,0,64,118,35260,39878
AATTGTGGTTGCCAAA-1,0,65,119,35767,40167
AGGAACGAACGACTTC-1,0,64,120,35262,40459
TAATTCCAATGCTTCA-1,0,65,121,35768,40749
AGGGCCCTAATGTTCT-1,0,64,122,35263,41040
AGGTGTTGCCGACCAC-1,0,65,123,35769,41330
CTGAGAGTAGAAATAC-1,0,64,124,35264,41621
TAGAAGAAGGGTTACA-1,0,65,125,35770,41911
GGTGACTGATAGAGAG-1,0,64,126,35265,42203
TACCCTCGGTAACCCT-1,0,65,127,35771,42492
TGTAAGACTGATAAGA-1,0,66,0,36206,5579
GTCACTCATGAGCGAT-1,0,67,1,36712,5869
CGGTTTACTGAACATT-1,0,66,2,36207,6160
GAGATCGATCTTACTC-1,0,67,3,36713,6450
TCTTTCATCCGTCCTT-1,0,66,4,36208,6742
TCGGATCTGGATGACC-1,0,67,5,36714,7031
GTCCTAGGATACCTTA-1,0,66,6,36209,7323
TGTACCCGACCCTAAT-1,0,67,7,36715,7613
AGGTTCTCCTTTCCGG-1,0,66,8,36210,7904
AATTGCGTGGATTACA-1,0,67,9,36716,8194
CGATAGCGATACAGTG-1,0,66,10,36211,8486
CGCCCTAATTGTTCAA-1,0,67,11,36718,8775
ATTATGAGACCCAATT-1,0,66,12,36212,9067
CCTCCTAGCTAGAGTC-1,0,67,13,36719,9357
CGAAGGGTTTCAGATT-1,0,66,14,36214,9648
CACAAGCTAAGAAAGG-1,0,67,15,36720,9938
CACCGGTAGAGACATT-1,0,66,16,36215,10230
ACTCATGGCAGCCTTC-1,0,67,17,36721,10519
CATCCAATATAGTTTG-1,0,66,18,36216,10811
CAGATATGAAGATGAC-1,0,67,19,36722,11101
GCAAAGGGCGTTAGCC-1,0,66,20,36217,11392
CTGTTGTTCAGTCGTA-1,0,67,21,36723,11682
AAAGGCCCTATAATAC-1,0,66,22,36218,11973
AACATTGAAGTTGATC-1,0,67,23,36724,12263
GCTAGCGATAGGTCTT-1,0,66,24,36219,12555
ATTGCCTATTAGACCG-1,0,67,25,36725,12844
GGGCGTTTACATTCAT-1,0,66,26,36220,13136
CCTCTACAAGGATTGG-1,0,67,27,36727,13426
AGTGACTGTGACACAA-1,0,66,28,36221,13717
AGCCCTCCCTGGTGGC-1,0,67,29,36728,14007
CGGTTGAGTATCCTTC-1,0,66,30,36223,14299
CATTATCCCATTAACG-1,0,67,31,36729,14588
AATGTGCTAATCTGAG-1,0,66,32,36224,14880
CTTAGTTGAGGAATCG-1,0,67,33,36730,15170
CTTCTGGGCGTACCTA-1,0,66,34,36225,15461
AGTCAAATGATGTGAT-1,0,67,35,36731,15751
TGAACAAGCAGGGACT-1,0,66,36,36226,16043
AATACCGGAGGGCTGT-1,0,67,37,36732,16332
GTTTGGTGATCGGTGC-1,0,66,38,36227,16624
GACTGCTGGTGAGAAA-1,0,67,39,36733,16913
CGATCCTCGCAACATA-1,0,66,40,36228,17205
CCAACCTTATGTAACT-1,0,67,41,36734,17495
CGTGGTACCCAAAGGC-1,0,66,42,36229,17786
AACCCGACAACCCGTG-1,0,67,43,36736,18076
TATGTAAAGTGCTTAA-1,0,66,44,36230,18368
GCAAGTGTAAAGCATG-1,0,67,45,36737,18657
GTAACTGCCCAAGGAG-1,0,66,46,36231,18949
GGTGCATAAATGATTA-1,0,67,47,36738,19239
TAGTCCCGGAGACCAC-1,0,66,48,36233,19530
CGGCCAGAGCGACCAT-1,0,67,49,36739,19820
TGAATGAGTGTTTCCC-1,0,66,50,36234,20112
TTCACTTCCTAGAACG-1,0,67,51,36740,20401
CGCTTAGTATTGATAC-1,0,66,52,36235,20693
AACGCGACCTTGGGCG-1,0,67,53,36741,20983
GTGCACCAGCTTCAAC-1,0,66,54,36236,21274
TTCTATTAAACGCAGC-1,0,67,55,36742,21564
TGGCAAGCACAAGTCG-1,0,66,56,36237,21855
ATCTGCTGTTATCGCC-1,0,67,57,36743,22145
AATTCCAAGCATGTAC-1,0,66,58,36238,22437
AAACGGTTGCGAACTG-1,0,67,59,36745,22726
GAAGGAGTCGAGTGCG-1,0,66,60,36239,23018
GGCAAGCCCATAGTGG-1,0,67,61,36746,23308
TGACCAAATCTTAAAC-1,0,66,62,36240,23599
TTCGGTACTGTAGAGG-1,0,67,63,36747,23889
ATGTACGATGACGTCG-1,0,66,64,36242,24181
ATCTAGCTTGTGAGGG-1,0,67,65,36748,24470
AGCGGGTCTGACACTC-1,0,66,66,36243,24762
GAGGTACGCGTGTCCC-1,0,67,67,36749,25052
GCACTGCCTACCTTTA-1,0,66,68,36244,25343
GGAGCGAGGCCTACTT-1,0,67,69,36750,25633
AAACTCGGTTCGCAAT-1,0,66,70,36245,25925
GGCGCTTCATTCCCTG-1,0,67,71,36751,26214
TGCTCGGTGGGTCACC-1,0,66,72,36246,26506
AAGCGCAGGGCTTTGA-1,0,67,73,36752,26795
GACCTTCCACGTCTAC-1,0,66,74,36247,27087
GTTAGCCCATGACATC-1,0,67,75,36753,27377
AATTCGATTCGAGGAT-1,0,66,76,36248,27668
AGTCTTTAAAGTGTCC-1,0,67,77,36755,27958
GACTAGGCCGTTAGGT-1,0,66,78,36249,28250
TCCAAGCCTAGACACA-1,0,67,79,36756,28539
GATTGGGAAAGGTTGT-1,0,66,80,36251,28831
GATGAGGAACCTTCGG-1,0,67,81,36757,29121
TGAATACCGACGCGTA-1,0,66,82,36252,29412
AATCGTGAGCCGAGCA-1,0,67,83,36758,29702
GCGAAGAATCTGACGG-1,0,66,84,36253,29994
GAACAACTGGGATGAA-1,0,67,85,36759,30283
TCGCCGACATATTCGC-1,0,66,86,36254,30575
CGTAGAGAGTAATTAT-1,0,67,87,36760,30865
CGATAGTCGTACTGCA-1,0,66,88,36255,31156
CGCATGCCGAATGCGT-1,0,67,89,36761,31446
CTCTAGCCCTCGGAAA-1,0,66,90,36256,31737
TCCAACTCAGCTATCT-1,0,67,91,36762,32027
GTCTAGTGAGCCGCTT-1,0,66,92,36257,32319
TACCGAATAATTGTAA-1,0,67,93,36764,32608
ATATAACACGGGCGCA-1,0,66,94,36258,32900
GCATGCTAATAACGAT-1,0,67,95,36765,33190
TCCGGGCTTGACGGGA-1,0,66,96,36260,33481
ATTATTCAGAGTCACT-1,0,67,97,36766,33771
TAGCAGTATGACTAAA-1,0,66,98,36261,34063
TATGAAGAATTAAGGT-1,0,67,99,36767,34352
CAAGGCCAGTGGTGCA-1,0,66,100,36262,34644
TGCGTACGGCTAATTG-1,0,67,101,36768,34934
CAGATAATGGGCGGGT-1,0,66,102,36263,35225
GAGAACGGTTCTGACT-1,0,67,103,36769,35515
CGCTTCGGTCTAAGAC-1,0,66,104,36264,35807
AGCATTACGAGGCAAG-1,0,67,105,36770,36096
AAGTTGTGATGTTATA-1,0,66,106,36265,36388
TTGCTCATAGTACGTG-1,0,67,107,36771,36678
TACTTAAACATGTACA-1,0,66,108,36266,36969
AGTGAGTCGAATTAAC-1,0,67,109,36773,37259
TAGGCCTATATAGTCT-1,0,66,110,36267,37550
ACTCGCCGTTCGATAA-1,0,67,111,36774,37840
GGTACGTTGCGGCCGG-1,0,66,112,36269,38132
TATTGCCGGGCTTGTA-1,0,67,113,36775,38421
GGTAAACTCTGCGCTG-1,0,66,114,36270,38713
TCCCTTGTCTGAAACT-1,0,67,115,36776,39003
CATGATCGCTTTGAGA-1,0,66,116,36271,39294
GGACGGGCGACCAACC-1,0,67,117,36777,39584
GAGAGGCCTATGTGTA-1,0,66,118,36272,39876
TCGTAACTCCCAAGAC-1,0,67,119,36778,40165
CGTATCTAGAACTAAG-1,0,66,120,36273,40457
GCACCTTCCCGAAGGT-1,0,67,121,36779,40747
TACCTCTTTACCATCC-1,0,66,122,36274,41038
TGACTCTAACTGGTAA-1,0,67,123,36780,41328
GAGAAACTGGATCCCA-1,0,66,124,36275,41620
ATCCGGACCAGCCTGA-1,0,67,125,36782,41909
TTATTTAGGTTCCTTA-1,0,66,126,36276,42201
CGAATTCCCGGTTCAA-1,0,67,127,36783,42490
TAGTTTGATCGGTCGC-1,0,68,0,37217,5577
AGTCGAAACGATTCAG-1,0,69,1,37723,5867
ACGTCGGGCAACTCGG-1,0,68,2,37218,6159
ACTTGCTCTATCTACC-1,0,69,3,37725,6448
ATTACGGGCTACGGTT-1,0,68,4,37219,6740
GCAAACGTAAGCGACC-1,0,69,5,37726,7030
TTCGGACTGGGCATGG-1,0,68,6,37221,7321
GGGCCATTCGTGCTGG-1,0,69,7,37727,7611
GAGTTGTCACCAGTCT-1,0,68,8,37222,7902
AGTAATTTGCAAGCGT-1,0,69,9,37728,8192
GTGGCCGGTTTCTCGG-1,0,68,10,37223,8484
ATCTTAGGGCATTAAT-1,0,69,11,37729,8773
CTACATATCGCGGGAC-1,0,68,12,37224,9065
ATGGTATTTACTGATT-1,0,69,13,37730,9355
CCGTCAACCTCTGGCG-1,0,68,14,37225,9646
GCTTCGACGTTCAATC-1,0,69,15,37731,9936
GACCGATTAAATATGT-1,0,68,16,37226,10228
GTCGAATTTGGGCGCT-1,0,69,17,37732,10517
TCACGGCCCAAGAGAG-1,0,68,18,37227,10809
CTACGATCCTATCCTA-1,0,69,19,37734,11099
TGCAGTGGTAGGGAAC-1,0,68,20,37228,11390
TTGCCTAATCCAAAGT-1,0,69,21,37735,11680
AGCGAGACGTGAAGGC-1,0,68,22,37229,11971
TTCTACCTCAATCGGT-1,0,69,23,37736,12261
TACGCTGCTGTGTTAA-1,0,68,24,37231,12553
TAGTCCTGCACTAAGC-1,0,69,25,37737,12842
AGCACACGTTTAGACT-1,0,68,26,37232,13134
GTTCGACAATTGTATA-1,0,69,27,37738,13424
CCATGTTCATCTATAT-1,0,68,28,37233,13715
CCCTCGATAATACACA-1,0,69,29,37739,14005
ACTGCCCGCCATTCTC-1,0,68,30,37234,14297
CTATATCCAGCCTGGC-1,0,69,31,37740,14586
CGCACGTCTGTTTATG-1,0,68,32,37235,14878
AATCAGGTTTCATTTA-1,0,69,33,37741,15168
AGAGAAACACCAGAAA-1,0,68,34,37236,15459
ACCCGATTGGTTCCGA-1,0,69,35,37743,15749
TACCAGGAATCCCGTC-1,0,68,36,37237,16041
AAGTGCTTCTCTATTG-1,0,69,37,37744,16330
TGCATGTGACCCATAG-1,0,68,38,37238,16622
TAGATTCAAAGTGCGG-1,0,69,39,37745,16912
AGGGTCAGAGCACTCG-1,0,68,40,37240,17203
GTGAGATAACCTTATA-1,0,69,41,37746,17493
GTGTCAGTGTACGTGG-1,0,68,42,37241,17784
CTGTAGTGAGGATCGA-1,0,69,43,37747,18074
GATAGTGCGAGTAAGT-1,0,68,44,37242,18366
AGGGTTCAGACGGTCC-1,0,69,45,37748,18655
GGACTCGACAGCGCAT-1,0,68,46,37243,18947
CACTCTCAAGCATCGA-1,0,69,47,37749,19237
GAGCGGAATGCGGTGT-1,0,68,48,37244,19528
CAGTTCGAGGACCCGA-1,0,69,49,37750,19818
CGTAACTTCGACACTT-1,0,68,50,37245,20110
TGATCACCACACTGAC-1,0,69,51,37751,20399
CATACTTCTTTCTCCG-1,0,68,52,37246,20691
CAAGTAAGTGATAGAC-1,0,69,53,37753,20981
AGCCCGCAACAAGCAG-1,0,68,54,37247,21272
GCTCCATGCAAAGCAA-1,0,69,55,37754,21562
TCGTACCGACGTCAAG-1,0,68,56,37249,21854
ATTATCGGAATGTACG-1,0,69,57,37755,22143
ACCTACTATAAATCTA-1,0,68,58,37250,22435
TATCCTATCAACTGGT-1,0,69,59,37756,22724
GCGCGGTCTAGTAACT-1,0,68,60,37251,23016
CCTTCGTATAGAATCC-1,0,69,61,37757,23306
TGGGCGATACAATAAG-1,0,68,62,37252,23597
TGACATGTAACGTGAC-1,0,69,63,37758,23887
TTGGGAAGACGAGCCG-1,0,68,64,37253,24179
GGTGTAAATCGATTGT-1,0,69,65,37759,24468
GAACTGTGGAGAGACA-1,0,68,66,37254,24760
TCCACATCGTATATTG-1,0,69,67,37760,25050
CCTATGGTCAAAGCTG-1,0,68,68,37255,25341
TCCTTGTCCTTTAATT-1,0,69,69,37762,25631
AAGTTTATGGGCCCAA-1,0,68,70,37256,25923
GTCCGGGTTCACATTA-1,0,69,71,37763,26212
ATGTAGCGCGCGTAGG-1,0,68,72,37258,26504
TACGGAAGCCAAACCA-1,0,69,73,37764,26794
GCCCTGAGGATGGGCT-1,0,68,74,37259,27085
CGGGCGATGGATCACG-1,0,69,75,37765,27375
TGCGGACTTGACTCCG-1,0,68,76,37260,27666
TAATACTAGAACAGAC-1,0,69,77,37766,27956
TCAAATTGTTGTGCCG-1,0,68,78,37261,28248
GGGCAGTCAACGCCAA-1,0,69,79,37767,28537
TCGCTGCCAATGCTGT-1,0,68,80,37262,28829
TACGTGGGCCCAGGGC-1,0,69,81,37768,29119
GCCTACGTTCTGTGCA-1,0,68,82,37263,29410
TTGCGTGTGTAGGCAT-1,0,69,83,37769,29700
TCCTAAAGATTCAGAC-1,0,68,84,37264,29992
TGGGTGCACAAGCCAT-1,0,69,85,37771,30281
GGGAGCGACCGTAGTG-1,0,68,86,37265,30573
CATAGAGGAGATACTA-1,0,69,87,37772,30863
CTTCGATTGCGCAAGC-1,0,68,88,37267,31154
GTGCCTGAGACCAAAC-1,0,69,89,37773,31444
TCATCCTCAGCTGCTT-1,0,68,90,37268,31736
TGCAACTACTGGTTGA-1,0,69,91,37774,32025
ATGTTGATTAGAGACT-1,0,68,92,37269,32317
GTTTCTAGAGGCGCGG-1,0,69,93,37775,32606
TACAAGGGCTTCTTTA-1,0,68,94,37270,32898
ACAGGCACGGATCCTT-1,0,69,95,37776,33188
CCCAAGTCATTACACT-1,0,68,96,37271,33479
ACTCTGACCTAATAGA-1,0,69,97,37777,33769
GGATGGCTTGAAGTAT-1,0,68,98,37272,34061
ACCCTCCCGTCAGGGC-1,0,69,99,37778,34350
AGCTTCTTCTCGAGCA-1,0,68,100,37273,34642
TTGCGCTTGATCAATA-1,0,69,101,37780,34932
TGGGTGTAATAGATTT-1,0,68,102,37274,35223
CATGGTTTATTAATCA-1,0,69,103,37781,35513
TTGCCTTCTCGCCGGG-1,0,68,104,37275,35805
TTAAAGTAAGTCGCCA-1,0,69,105,37782,36094
AGTTGGCAAGGCTAGA-1,0,68,106,37277,36386
CCGCACTTGCAATGAC-1,0,69,107,37783,36676
AATGTTGTCGTGAGAC-1,0,68,108,37278,36967
CCAAGGTTGCCCTTTC-1,0,69,109,37784,37257
TGTGACTAGAGTTTGC-1,0,68,110,37279,37548
TTGTGATCTGTTCAGT-1,0,69,111,37785,37838
GGAGTTGATTCTGTGT-1,0,68,112,37280,38130
GTAGTGAGCAACCTCA-1,0,69,113,37786,38419
AAGACATACGTGGTTT-1,0,68,114,37281,38711
CATCCCGAGATTCATA-1,0,69,115,37787,39001
GGCCGCAGGAACCGCA-1,0,68,116,37282,39292
CCAGAAACTGATGCGA-1,0,69,117,37789,39582
ACCCGTAGTCTAGTTG-1,0,68,118,37283,39874
AGGGTCTGGACGCAGT-1,0,69,119,37790,40163
TTGAAACCCTCATTCC-1,0,68,120,37284,40455
TCAATCCCGCGCCAAA-1,0,69,121,37791,40745
AGGACATCGGCACACT-1,0,68,122,37286,41036
GACAAGACGCCCGTGC-1,0,69,123,37792,41326
GAGTAAATTAAGAACC-1,0,68,124,37287,41618
TAAGTCGGTGAGCTAG-1,0,69,125,37793,41907
CTTACTGACTCCTCTG-1,0,68,126,37288,42199
TTAACTGATCGTTTGG-1,0,69,127,37794,42489
GGGCGATCCATAGGCC-1,0,70,0,38229,5575
CGTATTGTTTGGCGCC-1,0,71,1,38735,5865
CGCGTGGGCCTGTGTT-1,0,70,2,38230,6157
AAATCTGCCCGCGTCC-1,0,71,3,38736,6446
GCTGAAGGGTTCTTGG-1,0,70,4,38231,6738
TAATTGCGCTGATTAC-1,0,71,5,38737,7028
TCGCGCGTTTACATGA-1,0,70,6,38232,7319
TAACTGAAATACGCCT-1,0,71,7,38738,7609
CCTGTCGTGTATGAAG-1,0,70,8,38233,7900
CGGGAACGCCCTGCAT-1,0,71,9,38739,8190
AGTTGCGGTCCTCAAC-1,0,70,10,38234,8482
GGGTCCTTGGAAGAAG-1,0,71,11,38740,8771
CGGGAAGTACCGTGGC-1,0,70,12,38235,9063
ACGGTCACCGAGAACA-1,0,71,13,38742,9353
TAGACTCAGTTGGCCT-1,0,70,14,38236,9644
CCTTCCGCAACGCTGC-1,0,71,15,38743,9934
CAGTGTTAATCTCTCA-1,0,70,16,38238,10226
CAGGCCAGTACCACCT-1,0,71,17,38744,10515
GATCGCTGTGGTGCGT-1,0,70,18,38239,10807
GTATCTCGGGCGCTTT-1,0,71,19,38745,11097
CCGGGCTAAGAATTTC-1,0,70,20,38240,11388
CTTCACGCCCTGGTAC-1,0,71,21,38746,11678
CGGATGAATGCTGTGA-1,0,70,22,38241,11970
CTCTGCAGGCATTCTT-1,0,71,23,38747,12259
TCAAAGTCACGGCGTC-1,0,70,24,38242,12551
TGGGTTTCGGGCGTAC-1,0,71,25,38748,12841
TGCTATGGCAAAGGGA-1,0,70,26,38243,13132
TTCACGGTCGTCACGT-1,0,71,27,38749,13422
CGTAAAGCAAGAAATC-1,0,70,28,38244,13713
CTGATCCCTTTATGCA-1,0,71,29,38751,14003
GAGTATACCCTAATCA-1,0,70,30,38245,14295
CCACGGCAGGTGTAGG-1,0,71,31,38752,14584
ACGTACTTTGGCACGG-1,0,70,32,38247,14876
CCTGAGAATAAATGCA-1,0,71,33,38753,15166
TTGATGCCGCTCGTCG-1,0,70,34,38248,15457
GCCAGGAAAGAACACT-1,0,71,35,38754,15747
TCCGACCGCTAATCAA-1,0,70,36,38249,16039
TATATCAAAGTGATCT-1,0,71,37,38755,16328
CCTCGGTTTCCTTGCC-1,0,70,38,38250,16620
TAAATTTAGTAACACC-1,0,71,39,38756,16910
CTCGTTACGGCTACCA-1,0,70,40,38251,17201
GCCGTCGGTTTCGGGC-1,0,71,41,38757,17491
GTTCCGTCCGCCTGCA-1,0,70,42,38252,17782
CTAGGGATAGGGACAA-1,0,71,43,38758,18072
GTCCAGGCACGTGTGC-1,0,70,44,38253,18364
GAGGAATATCTCTTTG-1,0,71,45,38760,18653
CGTTCAAGGAAACGGA-1,0,70,46,38254,18945
GTGGGAACAAACCGGG-1,0,71,47,38761,19235
GGGCACGTAGTACTGT-1,0,70,48,38256,19526
ACTACAAAGAGAGGTG-1,0,71,49,38762,19816
GGTGTAGGTAAGTAAA-1,0,70,50,38257,20108
CCTGTTCAACCTCGGG-1,0,71,51,38763,20397
TGAGGTGTGTGGCGGA-1,0,70,52,38258,20689
ATTGTCTGTTTCATGT-1,0,71,53,38764,20979
GCCGGTCGTATCTCTC-1,0,70,54,38259,21270
ATATGGGATAGCAACT-1,0,71,55,38765,21560
GATAGAACCCGCTAGG-1,0,70,56,38260,21852
ATCCCATTTCCGTGGG-1,0,71,57,38766,22141
GATGCTACCTTCGATG-1,0,70,58,38261,22433
TGCAAAGTTCGTCTGT-1,0,71,59,38767,22723
GTTCAGTCGCCAAATG-1,0,70,60,38262,23014
GTCTCCGCCTCAATAC-1,0,71,61,38769,23304
AGTAGAAGGCGCCTCA-1,0,70,62,38263,23595
GTTGTAGATTTATGAG-1,0,71,63,38770,23885
CTATTTGCTTGGAGGA-1,0,70,64,38264,24177
AGCCATATAGTATGTG-1,0,71,65,38771,24466
TGTTCCGGCCTGAGCT-1,0,70,66,38266,24758
TGCCGTGGGACCCAAT-1,0,71,67,38772,25048
TTGCAAGAAGACTCCT-1,0,70,68,38267,25339
CCGCTCCAGGGCGATC-1,0,71,69,38773,25629
CAAACCCTCCGGCGGG-1,0,70,70,38268,25921
CGGACCTTTACGTCCC-1,0,71,71,38774,26210
ACGTAGGAGAGTCGCT-1,0,70,72,38269,26502
CTGCGACCTCGCCGAA-1,0,71,73,38775,26792
GGCCCAGCTGGTTTGC-1,0,70,74,38270,27083
GGATTAATCATGGACC-1,0,71,75,38776,27373
GAGATGGCTTTAATCA-1,0,70,76,38271,27665
AGTACAGAAGCTTATA-1,0,71,77,38778,27954
GCGGCTTTAGCAAGTT-1,0,70,78,38272,28246
ACCGAGTCTCCTTATT-1,0,71,79,38779,28535
GACCACACTTCCCTTT-1,0,70,80,38273,28827
TGTAGCCAATTCCGTT-1,0,71,81,38780,29117
CTCGTCTGTGCCTTCG-1,0,70,82,38275,29408
GGACTCTTTGACTAAG-1,0,71,83,38781,29698
TCATCGACGACCGTCG-1,0,70,84,38276,29990
TACTACGTGCAATGCG-1,0,71,85,38782,30279
CCCTACTTGAACAATG-1,0,70,86,38277,30571
GCAGCTGTCAACGCAT-1,0,71,87,38783,30861
ATCTACCATCTGCTCC-1,0,70,88,38278,31152
TCTCAAATCAATCGGG-1,0,71,89,38784,31442
ACTCCGGCCGACCACT-1,0,70,90,38279,31734
TACACCTCTTCGAATC-1,0,71,91,38785,32023
GTGGCTGTTTCTGTTC-1,0,70,92,38280,32315
ACGACTCTAGGGCCGA-1,0,71,93,38786,32605
TCGTTTACGCGACCCT-1,0,70,94,38281,32896
AGGATATCCGACTGCA-1,0,71,95,38788,33186
GACACTTCCAATTACC-1,0,70,96,38282,33477
ACGGTACAGTTCAATG-1,0,71,97,38789,33767
CTTGATGACCATCCAG-1,0,70,98,38284,34059
CTGGTAAAGACTTACA-1,0,71,99,38790,34348
CTTGCCCACCCACGCA-1,0,70,100,38285,34640
CATTACGCAGGAAGGG-1,0,71,101,38791,34930
GGACAACCATGAAGCC-1,0,70,102,38286,35221
GTTATCAAGCTATCGA-1,0,71,103,38792,35511
AGGTGCACGTCCACAT-1,0,70,104,38287,35803
AAAGAATGTGGACTAA-1,0,71,105,38793,36092
ACCAAGTCATCGGCAG-1,0,70,106,38288,36384
AGTAACTATAGCAGCC-1,0,71,107,38794,36674
GGGAAAGAATGCCAAC-1,0,70,108,38289,36965
AATCGGTATAGCCCTC-1,0,71,109,38795,37255
GGCACTGCGGTGGTTT-1,0,70,110,38290,37547
CGTCCTCATCGCGTGC-1,0,71,111,38797,37836
CTTAACTTACAGTATA-1,0,70,112,38291,38128
GTGAGTCGACTAATAG-1,0,71,113,38798,38417
TGTACTTCCGGGCATG-1,0,70,114,38293,38709
CACAAACCGCAGAACT-1,0,71,115,38799,38999
GCTTTACACAACTGGG-1,0,70,116,38294,39290
CACCGATGATGGGTAC-1,0,71,117,38800,39580
TCAATATACAGGAGGC-1,0,70,118,38295,39872
AACGACCTCCTAGCCG-1,0,71,119,38801,40161
GTTACCAAGGCGTACG-1,0,70,120,38296,40453
TAGCTCACTGTGTTTG-1,0,71,121,38802,40743
TCGGCAGGGTTAAGGG-1,0,70,122,38297,41034
TGTTAACAAAGTGACT-1,0,71,123,38803,41324
CAGAGCGATGGATGCT-1,0,70,124,38298,41616
CATAGTGGGCACGCCT-1,0,71,125,38804,41905
AAACGCTGGGCACGAC-1,0,70,126,38299,42197
TGTTCTCATACTATAG-1,0,71,127,38806,42487
TCCGCTGGGTCGATCG-1,0,72,0,39240,5573
TTAGCATCCCTCACGT-1,0,73,1,39746,5863
AGCCTTGTCACTGATA-1,0,72,2,39241,6155
GTTTCTTGTTAGAGCT-1,0,73,3,39747,6444
TCGGAGTCCTGGTTGC-1,0,72,4,39242,6736
ACGGGTTGTGACCTGT-1,0,73,5,39749,7026
TGACAGAAATCTTGCT-1,0,72,6,39243,7317
TAGCCATGATTGCCTA-1,0,73,7,39750,7607
CGAAGCCACAGCATGG-1,0,72,8,39245,7899
ACCCGTAGCAGAGAAT-1,0,73,9,39751,8188
AGCTTGATCAGGGTAG-1,0,72,10,39246,8480
CTATAAGTAGGGTTTG-1,0,73,11,39752,8769
TATAGTTAGGTGTACT-1,0,72,12,39247,9061
TACGCTGATAGTTGTA-1,0,73,13,39753,9351
TTCTCAATTGCTACAA-1,0,72,14,39248,9642
GTTGCCCTAACGGGTG-1,0,73,15,39754,9932
GACATTTCGCCCAGCC-1,0,72,16,39249,10224
GTAACTACGTAGACCT-1,0,73,17,39755,10513
CCAGTGTACAGACCGA-1,0,72,18,39250,10805
GCCCGATGCCCAGTTC-1,0,73,19,39756,11095
CGAACCTCTTTCCTAG-1,0,72,20,39251,11386
CATGCACATGAGAGGC-1,0,73,21,39758,11676
CCAAATCAAAGGGCAA-1,0,72,22,39252,11968
GTAGTTTAAGCACACG-1,0,73,23,39759,12257
TAAGTGAATAGTCTAC-1,0,72,24,39254,12549
GGTCCACGTCTATTTG-1,0,73,25,39760,12839
CCCTCAGATCGAGAAC-1,0,72,26,39255,13130
ACATTCGCGCGGAATA-1,0,73,27,39761,13420
CTATGAACACCTTGCC-1,0,72,28,39256,13711
CGAATGGTAGGTCGTC-1,0,73,29,39762,14001
TCGACATAGCGTAGCG-1,0,72,30,39257,14293
GACGTTGCTCGGCGGC-1,0,73,31,39763,14582
CTCGAGGCAAGTTTCA-1,0,72,32,39258,14874
GCTGGGAGCGCGTCAA-1,0,73,33,39764,15164
GACGATATCACTGGGT-1,0,72,34,39259,15455
CAGCTCTGGGCTCACT-1,0,73,35,39765,15745
TAGTCTGCGGCACATT-1,0,72,36,39260,16037
TGGTCGATATACCTCT-1,0,73,37,39767,16326
TTCAGTTCAAGAGGAG-1,0,72,38,39261,16618
GTCTGTAGGTTGAACA-1,0,73,39,39768,16908
GAGAGTCTCGGGAGAG-1,0,72,40,39262,17199
TTGTTTGTATTACACG-1,0,73,41,39769,17489
GCACAGCACGGGCCGA-1,0,72,42,39264,17781
AAACAGTGTTCCTGGG-1,0,73,43,39770,18070
TGGAGAATAATCGTCC-1,0,72,44,39265,18362
CGCCGCGTTCTGAACG-1,0,73,45,39771,18652
CATGCGTTGAGAGGAG-1,0,72,46,39266,18943
TACGCTCCTAGAACTG-1,0,73,47,39772,19233
CCTTGTGAACGTGGTT-1,0,72,48,39267,19524
TTAAAGGCGATGCTCG-1,0,73,49,39773,19814
TAAAGTGCACGTCTCG-1,0,72,50,39268,20106
TGTCCGCAAACAATTC-1,0,73,51,39774,20395
AGGCCTATCATACCAA-1,0,72,52,39269,20687
ACTGGGATGCCAGTGC-1,0,73,53,39776,20977
CGATCCACCATTGTTG-1,0,72,54,39270,21268
GGGCATGCATGTCGAG-1,0,73,55,39777,21558
TCCAGGCAGGACGATC-1,0,72,56,39271,21850
CAATGACCCTTAATTT-1,0,73,57,39778,22139
ATCAAGATCCCAGGAC-1,0,72,58,39273,22431
CTCAGAGCTAATGTCG-1,0,73,59,39779,22721
CTGCGATTTCGAGATT-1,0,72,60,39274,23012
ATGGTATTGGGAACCG-1,0,73,61,39780,23302
TAGGTTCTGCTGAGAA-1,0,72,62,39275,23593
GCCTGTCCCGGTGCAT-1,0,73,63,39781,23883
GGCCTGCTCTGATGTT-1,0,72,64,39276,24175
TAGAGGGAGTTTATCT-1,0,73,65,39782,24464
CTCTACATCCTGCGTG-1,0,72,66,39277,24756
ACACATTTCCGTAGAC-1,0,73,67,39783,25046
TGGGTGTTAAGTAGAA-1,0,72,68,39278,25337
GAGCTCAACATGAGCG-1,0,73,69,39784,25627
GCACACAGCTATTACC-1,0,72,70,39279,25919
GCGACGGTAGTCTCCT-1,0,73,71,39786,26208
GTATCAAGGTACTTCC-1,0,72,72,39280,26500
GGAAAGGGAATTGAGC-1,0,73,73,39787,26790
TACACAGCCGTGGTGC-1,0,72,74,39282,27081
CGGTTGGGCAGGGTCC-1,0,73,75,39788,27371
GCACGCCGATTCCCGC-1,0,72,76,39283,27663
CGCTTTCCGCCAAGGT-1,0,73,77,39789,27952
TGCCCGATAGTTAGAA-1,0,72,78,39284,28244
TCAGAACGGCGGTAAT-1,0,73,79,39790,28534
CCACTCAGATCCGCAA-1,0,72,80,39285,28825
GAAGGGTCATTAAGAC-1,0,73,81,39791,29115
GCGGTCTTGCTTTCAC-1,0,72,82,39286,29406
GGAAGGACACCGTATA-1,0,73,83,39792,29696
CGCGGGAATTCCTTTC-1,0,72,84,39287,29988
TCTATCCGATTGCACA-1,0,73,85,39793,30277
TACTCGTTTGAATCAA-1,0,72,86,39288,30569
GTCTGCCGACTCGACG-1,0,73,87,39795,30859
TACGGGTAATAACATA-1,0,72,88,39289,31150
CCAGTTCGGTAACTCA-1,0,73,89,39796,31440
CGTGCACACCACTGTA-1,0,72,90,39291,31732
CTTCAGTTGGACAACG-1,0,73,91,39797,32021
TGATCTATCACACTCT-1,0,72,92,39292,32313
TAGCAGATACTTAGGG-1,0,73,93,39798,32603
CACCGGGCATCACAAG-1,0,72,94,39293,32894
AGTGGCCCGCAAATGG-1,0,73,95,39799,33184
CTCGCTAGGTAAGCGA-1,0,72,96,39294,33476
GATAGATAGTACAGTC-1,0,73,97,39800,33765
CGAGACTACTGCTGCT-1,0,72,98,39295,34057
ACATTTGAAACCTAAC-1,0,73,99,39801,34346
GACACAGCCGGGACTG-1,0,72,100,39296,34638
ACGGAACACGAGTGCC-1,0,73,101,39802,34928
ACGCCAGTGCGTTTGC-1,0,72,102,39297,35219
GCACCTAGGCGAGTCC-1,0,73,103,39804,35509
TCACTATCCCTTCGGT-1,0,72,104,39298,35801
TGAGTGTAACAACGGG-1,0,73,105,39805,36090
ATTGGTTGTGCATTAC-1,0,72,106,39300,36382
CTGGCGATTTACATGT-1,0,73,107,39806,36672
TCCACCAAGACATAGG-1,0,72,108,39301,36963
AACGTCGCTGCACTTC-1,0,73,109,39807,37253
GTCTCCCGAGTCCCGT-1,0,72,110,39302,37545
AGCCCGCACTACAATG-1,0,73,111,39808,37834
GGCACGCTGCTACAGT-1,0,72,112,39303,38126
GCTTGAGTGACCTCTG-1,0,73,113,39809,38416
ATAGCCATAACAGTCA-1,0,72,114,39304,38707
TAGGAGGCTCGAGAAC-1,0,73,115,39810,38997
GTCGGGTGAAGTACCG-1,0,72,116,39305,39288
CACCCGCGTTTGACAC-1,0,73,117,39811,39578
TCTCAGGCTACTCGCT-1,0,72,118,39306,39870
TAGATTCTCTAGCAAA-1,0,73,119,39813,40159
CCCATTATTGTATCCT-1,0,72,120,39307,40451
GTTAATAGCGTCATTA-1,0,73,121,39814,40741
TACTCATTGACGCATC-1,0,72,122,39308,41032
TAGTGACAAGCTCTAC-1,0,73,123,39815,41322
ATCGCCGTGGTTCATG-1,0,72,124,39310,41614
CTGCTCTCAACACACC-1,0,73,125,39816,41903
GCATGACACAAAGGAA-1,0,72,126,39311,42195
CAACGATCGATCCAAT-1,0,73,127,39817,42485
ATACAGCGTCCACTGA-1,0,74,0,40252,5571
TCACGATTAATACGTT-1,0,75,1,40758,5861
CGTGAACTGACCCGAT-1,0,74,2,40253,6153
TCGATGTTACGGCCGT-1,0,75,3,40759,6442
GACCGGTGATACTCTC-1,0,74,4,40254,6734
TCTGTTTAGATTGTTC-1,0,75,5,40760,7024
GCTACTCGGACGCAGA-1,0,74,6,40255,7315
AAGAAAGTTTGATGGG-1,0,75,7,40761,7605
CGCCAGTAGTACCTTG-1,0,74,8,40256,7897
CTCCCTTGTATCAAGG-1,0,75,9,40762,8186
ACTTTATACACCACTT-1,0,74,10,40257,8478
AGATCTGGAGAGGATA-1,0,75,11,40763,8768
TCATCCATCTGATCAC-1,0,74,12,40258,9059
AGAACACGGCGATGGT-1,0,75,13,40765,9349
CCGCTCCGGATAAGCT-1,0,74,14,40259,9640
TGGTCGGGTACAGGGC-1,0,75,15,40766,9930
ACGGACGCAGCGACAA-1,0,74,16,40260,10222
ACATGCTTACGGCAGC-1,0,75,17,40767,10511
CAGGGAGATAGGCCAG-1,0,74,18,40262,10803
TCGCCACCCGGATTAC-1,0,75,19,40768,11093
TCTTGGTCAATGATAC-1,0,74,20,40263,11384
CATAGGGACACTTGTG-1,0,75,21,40769,11674
CACGAGCAAACCAGAC-1,0,74,22,40264,11966
GGGATATTGATCGCCA-1,0,75,23,40770,12255
TAATGTCGGTTCATGG-1,0,74,24,40265,12547
CGATTTGTCATTAATG-1,0,75,25,40771,12837
TTAAGATACCCAGAGA-1,0,74,26,40266,13128
CGACCGTTGGTATTCG-1,0,75,27,40772,13418
ACTACCATCCGAGGGC-1,0,74,28,40267,13710
TCTACGCACGATCTCC-1,0,75,29,40773,13999
AAGCCACTTGCAGGTA-1,0,74,30,40268,14291
ACGTTGTCGTTGAAAG-1,0,75,31,40775,14580
ACCGCTAGTCATTGGT-1,0,74,32,40269,14872
CATGAGTCCATCACGG-1,0,75,33,40776,15162
ATGTCTTGTTTGACTC-1,0,74,34,40271,15453
TCCCAAACATCCTCTA-1,0,75,35,40777,15743
CAACGCGATGAGCCAA-1,0,74,36,40272,16035
GACACCCAAAGACGCG-1,0,75,37,40778,16324
ACGTTCACTATGCCGC-1,0,74,38,40273,16616
ATGGACTGCTTAGTTG-1,0,75,39,40779,16906
CCATGGCAAACGCTCA-1,0,74,40,40274,17197
TTGTCTCGGCAAGATG-1,0,75,41,40780,17487
TTCGAACGAAACATGC-1,0,74,42,40275,17779
GGAAAGTCTTGATTGT-1,0,75,43,40781,18068
ATCATAGATCGACGAG-1,0,74,44,40276,18360
GATTAGAAACAAGCGT-1,0,75,45,40782,18650
GCTGCGAAGAATTATT-1,0,74,46,40277,18941
TTCCAGTGGGTTTCGT-1,0,75,47,40784,19231
GCTCATTGATCATATC-1,0,74,48,40278,19522
ATACGAGGTTTGTAAG-1,0,75,49,40785,19812
GTCTATACACGCATGG-1,0,74,50,40280,20104
GATTTGCGCTAACACC-1,0,75,51,40786,20393
TGGTGCCCTGCCTTAC-1,0,74,52,40281,20685
TCGAATCGCAGGGTAG-1,0,75,53,40787,20975
GGTAGGCCAATATCAC-1,0,74,54,40282,21266
CGTAAATAACAAAGGG-1,0,75,55,40788,21556
GACTCTAGAGTTCCAA-1,0,74,56,40283,21848
ACTTGTTACCGGATCA-1,0,75,57,40789,22137
GGCATTGAACATCTCA-1,0,74,58,40284,22429
AACCCGCTGTATTCCA-1,0,75,59,40790,22719
TAACAGGTTCCCTTAG-1,0,74,60,40285,23010
GTTCTTGTAACTCAAT-1,0,75,61,40791,23300
GATTCTGTTAATGAGT-1,0,74,62,40286,23592
GGACACCTCGGTGTTG-1,0,75,63,40793,23881
CGATCGAGAAGCACCA-1,0,74,64,40287,24173
CTGCTCTGACGGCAAA-1,0,75,65,40794,24463
CCCAGGAAGAATTCGA-1,0,74,66,40289,24754
TGTCGTGGGTATAGGC-1,0,75,67,40795,25044
ATATGTCTAGAGCGTG-1,0,74,68,40290,25335
GCGGGCAGACGGGTGA-1,0,75,69,40796,25625
CGAAGATCAGTTTCAT-1,0,74,70,40291,25917
ACGCCACTCGAAACAG-1,0,75,71,40797,26206
CTTAGATGTTTCATCC-1,0,74,72,40292,26498
GCGAATGGACTAGCGA-1,0,75,73,40798,26788
TAAATTGTGGGTAAAG-1,0,74,74,40293,27079
ATTTATACTGGTAAAG-1,0,75,75,40799,27369
GCGTCGTAACATGGTC-1,0,74,76,40294,27661
CGGTATGGGCACTCTG-1,0,75,77,40800,27950
CTATCACAACGCTGGA-1,0,74,78,40295,28242
ACCACACGGTTGATGG-1,0,75,79,40802,28532
TCAGCGCACGCCGTTT-1,0,74,80,40296,28823
AATGTTAAGACCCTGA-1,0,75,81,40803,29113
CTTACATAGATTTCTT-1,0,74,82,40298,29404
AACATAGCGTGTATCG-1,0,75,83,40804,29694
AGCAGTCGAAGCATGC-1,0,74,84,40299,29986
GTACTACGGCCTCGTT-1,0,75,85,40805,30275
TTGGCCAAATTGTATC-1,0,74,86,40300,30567
TCAGAGGACGCGTTAG-1,0,75,87,40806,30857
AGTAATCTAAGGGTGG-1,0,74,88,40301,31148
AATTATACCCAGCAAG-1,0,75,89,40807,31438
CCCTACCCACACCCAG-1,0,74,90,40302,31730
CTCTGTCCATGCACCA-1,0,75,91,40808,32019
TCGCCTCCTTCGGCTC-1,0,74,92,40303,32311
CCTGATTCGCGAAGAA-1,0,75,93,40809,32601
GACTTCAACGCATCAA-1,0,74,94,40304,32892
GCTTCCCGTAAGCTCC-1,0,75,95,40811,33182
AGAACTGTACTTTGTA-1,0,74,96,40305,33474
CCTTAAGTACGCAATT-1,0,75,97,40812,33763
GGCCAATTGTATAGAC-1,0,74,98,40306,34055
AGAATACAGGCTATCC-1,0,75,99,40813,34345
AATACCTGATGTGAAC-1,0,74,100,40308,34636
TAGAGTGTTCCGGGTA-1,0,75,101,40814,34926
GCTTCCATGTAACCGC-1,0,74,102,40309,35217
GGTTCGCATTTGCCGT-1,0,75,103,40815,35507
TCAATCCGGGAAGTTT-1,0,74,104,40310,35799
CCGGAAGTGCAATATG-1,0,75,105,40816,36088
CTCATAAATGTGTATA-1,0,74,106,40311,36380
GACGGGCATCGAATTT-1,0,75,107,40817,36670
GCTAAGCCCAGTATGC-1,0,74,108,40312,36961
GCTATAAGGGCCAGGA-1,0,75,109,40818,37251
GCGGATTACTTGTTCT-1,0,74,110,40313,37543
TACAACAGCGCATACA-1,0,75,111,40820,37832
TCTAACCTAGCCTGCG-1,0,74,112,40314,38124
TCTACCCGCATCATTT-1,0,75,113,40821,38414
GTCTTACCACGCCAAG-1,0,74,114,40315,38705
AATAACGTCGCGCCCA-1,0,75,115,40822,38995
CGTTTCGGTTATATGC-1,0,74,116,40317,39287
TACGCTGCACGGTCGT-1,0,75,117,40823,39576
CGTTAAATACGACCAG-1,0,74,118,40318,39868
TCGACTGACGATGGCT-1,0,75,119,40824,40157
ACGCTACTGAATGGGC-1,0,74,120,40319,40449
AAGGGTTAGCCATGCG-1,0,75,121,40825,40739
ACGTTTCGGTGCACTT-1,0,74,122,40320,41030
TTAACCCGAGGCGTGT-1,0,75,123,40826,41320
GCCCGTCAAGCCCAAT-1,0,74,124,40321,41612
ATTCGTCCCGAGGTTA-1,0,75,125,40827,41901
TCAAATTATGTTCGAC-1,0,74,126,40322,42193
AACGTTCTACCATTGT-1,0,75,127,40828,42483
CTGTCCTGCGCACTAC-1,0,76,0,41263,5569
GCCCAGCGACACAAAG-1,0,77,1,41769,5859
TATAGCTATTATCTCT-1,0,76,2,41264,6151
AAGCTATGGATTGACC-1,0,77,3,41770,6440
CCGAAACACGACCTCT-1,0,76,4,41265,6732
ATCAGAAGCTGGTTGC-1,0,77,5,41771,7022
TGAACCTGAATGTGAG-1,0,76,6,41266,7313
TCAGAGCATGTCAACG-1,0,77,7,41773,7603
ATACCCTCCCGGCCAA-1,0,76,8,41267,7895
GCCACCTTATTCGCGA-1,0,77,9,41774,8184
CAACGAGCTTATTATG-1,0,76,10,41269,8476
GATCCAACCTTTAAAC-1,0,77,11,41775,8766
TTGTGGAGACAGCCGG-1,0,76,12,41270,9057
AGATAATCACACCTAT-1,0,77,13,41776,9347
GGTTAGGGATGCTAAT-1,0,76,14,41271,9639
TCATGAAGCGCTGCAT-1,0,77,15,41777,9928
CCAGGCGAGATGGTCT-1,0,76,16,41272,10220
CGACTTGCCGGGAAAT-1,0,77,17,41778,10509
GTGCCAAACGTTTCGA-1,0,76,18,41273,10801
TGCTCAAAGGATGCAC-1,0,77,19,41779,11091
GCCTCAGGTACCGGTC-1,0,76,20,41274,11382
ACAAGTAATTGTAAGG-1,0,77,21,41780,11672
TTAGAGTATTGTCGAG-1,0,76,22,41275,11964
GTCATCCCAAACTCAC-1,0,77,23,41782,12253
CTCCTAGTAATCGTGA-1,0,76,24,41276,12545
CCCTCATCACAGAGTA-1,0,77,25,41783,12835
GGAAACAGAGCTTGGG-1,0,76,26,41278,13126
ACATCGCAATATTCGG-1,0,77,27,41784,13416
TTAGCCATAGGGCTCG-1,0,76,28,41279,13708
CGGATTCTGCCTTATG-1,0,77,29,41785,13997
TTGTTGGCAATGACTG-1,0,76,30,41280,14289
GGATCTACCGTTCGTC-1,0,77,31,41786,14579
GGTGGGATTAGGTCCC-1,0,76,32,41281,14870
AATAGGCACGACCCTT-1,0,77,33,41787,15160
GAGGTCCGTTCGCTGT-1,0,76,34,41282,15451
TGACAACTTAAAGGTG-1,0,77,35,41788,15741
AGCTAAGCTCCGTCCG-1,0,76,36,41283,16033
CTAGCCCGGGAGACGA-1,0,77,37,41789,16322
CCCAGATTCCCGTGAC-1,0,76,38,41284,16614
GCCCGTTCACACAATT-1,0,77,39,41791,16904
ACAAACTCCATCAGAG-1,0,76,40,41285,17195
GGTTCCGTACGACTAA-1,0,77,41,41792,17485
TTGCGGAAAGCTGCCC-1,0,76,42,41287,17777
GGAACTCGTGAATACG-1,0,77,43,41793,18066
GGTTACCGCTCCCTAC-1,0,76,44,41288,18358
AGCGACTTTGAAGACA-1,0,77,45,41794,18648
CCGTTTCCTTTCCGTG-1,0,76,46,41289,18939
TGGATGGCATCTTGGA-1,0,77,47,41795,19229
CAAGTCGTTGAAATCT-1,0,76,48,41290,19521
TGCAAACGTACTAGTT-1,0,77,49,41796,19810
GGCTGTCCTACTGCGG-1,0,76,50,41291,20102
TACTGCATGATTAAAT-1,0,77,51,41797,20391
CGGACCTCTGTAGTTA-1,0,76,52,41292,20683
CCCTAGCTCTAAGGTC-1,0,77,53,41798,20973
GTAACAGGTTAACGGC-1,0,76,54,41293,21264
CCCGCAAATAATCATC-1,0,77,55,41800,21554
AATCCCGCTCAGAGCC-1,0,76,56,41294,21846
AACGTCATCCGGCTTG-1,0,77,57,41801,22135
CTCGTGGCACTGAAAG-1,0,76,58,41295,22427
CTTTATCCGACGCATG-1,0,77,59,41802,22717
AAATGACTGATCAAAC-1,0,76,60,41297,23008
TTCGTGCATGTTATAG-1,0,77,61,41803,23298
ATCAAAGAGCCGTGGT-1,0,76,62,41298,23590
ATGTCATAATAAACGA-1,0,77,63,41804,23879
CTTAATCGACTTAGTA-1,0,76,64,41299,24171
CTAAAGGATGAGATAC-1,0,77,65,41805,24461
GTGCTATCCAGCTGGA-1,0,76,66,41300,24752
GACAGAGGTCTTCAGT-1,0,77,67,41806,25042
TCGATTTACGAAACGA-1,0,76,68,41301,25333
AGGCTTAAGTTGCACA-1,0,77,69,41807,25623
TAGGATCTTAACCGCA-1,0,76,70,41302,25915
GACTTTCGAGCGGTTC-1,0,77,71,41809,26204
CCCTGGGAGGGATCCT-1,0,76,72,41303,26496
TAGTAGTTGCCGGACA-1,0,77,73,41810,26786
GCCCTAAGTGCAGGAT-1,0,76,74,41304,27077
ACTTGGGCTTTCGCCA-1,0,77,75,41811,27367
CATGATACGGTGAAAC-1,0,76,76,41306,27659
TCCTGCAGCCGCCAAT-1,0,77,77,41812,27948
GTCCGTTAGAGGGCCT-1,0,76,78,41307,28240
GCTTTATTAAGTTACC-1,0,77,79,41813,28530
AATCGAGGTCTCAAGG-1,0,76,80,41308,28821
GTGCTGTTAGAACATA-1,0,77,81,41814,29111
GGCTTCTCGTGGGTGG-1,0,76,82,41309,29403
CCTACAGTTGAGGGAG-1,0,77,83,41815,29692
TATCCCTCGATCTGCA-1,0,76,84,41310,29984
CCGGTATCTGGCGACT-1,0,77,85,41816,30274
CTCTAACACCGGCAGC-1,0,76,86,41311,30565
CTTCATCACCAGGGCT-1,0,77,87,41817,30855
GGCTGGCAATCCCACG-1,0,76,88,41312,31146
CAAACCATAAGCGTAT-1,0,77,89,41819,31436
CATGTGGGCTCATCAC-1,0,76,90,41313,31728
CCCGTGACAGTGCCTT-1,0,77,91,41820,32017
GATTATCTTGCATTAT-1,0,76,92,41315,32309
GAGTCCACCAGGTTTA-1,0,77,93,41821,32599
TGTACTATCGCTCGTT-1,0,76,94,41316,32890
TTAGCGAATAGATAGG-1,0,77,95,41822,33180
ACATACAATCAAGCGG-1,0,76,96,41317,33472
ATTCGTGTACCCATTC-1,0,77,97,41823,33761
GCTAGCAACGCACCTA-1,0,76,98,41318,34053
ACCTCAGCGAGGCGCA-1,0,77,99,41824,34343
TCCGGGCCACTAACGG-1,0,76,100,41319,34634
TCCCAATATCGACGAC-1,0,77,101,41825,34924
GGATTGAAGTAGCCTC-1,0,76,102,41320,35215
GGCGCACAGTTTACCT-1,0,77,103,41826,35505
CCCGGCACGTGTCAGG-1,0,76,104,41321,35797
AGTAAGGGACAGAATC-1,0,77,105,41828,36086
TTGCGCACAACCACGT-1,0,76,106,41322,36378
CCTGCTACAACCATAC-1,0,77,107,41829,36668
CTGGGCTACTGGAGAG-1,0,76,108,41324,36959
AGCTACGAATGGTGGT-1,0,77,109,41830,37249
ATTCGTTTATCGTATT-1,0,76,110,41325,37541
GGCATTCCCTCCCTCG-1,0,77,111,41831,37830
AGTTATTCAGACTGTG-1,0,76,112,41326,38122
CCACTTTCCTTCTAGG-1,0,77,113,41832,38412
CGCAGTTCTATCTTTC-1,0,76,114,41327,38703
AGGAGCGTTTATTATC-1,0,77,115,41833,38993
GACAGGTAATCCGTGT-1,0,76,116,41328,39285
TTCCCAAAGTACTGAT-1,0,77,117,41834,39574
CTGCAGGGTGACGCTC-1,0,76,118,41329,39866
TCATGGAGGCCTTTGT-1,0,77,119,41835,40156
ATGGCCCGAAAGGTTA-1,0,76,120,41330,40447
CGTAATATGGCCCTTG-1,0,77,121,41837,40737
AGAGTCTTAATGAAAG-1,0,76,122,41331,41028
GAACGTTTGTATCCAC-1,0,77,123,41838,41318
ATTGAATTCCCTGTAG-1,0,76,124,41333,41610
TACCTCACCAATTGTA-1,0,77,125,41839,41899
AGTCGAATTAGCGTAA-1,0,76,126,41334,42191
TTGAAGTGCATCTACA-1,0,77,127,41840,42481
