ACGCCTGACACGCGCT-1,0,0,0,2711,5232
TACCGATCCAACACTT-1,0,1,1,3217,5522
ATTAAAGCGGACGAGC-1,0,0,2,2712,5813
GATAAGGGACGATTAG-1,0,1,3,3217,6103
GTGCAAATCACCAATA-1,0,0,4,2712,6394
TGTTGGCTGGCGGAAG-1,0,1,5,3218,6684
GCATCCTCTCCTATTA-1,0,0,6,2713,6975
GCGAGGGACTGCTAGA-1,0,1,7,3219,7265
TGGTACCGGCACAGCC-1,0,0,8,2713,7556
GCGCGTTTAAATCGTA-1,0,1,9,3219,7846
TGCCTTGCCCTTACGG-1,0,0,10,2714,8137
GACGACTTTCCAAGAA-1,0,1,11,3220,8427
CCAGTGAGCTCCTTGT-1,0,0,12,2714,8718
ATACCCTGGCTCAAAT-1,0,1,13,3220,9008
GGGTTTCCGGCTTCCA-1,0,0,14,2715,9299
TAACCGTCCAGTTCAT-1,0,1,15,3221,9589
AAACAACGAATAGTTC-1,0,0,16,2715,9880
CAAGGGAGTGTATTTG-1,0,1,17,3221,10170
CCAAGCTTGATCTCCT-1,0,0,18,2716,10461
TTATTTCATCCCAAAC-1,0,1,19,3222,10751
GAGCGCTATGTCAGGC-1,0,0,20,2717,11042
TATGGCAGACTTTCGA-1,0,1,21,3222,11332
CTTCGTGCCCGCATCG-1,0,0,22,2717,11624
AAACGGGTTGGTATCC-1,0,1,23,3223,11914
TGCAAACCCACATCAA-1,0,0,24,2718,12205
GACGGGATGTCTTATG-1,0,1,25,3223,12495
GGCGAGCATCGAGGAC-1,0,0,26,2718,12786
CGCGTGCTATCAACGA-1,0,1,27,3224,13076
TGAAACCTCAACTCAC-1,0,0,28,2719,13367
CACATAAGGCGACCGT-1,0,1,29,3225,13657
TGACCCAACTCACATT-1,0,0,30,2719,13948
ATACGCCGATCTACCG-1,0,1,31,3225,14238
ACTTATCTGATCTATA-1,0,0,32,2720,14529
GTGTGAGCCGAGGTGC-1,0,1,33,3226,14819
GATGATTTGAAACTGG-1,0,0,34,2720,15110
GGGAACCACCTGTTTC-1,0,1,35,3226,15400
GTTCGTTGCGGACCAG-1,0,0,36,2721,15691
TGAGGTTGATCCCAAG-1,0,1,37,3227,15981
GATGCCACACTACAGC-1,0,0,38,2722,16272
AGGCAAAGAGGAATCA-1,0,1,39,3227,16562
AAGTAAGCTTCCAAAC-1,0,0,40,2722,16853
AACGTAGTCTACCCAT-1,0,1,41,3228,17143
GTTTGAGCGGTTATGT-1,0,0,42,2723,17434
GAAGCAAGGCAATGTT-1,0,1,43,3228,17724
TCACTCAGCGCATTAG-1,0,0,44,2723,18015
TACAATGAAACCAGCA-1,0,1,45,3229,18305
GTGCGCTTACAAATGA-1,0,0,46,2724,18596
GCACTCCCACAGTCCC-1,0,1,47,3230,18886
CGAAGACTGCCCGGGA-1,0,0,48,2724,19177
CAGGATCCGCCCGACC-1,0,1,49,3230,19468
CACGATTGGTCGTTAA-1,0,0,50,2725,19759
GGTTGTATCGTGAAAT-1,0,1,51,3231,20049
TCTTATGGGTAGTACC-1,0,0,52,2725,20340
TACAAGCTGTTCACTG-1,0,1,53,3231,20630
GTATCTTGTTGCTCAC-1,0,0,54,2726,20921
ATACCAGGTGAGCGAT-1,0,1,55,3232,21211
CCTAAACAGGGTCCGT-1,0,0,56,2726,21502
ATGGTGCTCAAAGCCA-1,0,1,57,3232,21792
CAAATGCGGAGTGTTC-1,0,0,58,2727,22083
CGTGCCCGACATTTGT-1,0,1,59,3233,22373
GTATCTCCCTAACTGT-1,0,0,60,2728,22664
ATTTGCCTAGTTACGA-1,0,1,61,3233,22954
ACGTCCTAAACGAGAT-1,0,0,62,2728,23245
CTGGGATCGCCCAGAT-1,0,1,63,3234,23535
CTGCAAATGGGCTCCA-1,0,0,64,2729,23826
CATTATAACAGGGTCC-1,0,1,65,3234,24116
ACCTTTCCTTTAGAAG-1,0,0,66,2729,24407
ATAGATTTGCAGTCGG-1,0,1,67,3235,24697
CTCGGGCATCGTCGGG-1,0,0,68,2730,24988
GTGGCGGGCCGTAGCT-1,0,1,69,3236,25278
CAACAGTGCCAAACGG-1,0,0,70,2730,25569
TGCGGGTATTGGGATC-1,0,1,71,3236,25859
GTCTCGCCAACACGCC-1,0,0,72,2731,26150
CTGGGCGGCCAAATGT-1,0,1,73,3237,26440
TAAAGGAGAAACTAGT-1,0,0,74,2731,26731
TCCCACGGAGGGAGCT-1,0,1,75,3237,27022
AGCTTCAATACTTTGA-1,0,0,76,2732,27313
TTCCACATTTCTCGTC-1,0,1,77,3238,27603
ACAAACCGACAAGGCG-1,0,0,78,2733,27894
AGACGGGATTGGTATA-1,0,1,79,3238,28184
AACCTAAAGCCGTCCG-1,0,0,80,2733,28475
TACAAATTGCGGAGGT-1,0,1,81,3239,28765
CCCGCTAGAGGGTTAA-1,0,0,82,2734,29056
CATTGCAAAGCATAAT-1,0,1,83,3239,29346
TGTACGCTATCAGCTT-1,0,0,84,2734,29637
TTCTTCGCAATAGAGC-1,0,1,85,3240,29927
TGTGATTCCAGCGCTT-1,0,0,86,2735,30218
ATTCAGGATCGCCTCT-1,0,1,87,3241,30508
GCCCATGGGTGCAATG-1,0,0,88,2735,30799
TTCCCGACGCTTCACT-1,0,1,89,3241,31089
AGCGGTTGAGATGTAC-1,0,0,90,2736,31380
GCTGTCTGTGATCGAC-1,0,1,91,3242,31670
AAAGACATGAAGTTTA-1,0,0,92,2736,31961
CAACAGAATAACGCTA-1,0,1,93,3242,32251
TGCGGTCTACGAGTAA-1,0,0,94,2737,32542
AAGACTCACGCCCACT-1,0,1,95,3243,32832
CTTTGAAACATATTCC-1,0,0,96,2737,33123
CTGGGCACTAGTCGGA-1,0,1,97,3243,33413
CGCCCTTACATCCACC-1,0,0,98,2738,33704
CACGACCACAGACTTT-1,0,1,99,3244,33994
CAATCCATTATCCGTT-1,0,0,100,2739,34285
GTGGCGTGCACCAGAG-1,0,1,101,3244,34575
CGGAGTCCTAACCTGG-1,0,0,102,2739,34867
GGTCCCATAACATAGA-1,0,1,103,3245,35157
ATCTCATAAACCTACC-1,0,0,104,2740,35448
TGCATGGCAGTCTTGC-1,0,1,105,3245,35738
TTGCAGGTCATGAAGT-1,0,0,106,2740,36029
AGCTGCATTTGAGGTG-1,0,1,107,3246,36319
TAATCAGGAATGCTGC-1,0,0,108,2741,36610
CCATCATAAGAACAGG-1,0,1,109,3247,36900
TCGTATCACCAAGCTA-1,0,0,110,2741,37191
ATTCAGATGAATCCCT-1,0,1,111,3247,37481
AAAGGTCAACGACATG-1,0,0,112,2742,37772
AGCTGCTGTGCCGAAT-1,0,1,113,3248,38062
CTAGCGCCAATCCTAC-1,0,0,114,2742,38353
GCTCGACCGAACTGAA-1,0,1,115,3248,38643
ACAGTGCAGCGCATTT-1,0,0,116,2743,38934
CGGCTGAAGGTTACGC-1,0,1,117,3249,39224
CACCTCTACGAGTGTG-1,0,0,118,2744,39515
ATACGACAGATGGGTA-1,0,1,119,3249,39805
ACTTCCTGTCGTGCGA-1,0,0,120,2744,40096
CGTAACGGAACGATCA-1,0,1,121,3250,40386
AAATCACTCCTAAACG-1,0,0,122,2745,40677
CTCCGAGTAAATCCGC-1,0,1,123,3250,40967
ACGCTAGTATCAGTGC-1,0,0,124,2745,41258
AGAGTGAACAGACACC-1,0,1,125,3251,41548
ACACCCGTAAATCTGT-1,0,0,126,2746,41839
GCTTTGCTGCCGGGTA-1,0,1,127,3252,42129
ACAGGAGGCGCAGCCG-1,0,2,0,3722,5231
AGGCAATACGGAGGAC-1,0,3,1,4228,5521
TGGTGTGACAGACGAT-1,0,2,2,3723,5812
ATCTATCGATGATCAA-1,0,3,3,4228,6102
CGGTAACAAGATACAT-1,0,2,4,3723,6393
TCGCCGGAGAGTCTTA-1,0,3,5,4229,6683
GGAGGAGTGTGTTTAT-1,0,2,6,3724,6974
TTAGGTGTGACTGGTC-1,0,3,7,4230,7264
CAGGGCTAACGAAACC-1,0,2,8,3724,7555
CCCGTGGGTTAATTGA-1,0,3,9,4230,7845
GACCGACCGCTAATAT-1,0,2,10,3725,8136
GGTATCAAGCATAGAA-1,0,3,11,4231,8426
TGCATGAGTAGATTCG-1,0,2,12,3725,8717
AATTCCAACTTGGTGA-1,0,3,13,4231,9007
TGCCGATGTCATCAAT-1,0,2,14,3726,9298
GCTGGGTCCGCTGTTA-1,0,3,15,4232,9588
TGAACACCCGAAGCAG-1,0,2,16,3727,9879
AACATTGGTCAGCCGT-1,0,3,17,4232,10169
GTGGGTCTTCTTTGCG-1,0,2,18,3727,10460
CATCGAATGGATCTCT-1,0,3,19,4233,10750
GCTACACTGTCCGAAC-1,0,2,20,3728,11041
CGGGTTGTAGCTTTGG-1,0,3,21,4233,11332
CCTAAGTGTCTAACCG-1,0,2,22,3728,11623
TCTGTGACTGACCGTT-1,0,3,23,4234,11913
TTATCATACTCGCAAA-1,0,2,24,3729,12204
AGCGTAGCGCTAGACC-1,0,3,25,4235,12494
TCCCTCCGAAATCGTT-1,0,2,26,3729,12785
AGGTCGCCACTTCGGT-1,0,3,27,4235,13075
CTAGCAACTAATTTAC-1,0,2,28,3730,13366
TTGCTAGCTACCAATC-1,0,3,29,4236,13656
GCCGGTTTGGGCGGAT-1,0,2,30,3730,13947
TGTAACTTGTCAACCT-1,0,3,31,4236,14237
CGAGATGTTGCCTATA-1,0,2,32,3731,14528
GTTACGAAATCCACGC-1,0,3,33,4237,14818
CTTGTCGTACGTGTCA-1,0,2,34,3731,15109
GCGTCCAGCTCGTGGC-1,0,3,35,4237,15399
CCCTTCTCGTACGCGA-1,0,2,36,3732,15690
CCAAAGTCCCGCTAAC-1,0,3,37,4238,15980
CCGCTTCGCGGTTAAC-1,0,2,38,3733,16271
GTTACGGCCCGACTGC-1,0,3,39,4238,16561
CCCGCTTGCCCTCGTC-1,0,2,40,3733,16852
TAGTGAGAAGTGGTTG-1,0,3,41,4239,17142
CGCTACCGCCCTATGA-1,0,2,42,3734,17433
AAACAATCTACTAGCA-1,0,3,43,4240,17723
GCGCGATGGGTCAAGT-1,0,2,44,3734,18014
ATAAACCATTGGACGG-1,0,3,45,4240,18304
TCGGGCACTTCTGGAT-1,0,2,46,3735,18595
TCTGTGGCTACATTTC-1,0,3,47,4241,18886
CTCTGTGCCTGCTATG-1,0,2,48,3735,19177
CACGACTAAAGTTCTG-1,0,3,49,4241,19467
GAGGAGTAATTCCTAC-1,0,2,50,3736,19758
AGAGGTATCTCGGTCC-1,0,3,51,4242,20048
GGCGTACCCTATATAA-1,0,2,52,3736,20339
GCCGGAAACACATCTT-1,0,3,53,4242,20629
AAATGTGGGTGCTCCT-1,0,2,54,3737,20920
ACCAGGAGTGTGATCT-1,0,3,55,4243,21210
TGTGGAGGAAGCTTAA-1,0,2,56,3738,21501
AAGGAGAACTTATAAG-1,0,3,57,4243,21791
CCCTCGGGAGCCTTGT-1,0,2,58,3738,22082
ACTGTTTAGTGTAGGC-1,0,3,59,4244,22372
CGTCAGTTTATCGTCT-1,0,2,60,3739,22663
GCGTGTATGTCGTATT-1,0,3,61,4244,22953
ACAATCGATCTTTATA-1,0,2,62,3739,23244
CAGCCCTCACAGGCAG-1,0,3,63,4245,23534
CGCGTCATATTAAACC-1,0,2,64,3740,23825
GAAGACTTCAATGCCG-1,0,3,65,4246,24115
TTGCGGCGACTCATGC-1,0,2,66,3740,24406
ACCAAACTAGAAATCC-1,0,3,67,4246,24696
TTACTGTTTCTCTACG-1,0,2,68,3741,24987
GACCAGGTCATTCATA-1,0,3,69,4247,25277
TTCTTCCCTTTGATAT-1,0,2,70,3741,25568
ACGCCCAGCTGTCGAT-1,0,3,71,4247,25858
AGTAGCGTGAACGAAC-1,0,2,72,3742,26149
CCTCGACCCACTGCCT-1,0,3,73,4248,26439
AGTTATTGAAAGGTAA-1,0,2,74,3743,26730
TCAGTTACGGAATGAT-1,0,3,75,4248,27021
GAATCTATACTCGGAC-1,0,2,76,3743,27312
TCGGCTAACTTCCCTT-1,0,3,77,4249,27602
ACGTGGTCGAATGTGC-1,0,2,78,3744,27893
ATATCGTGCCAGACCC-1,0,3,79,4249,28183
GTAGCTAGTAAGCGCG-1,0,2,80,3744,28474
ACGCTTAGTGTCTCTC-1,0,3,81,4250,28764
TCCGGCCTGCATCGAT-1,0,2,82,3745,29055
TAGTGGAACTCATACA-1,0,3,83,4251,29345
ATCATCTGCCCAGTGT-1,0,2,84,3745,29636
GTTATTAAATACGACC-1,0,3,85,4251,29926
GCGCTAAGTATGCATG-1,0,2,86,3746,30217
CCTGACGCAACCTTTA-1,0,3,87,4252,30507
CCCAAGAATGCACGGT-1,0,2,88,3746,30798
AACTGGGTTCGAGCCG-1,0,3,89,4252,31088
GGTTCCACCCGCTTCT-1,0,2,90,3747,31379
CATGCACGTGTTACTG-1,0,3,91,4253,31669
AGCGTTCCGATTTAAA-1,0,2,92,3747,31960
CCTACGCGACCTTACA-1,0,3,93,4253,32250
CGAATTACATGGTGTT-1,0,2,94,3748,32541
GAGGTCTTAGTGGGTC-1,0,3,95,4254,32831
GCCGCTAGATACGCAG-1,0,2,96,3749,33122
GTCACCTGTCTATGTC-1,0,3,97,4254,33412
CCGATTGGTCAATGAA-1,0,2,98,3749,33703
CCTGTGCGGATTGTAA-1,0,3,99,4255,33993
TTACGTAGCGCGTGCT-1,0,2,100,3750,34284
GGAGGCGAAGAACCGC-1,0,3,101,4255,34575
GGGTCACGTGCTTATG-1,0,2,102,3750,34866
GCTCCGGACGTTGATA-1,0,3,103,4256,35156
ATGTTTGTAAGATCAT-1,0,2,104,3751,35447
TGACCCAGCATTCCCG-1,0,3,105,4257,35737
TGGTCGTTTGATAGAT-1,0,2,106,3751,36028
TGTAATGCCTTCGGAC-1,0,3,107,4257,36318
TGCTCACACAACAACC-1,0,2,108,3752,36609
TACGATCCAAGCCACT-1,0,3,109,4258,36899
TTGTAACTTCATAGCG-1,0,2,110,3752,37190
AGATTCAAGCGGGTCG-1,0,3,111,4258,37480
CTCAGCAGACTGCCGA-1,0,2,112,3753,37771
GTAACATCAGCTCATC-1,0,3,113,4259,38061
ATGGAACAGAATAAAC-1,0,2,114,3754,38352
GGGCCTATACAACCGG-1,0,3,115,4259,38642
TCAAACAATTAGGACA-1,0,2,116,3754,38933
AAACCACTACACAGAT-1,0,3,117,4260,39223
AAACGACAGTCTTGCC-1,0,2,118,3755,39514
TTGAGGGTCGAACGCG-1,0,3,119,4260,39804
TGTTGATCACTGTTTA-1,0,2,120,3755,40095
AGGGTGTGCTACACGC-1,0,3,121,4261,40385
GTAGTTAGACAATATA-1,0,2,122,3756,40676
AATGGCCGCCAATGCG-1,0,3,123,4262,40966
TCGGCGGTATTAGATT-1,0,2,124,3756,41257
GGGTCACTGAGTAGTG-1,0,3,125,4262,41547
GAATTATGCAACCTAC-1,0,2,126,3757,41838
GATCTTAGTGAACGTG-1,0,3,127,4263,42129
CTAATGCGCCCAACAA-1,0,4,0,4733,5230
GCCACCCATTCCACTT-1,0,5,1,5239,5520
TACTCACAACGTAGTA-1,0,4,2,4734,5811
GTTCGGTGTGGATTTA-1,0,5,3,5240,6101
TCTTTCGGCGGGACAC-1,0,4,4,4734,6392
GGAGACATTCACGGGC-1,0,5,5,5240,6682
GGGATTATCTCACAAC-1,0,4,6,4735,6973
TAGAACGCCAGTAACG-1,0,5,7,5241,7263
ACGAGTCGCCGGCGTT-1,0,4,8,4735,7554
TGATGGGACTAAGTCA-1,0,5,9,5241,7844
TGCGAGAAACGTTACG-1,0,4,10,4736,8135
TCGCCTCGACCTGTTG-1,0,5,11,5242,8425
AACTCGATAAACACGT-1,0,4,12,4737,8716
AGGAAAGCCTCTGATG-1,0,5,13,5242,9006
GAAGGACTAAATTGAA-1,0,4,14,4737,9297
GTATCGGGACGAGCTG-1,0,5,15,5243,9587
CCTGTGCATAGGAGAC-1,0,4,16,4738,9878
CATACGGGTGCATGAT-1,0,5,17,5243,10168
CCACTAAACTGAATCG-1,0,4,18,4738,10459
AAATTGCGGCGGTTCT-1,0,5,19,5244,10749
AGTCCAGCGGGTACGT-1,0,4,20,4739,11041
CATTCAGGTCAGTGCG-1,0,5,21,5245,11331
CTAAAGTCCGAAGCTA-1,0,4,22,4739,11622
AATCAGACTGCAGGAC-1,0,5,23,5245,11912
AGTATCCATAATAACG-1,0,4,24,4740,12203
CTGGCTGCTAACGTAA-1,0,5,25,5246,12493
GTTCCAAGACAGCGAC-1,0,4,26,4740,12784
AAGACTAACCCGTTGT-1,0,5,27,5246,13074
GATTAATCCTGGCTCA-1,0,4,28,4741,13365
CGCGCAAGGAACTACA-1,0,5,29,5247,13655
CAGTAGCGAGGTAGTA-1,0,4,30,4741,13946
ACGGCGGGTTGCCCTG-1,0,5,31,5247,14236
CTAGGCGGCAGAGAAT-1,0,4,32,4742,14527
GTGCGCAGCTTGCTCC-1,0,5,33,5248,14817
TCACTATCGTGCAATC-1,0,4,34,4743,15108
TATGATTCTGCTTGGT-1,0,5,35,5248,15398
TAAGATTTAGCGGGAG-1,0,4,36,4743,15689
TTACGGTGTCACCGAG-1,0,5,37,5249,15979
CTACACTAGCTTGTTC-1,0,4,38,4744,16270
TGAGCAGTCGTGAAGT-1,0,5,39,5249,16560
CGCTGAGGACGTCCAA-1,0,4,40,4744,16851
GTGTATGACTTTAAAG-1,0,5,41,5250,17141
CTAAACGGGTGTAATC-1,0,4,42,4745,17432
TGTACTGTGCCAAAGT-1,0,5,43,5251,17722
GGCCACAAGCGATGGC-1,0,4,44,4745,18013
GTCAATTGTACTGAAG-1,0,5,45,5251,18303
AGGGACAGCACGGCGG-1,0,4,46,4746,18594
AGCTTATAGAGACCTG-1,0,5,47,5252,18885
AACTAGCGTATCGCAC-1,0,4,48,4746,19176
AACTTTAGCTGCTGAG-1,0,5,49,5252,19466
CCCAAGACAGAGTATG-1,0,4,50,4747,19757
GGCATCAACGAGCACG-1,0,5,51,5253,20047
ATGCATTCCGTGATGG-1,0,4,52,4748,20338
TTATAGATGCACATTA-1,0,5,53,5253,20628
GAACCATCTGGGAGAC-1,0,4,54,4748,20919
TGCTATACAAACGGAC-1,0,5,55,5254,21209
ACTTGCCATATTGTAC-1,0,4,56,4749,21500
TATTCCGGCAGTCCTA-1,0,5,57,5254,21790
GACGGACCGCGTTCCT-1,0,4,58,4749,22081
ATGTGTAGTTTAGTCA-1,0,5,59,5255,22371
ATACCAGCAAATTGCT-1,0,4,60,4750,22662
AAGTTTACTAATGGCA-1,0,5,61,5256,22952
CTCTCGATGTGCGCCT-1,0,4,62,4750,23243
GATTGACACTCTGCTC-1,0,5,63,5256,23533
TATCACAGCACGGGCA-1,0,4,64,4751,23824
ACCGTTCCCGCTCTGA-1,0,5,65,5257,24114
CCGCCACCACAATCCA-1,0,4,66,4751,24405
CATTCACTGACAGCTA-1,0,5,67,5257,24695
CGGCTGCAAGATTAAG-1,0,4,68,4752,24986
CATGAACCTCTTATCA-1,0,5,69,5258,25276
TTAATGCGAGGTAACT-1,0,4,70,4752,25567
AATAAGTCCTCGAGAC-1,0,5,71,5258,25857
ACCAGCCCGGTCTTTG-1,0,4,72,4753,26148
CTACGAACTAGGTCGA-1,0,5,73,5259,26439
ACATCTCAACGCGTAA-1,0,4,74,4754,26730
CACTACTCAGTTCTGT-1,0,5,75,5259,27020
CCGACTCGCATAGTCT-1,0,4,76,4754,27311
CATTTATCGTTCAAGA-1,0,5,77,5260,27601
CAAACGTGGTCTTGCG-1,0,4,78,4755,27892
TAGAAACCACTAAGTA-1,0,5,79,5260,28182
ACTGATTTAGTGATTC-1,0,4,80,4755,28473
TCGTATTTCGTCCGGA-1,0,5,81,5261,28763
CGGAAATTTCACATCC-1,0,4,82,4756,29054
ATCCACGCTAAATGTT-1,0,5,83,5262,29344
GTTCAATCTATGTCAA-1,0,4,84,4756,29635
ATAAAGGTCAAGTACG-1,0,5,85,5262,29925
CAACTCCAACGTTTAG-1,0,4,86,4757,30216
TAGGAACAGCCTCCAG-1,0,5,87,5263,30506
ATGGGAACGGAAGCGG-1,0,4,88,4757,30797
CACACGTTTCAATGGG-1,0,5,89,5263,31087
GGTGTTCTGTTTCTAC-1,0,4,90,4758,31378
AGTAACGTTCATCCTG-1,0,5,91,5264,31668
GTATAGTGGCCCATGT-1,0,4,92,4759,31959
TCTACACGTTCATGCA-1,0,5,93,5264,32249
AATCTGGGTAGACCCT-1,0,4,94,4759,32540
TCGGTTAGCCATGTAG-1,0,5,95,5265,32830
TGCCATGGCTTATAAG-1,0,4,96,4760,33121
TAAGTAAATGTGCCGC-1,0,5,97,5265,33411
GTGTCCGATAAGGCAT-1,0,4,98,4760,33702
TGGCACGAGCTCGAGT-1,0,5,99,5266,33993
ACCGGTCTGAGTACGG-1,0,4,100,4761,34284
GAACTTAGCGCCCGGT-1,0,5,101,5267,34574
AGTAGCTAGACGCCGA-1,0,4,102,4761,34865
ATAGGAATCTAAGCTT-1,0,5,103,5267,35155
CTTCCTGCATATTTAC-1,0,4,104,4762,35446
CAATATGTAGATTTAC-1,0,5,105,5268,35736
ACAAGGCCTACCAGCC-1,0,4,106,4762,36027
TTATAGTCCAAGGTGC-1,0,5,107,5268,36317
AAACGCCCGAGATCGG-1,0,4,108,4763,36608
CCTCGTTACGCCTGTT-1,0,5,109,5269,36898
GAACGGTGTAAAGCAG-1,0,4,110,4763,37189
ACGCATAAATGACATG-1,0,5,111,5269,37479
GGTTCGATGCTGAGTT-1,0,4,112,4764,37770
CTTTGGCAGACAGAGT-1,0,5,113,5270,38060
TTCGTGGGCTGGAAGC-1,0,4,114,4765,38351
CAAAGGTTAAATTCAG-1,0,5,115,5270,38641
GTTTGGCGTCAGGCAC-1,0,4,116,4765,38932
GCTTTCTATCTCAACT-1,0,5,117,5271,39222
TGCATCTCCGGATCTT-1,0,4,118,4766,39513
CTGAAACGGCCCTCAG-1,0,5,119,5271,39803
TAGCAGTAAATACGCG-1,0,4,120,4766,40094
CGGGCTACTTAAATTG-1,0,5,121,5272,40384
ATTATGCTCAGTATTG-1,0,4,122,4767,40675
TGATGCTCACGTAGTC-1,0,5,123,5273,40965
GTCTAAGATGCCCAGC-1,0,4,124,4767,41256
AACCCGATAGGGCTTC-1,0,5,125,5273,41546
CGCTATCGTGGCTTTA-1,0,4,126,4768,41837
CGTCTCTCGCCGAGGC-1,0,5,127,5274,42128
AGTGGGAGTATACACG-1,0,6,0,5744,5229
GGTCTTGGTGTTAACT-1,0,7,1,6250,5519
GGCTGGCAGCTTTATG-1,0,6,2,5745,5810
CGCCAATTATTGCGTT-1,0,7,3,6251,6100
GGTAACCGGCAAAGGT-1,0,6,4,5745,6391
TGGGACCATTGGGAGT-1,0,7,5,6251,6681
CTGCAGGTGCTCGGCC-1,0,6,6,5746,6972
CCGGTGCGAGTGATAG-1,0,7,7,6252,7262
GGGTACACTCTGGAGG-1,0,6,8,5746,7553
TAGCCAGAGGGTCCGG-1,0,7,9,6252,7843
CTTGTGAGGACAGCGG-1,0,6,10,5747,8134
GAAGGGCATAACCATG-1,0,7,11,6253,8424
CAACATGGCCTGATAA-1,0,6,12,5748,8715
CAATTTGACCGGGAAG-1,0,7,13,6253,9005
TCTGACTGTAATGGTT-1,0,6,14,5748,9296
TTCATAGCCTTGTAAC-1,0,7,15,6254,9586
TGGAAACGGAGTGAAC-1,0,6,16,5749,9877
ATCGCACGATTGTTCA-1,0,7,17,6254,10167
CGCCACCCGCATTAAC-1,0,6,18,5749,10458
TGGACCACGGCGTTGA-1,0,7,19,6255,10749
GTATATGTTACGGCGG-1,0,6,20,5750,11040
GTATTCTTACCGTGCT-1,0,7,21,6256,11330
TTCAGAGTAACCTGAC-1,0,6,22,5750,11621
GCGGTAACCCAAATGA-1,0,7,23,6256,11911
CTACGTGTTGCCACCA-1,0,6,24,5751,12202
CTAGATAAACTCCTCG-1,0,7,25,6257,12492
TCCATTAGTTGGATAG-1,0,6,26,5751,12783
CTGGCTCCTGCGGGAT-1,0,7,27,6257,13073
CAGTCTCTCGGCTAAT-1,0,6,28,5752,13364
GTATGACGTGGGAAAC-1,0,7,29,6258,13654
AGTCACTCCGCCTCAT-1,0,6,30,5753,13945
GCAGCGGTGGGCATTA-1,0,7,31,6258,14235
TATGGAGTTTCTCGTT-1,0,6,32,5753,14526
ACTCAACGAATGTATT-1,0,7,33,6259,14816
AACACGCGGCCGCGAA-1,0,6,34,5754,15107
CGATATTAGCCGCAGG-1,0,7,35,6259,15397
AGCGTCTGAACCCGCA-1,0,6,36,5754,15688
GATGTCCGGATCACAT-1,0,7,37,6260,15978
GGTCACGTTAGATTCA-1,0,6,38,5755,16269
TTAAGGATACGGAGGT-1,0,7,39,6261,16559
GTGCGGGACCATCGGC-1,0,6,40,5755,16850
CCATCTTGTTCACAAT-1,0,7,41,6261,17140
TCCGAGAAGGCTAAGC-1,0,6,42,5756,17431
TGGCGGTGTGCGATTG-1,0,7,43,6262,17721
ATCCTGCTGCAGATAG-1,0,6,44,5756,18012
TTATGCGTCCCGGTCC-1,0,7,45,6262,18303
CATAATGAGCGGGCGA-1,0,6,46,5757,18594
AGACATAGATCCTTCC-1,0,7,47,6263,18884
GGTGAAACCGGGAATG-1,0,6,48,5757,19175
AACTGGTGTGGGCCTT-1,0,7,49,6263,19465
GTAGCGCTGTTGTAGT-1,0,6,50,5758,19756
TTGTTTGTGTAAATTC-1,0,7,51,6264,20046
GGATCAAAGGACGAGG-1,0,6,52,5759,20337
CGTAGCGCCGACGTTG-1,0,7,53,6264,20627
CAAGTGAACTTTGGTT-1,0,6,54,5759,20918
GTAGACAACCGATGAA-1,0,7,55,6265,21208
CAATGGTCGGCCTGGG-1,0,6,56,5760,21499
ACAGATTAGGTTAGTG-1,0,7,57,6265,21789
GTTATCACCTTCTGAA-1,0,6,58,5760,22080
TGGTATCGGTCTGTAT-1,0,7,59,6266,22370
GGAATAACCTCAAGAA-1,0,6,60,5761,22661
ATTATCTCGACAGATC-1,0,7,61,6267,22951
CCGAGGGATGTTAGGC-1,0,6,62,5761,23242
TGAGATCAAATACTCA-1,0,7,63,6267,23532
AAACGAAGAACATACC-1,0,6,64,5762,23823
CTGGTCCTAACTTGGC-1,0,7,65,6268,24113
TGCACGAGTCGGCAGC-1,0,6,66,5762,24404
ATAGTCTTTGACGTGC-1,0,7,67,6268,24694
TGGAGCTAAAGTTCCC-1,0,6,68,5763,24985
GGGTGGTCCAGCCTGT-1,0,7,69,6269,25275
CATGCATGGAGACCCT-1,0,6,70,5764,25566
ACACGGCACTATGCAT-1,0,7,71,6269,25856
CCCTGGTATGGGCGGC-1,0,6,72,5764,26148
GGAGGATTGAAAGGAG-1,0,7,73,6270,26438
CCGCTGGTGCCATTCA-1,0,6,74,5765,26729
GTTAGAGTGTGCCGCT-1,0,7,75,6270,27019
TCGGAATGACCATCAA-1,0,6,76,5765,27310
TTCAATTAGCCATAAT-1,0,7,77,6271,27600
GATGTGTTGTCACAAG-1,0,6,78,5766,27891
TCTTTCTCTTAAGGAG-1,0,7,79,6272,28181
ACCCTTTAGTTCTCCA-1,0,6,80,5766,28472
ACCACAACTCAGAACA-1,0,7,81,6272,28762
TATGATAAATCTAACG-1,0,6,82,5767,29053
GATCCTCTTGCGCTTA-1,0,7,83,6273,29343
TTCTACCTTTATGTTG-1,0,6,84,5767,29634
GAAATACCTGCTGGCT-1,0,7,85,6273,29924
ATTCTGAGTATGAACT-1,0,6,86,5768,30215
GGATTAAGCTAAGGTC-1,0,7,87,6274,30505
AGTACGTGGCCTGTCT-1,0,6,88,5768,30796
TCAGGGTGCACGAAAC-1,0,7,89,6274,31086
AAATTTACCGAAATCC-1,0,6,90,5769,31377
TTGAGGCATTTAACTC-1,0,7,91,6275,31667
AACCAGTATCACTCTT-1,0,6,92,5770,31958
CACCGGAGATATCTCC-1,0,7,93,6275,32248
GACTGGGCGCCGCAAC-1,0,6,94,5770,32539
CACGTCTATGATGTGG-1,0,7,95,6276,32829
TTAAGACGAACGAACC-1,0,6,96,5771,33120
TGACCAGCTTCAAAGT-1,0,7,97,6277,33410
AGAGTTAGAGACCGAT-1,0,6,98,5771,33701
TTCGGACTGATGCCTT-1,0,7,99,6277,33992
CTCGAATGGAACGTAT-1,0,6,100,5772,34283
GGACGGCTTGCGCAAC-1,0,7,101,6278,34573
CTAAGTACAGGGCTAC-1,0,6,102,5772,34864
ACAAATTCAGATCTGA-1,0,7,103,6278,35154
CATGGAAATGGGACCA-1,0,6,104,5773,35445
GGTGGACCACGTGTTA-1,0,7,105,6279,35735
CACGACGTAATAGTAA-1,0,6,106,5773,36026
CGGGTTCGGCACGTAT-1,0,7,107,6279,36316
CTGGGCTATCCTTTGG-1,0,6,108,5774,36607
GTATTAGGGTTCGCGT-1,0,7,109,6280,36897
TCATTCGTATAATTTG-1,0,6,110,5775,37188
AATAGCAAGCCTCCTG-1,0,7,111,6280,37478
CATCTACCCGAGAACG-1,0,6,112,5775,37769
GCTTCAGTGGGATTAC-1,0,7,113,6281,38059
TCTGTGATGGAGGTTG-1,0,6,114,5776,38350
ATCCACTTTCAGACTA-1,0,7,115,6281,38640
ATGGTTACGAAACATG-1,0,6,116,5776,38931
GGCCCAATCTAGAGGG-1,0,7,117,6282,39221
GATGGTGAAATAACCC-1,0,6,118,5777,39512
AGAGGGACAATTGTCC-1,0,7,119,6283,39802
CGCGTACATTCTGGAA-1,0,6,120,5777,40093
CAAGAAACCCTAAACT-1,0,7,121,6283,40383
TTGGTGCGGTGTTGAA-1,0,6,122,5778,40674
GGTTCCCTAGTGTCTC-1,0,7,123,6284,40964
CGATAACCAATTTGAG-1,0,6,124,5778,41255
GCCCACTGGTCCACAA-1,0,7,125,6284,41546
GAGGGCCGGCAGAGTC-1,0,6,126,5779,41837
CGACACGGATGCCCAC-1,0,7,127,6285,42127
CTGTCTGTGGCTGGCT-1,0,8,0,6755,5228
ATATTATCCCGTATTT-1,0,9,1,7261,5518
GCGCTGGCGGAAAGTC-1,0,8,2,6756,5809
ATCTAACGTCCCTATG-1,0,9,3,7262,6099
GTCAGACAGCGTTGGA-1,0,8,4,6756,6390
GCCAGGCTTAGTGGTA-1,0,9,5,7262,6680
ATTCAAAGTACCTGTT-1,0,8,6,6757,6971
TGGACGTAGGCGAATC-1,0,9,7,7263,7261
ACACATTGACGCAACA-1,0,8,8,6758,7552
GATATCAGTATGTATC-1,0,9,9,7263,7842
TGGGCCTTGCCTGCAT-1,0,8,10,6758,8133
CAAAGTCAGGTTAGCT-1,0,9,11,7264,8423
GGATCCCTACCAGCTA-1,0,8,12,6759,8714
ATCGTCCAATCGAGTC-1,0,9,13,7264,9004
ACATGGCTCAATTTAG-1,0,8,14,6759,9295
AGGCCCAGTGACTGGT-1,0,9,15,7265,9585
GCTTCCAGCTTAGATT-1,0,8,16,6760,9876
TGCTTGAAACCATGCA-1,0,9,17,7266,10167
CAATATTGGACTAGTG-1,0,8,18,6760,10458
CGTGCTGGCCTAGTCG-1,0,9,19,7266,10748
CCTGCGATAGAACTGT-1,0,8,20,6761,11039
GGGTAATGCTGTGTTT-1,0,9,21,7267,11329
AACGCGAACGGCAACA-1,0,8,22,6761,11620
TGTCGGCATGGTGGAA-1,0,9,23,7267,11910
AGCGTACGAGAGCTAG-1,0,8,24,6762,12201
ATACTCTCGCCACTCT-1,0,9,25,7268,12491
AATCCATGCAAGGGTG-1,0,8,26,6762,12782
TTAAACAGAGTCCCGC-1,0,9,27,7268,13072
CCACAGCTGAAATCAT-1,0,8,28,6763,13363
CGGTTCCGGCTTCTTG-1,0,9,29,7269,13653
GACGTGAGACTCCATG-1,0,8,30,6764,13944
TCGTTGGCTCGTCAAT-1,0,9,31,7269,14234
GGTGAACGGGCTAGCC-1,0,8,32,6764,14525
GCACTGTGCAAATGTA-1,0,9,33,7270,14815
ACGAGAACCCATCACG-1,0,8,34,6765,15106
CCAGCTACGCCTCATA-1,0,9,35,7271,15396
TCCCGGTCAGGAATTT-1,0,8,36,6765,15687
TCGCATTCAATGACTT-1,0,9,37,7271,15977
CTGGTTCAACGCATCA-1,0,8,38,6766,16268
GGTGATTTCATCTTGT-1,0,9,39,7272,16558
CACCCTTTCCTCGCTC-1,0,8,40,6766,16849
CAACTTGTAGTGGGCA-1,0,9,41,7272,17139
AATATCAAGGTCGGAT-1,0,8,42,6767,17430
ACTCAGACCTGCTTCT-1,0,9,43,7273,17720
TTGGAGTCTCCCTTCT-1,0,8,44,6767,18011
GGATACTCATGAATTG-1,0,9,45,7273,18302
TGGGCACAAACAGAAC-1,0,8,46,6768,18593
GAGCCACGGTAGTAGG-1,0,9,47,7274,18883
TCGATAGGCTAGTCGC-1,0,8,48,6769,19174
TAACCGCCCGCAGTGC-1,0,9,49,7274,19464
GCCTATTTGCTACACA-1,0,8,50,6769,19755
TTGACGATTCAGCACG-1,0,9,51,7275,20045
TTAAACCGGTAGCGAC-1,0,8,52,6770,20336
ACCGAAAGGGCCCTGC-1,0,9,53,7275,20626
ACGTTCCGCGCTCCGT-1,0,8,54,6770,20917
ATACCAGGCTAATAGA-1,0,9,55,7276,21207
CGGCTTTGTATGATAA-1,0,8,56,6771,21498
CTTGACCCGAAAGATA-1,0,9,57,7277,21788
CGCAGAAACATTTGCG-1,0,8,58,6771,22079
GACCCGTCGCCGGCTA-1,0,9,59,7277,22369
AATCGGGACACTACGA-1,0,8,60,6772,22660
GTCACAAAGTTTCCAA-1,0,9,61,7278,22950
TATATTCGCGTCGATA-1,0,8,62,6772,23241
CCTCCCGACAATCCCT-1,0,9,63,7278,23531
CGACATGCGATCTTCT-1,0,8,64,6773,23822
AACACGACTGTACTGA-1,0,9,65,7279,24112
CCCAACCACACTAACA-1,0,8,66,6774,24403
CACCGCCGACCAGCGA-1,0,9,67,7279,24693
TGGTATCGCATCCCAA-1,0,8,68,6774,24984
CAGAGTGATTTAACGT-1,0,9,69,7280,25274
AACCCTGGTGGAACCA-1,0,8,70,6775,25565
GTCAGTTGTGCTCGTT-1,0,9,71,7280,25856
ATTGACGTAACTCGGT-1,0,8,72,6775,26147
GATGTCGGTCAACTGC-1,0,9,73,7281,26437
AGGGCAGCGGCGTGGT-1,0,8,74,6776,26728
ACATCGTTAACCTAGT-1,0,9,75,7282,27018
TCCATTGTGACCTCGT-1,0,8,76,6776,27309
TGTTTAATACTTCATC-1,0,9,77,7282,27599
TTGCTGGCCGGGCTTC-1,0,8,78,6777,27890
CATATTATTTGCCCTA-1,0,9,79,7283,28180
CTGCCTAGCCACCAAG-1,0,8,80,6777,28471
ACGAGATATTTGCTTA-1,0,9,81,7283,28761
GACTACAATTGCTCGT-1,0,8,82,6778,29052
AACGTGATGAAGGACA-1,0,9,83,7284,29342
ACTCTCTTATACACGA-1,0,8,84,6778,29633
CGCATCATGGCTTCAG-1,0,9,85,7284,29923
CGGCTCTTCGTCGAAC-1,0,8,86,6779,30214
ATTCTTCGTACTTATG-1,0,9,87,7285,30504
AGTGAGGGTTTCTGAC-1,1,8,88,6780,30795
GCCAGGCGTTCGCATG-1,1,9,89,7285,31085
GACTAACACAGCACCT-1,1,8,90,6780,31376
CAATGGAATCTACATA-1,0,9,91,7286,31666
GTGGTCAGCGAAGTAT-1,1,8,92,6781,31957
ATGGCTGGAAATGGCC-1,1,9,93,7286,32247
ATCAGGTCGCCATTGC-1,0,8,94,6781,32538
TATCACCATGTAAAGT-1,1,9,95,7287,32828
AGCGCTTATGGGCAAG-1,1,8,96,6782,33119
AAGCGGCGTCATGGGT-1,0,9,97,7288,33410
ACTAATACGTCAGGCG-1,0,8,98,6782,33701
GGCTGAGCATCGTAAG-1,0,9,99,7288,33991
CGGTTGGGTTCAAGTT-1,0,8,100,6783,34282
GACTGATTGGTCACAA-1,0,9,101,7289,34572
AGACGGGCCGATTTAA-1,0,8,102,6783,34863
ACCAGTGCCCGGTCAA-1,0,9,103,7289,35153
GTCCTTTAATGACTTC-1,0,8,104,6784,35444
CCTACAAGTCCGGAAT-1,0,9,105,7290,35734
GCCTGCTACACTGAGA-1,0,8,106,6785,36025
GACTCGGTCGGCGGAT-1,0,9,107,7290,36315
CTAGACATATATGTAG-1,0,8,108,6785,36606
TCGCCCAACTGACTCC-1,0,9,109,7291,36896
AAACTAACGTGGCGAC-1,0,8,110,6786,37187
AACTGAGGTCAGCGTC-1,0,9,111,7291,37477
ACAATGATTCTTCTAC-1,0,8,112,6786,37768
ATAAGTACCCGATTGT-1,0,9,113,7292,38058
ATTGGGAGTTCTGTAA-1,0,8,114,6787,38349
CGAACATAGTCAGAAA-1,0,9,115,7293,38639
TAGCTCAGATCCTAGT-1,0,8,116,6787,38930
GTGTCGTATTCACCTT-1,0,9,117,7293,39220
CTCACCGATCCAAACT-1,0,8,118,6788,39511
ATATGTGCACAAACCA-1,0,9,119,7294,39801
CAGTCCAACGCCTTCT-1,0,8,120,6788,40092
TCGTCCGGGTACACTC-1,0,9,121,7294,40382
GCAGAAACGTAATCCA-1,0,8,122,6789,40673
TTCGAGCCGGCGCTAC-1,0,9,123,7295,40963
GGAAGATAAGACTGTA-1,0,8,124,6789,41255
ATAAGCAAACACCGAG-1,0,9,125,7295,41545
GCATAAATTGAACGCC-1,0,8,126,6790,41836
CGCCGGTGTCGCAGTA-1,0,9,127,7296,42126
GACCTGGTCTGGGCGT-1,0,10,0,7766,5227
AGCCGCTTGATTAGCG-1,0,11,1,8272,5517
CCCGGCTAGGTGAGAA-1,0,10,2,7767,5808
CGAGCCGAGCACTCGA-1,0,11,3,8273,6098
TAGTGCTTGAATCCTT-1,0,10,4,7768,6389
CAACCGCACCTAGACA-1,0,11,5,8273,6679
ACCACTGTTCAAGAAG-1,0,10,6,7768,6970
AGATGCTATAACGAGC-1,0,11,7,8274,7260
AATTACTCGTACGCTC-1,0,10,8,7769,7551
CGTCAATCTTTAACAT-1,0,11,9,8274,7841
CCAAAGCAGTTGGTTG-1,0,10,10,7769,8132
CCATATTGGATCATGA-1,0,11,11,8275,8422
CGTACCGAAAGTCTAG-1,0,10,12,7770,8713
CTCGAGATCCAAAGCA-1,0,11,13,8276,9003
TGGATAGAGTAACAGA-1,0,10,14,7770,9294
TCACAGATCCTCAAAC-1,0,11,15,8276,9584
AGAGCTACGAAAGCAT-1,0,10,16,7771,9875
TGCGTGATTGGGTGTC-1,0,11,17,8277,10166
CACATGTTTGGACATG-1,0,10,18,7771,10457
TTCGCATCCGGAAGCA-1,0,11,19,8277,10747
CCCTAGTGTCAGGTGT-1,0,10,20,7772,11038
TTACCGCCTTAGGGAA-1,0,11,21,8278,11328
CCAGTCCATTATTCGA-1,0,10,22,7772,11619
CGTAAACGCTTGAGTG-1,0,11,23,8278,11909
ATTCCTTCCAGGCGGT-1,0,10,24,7773,12200
TTCCTTTCTGTGTTGC-1,0,11,25,8279,12490
AGTTGACATCGGCTGG-1,0,10,26,7774,12781
AACTCGATGGCGCAGT-1,0,11,27,8279,13071
GATAAGGCAGATGCAA-1,0,10,28,7774,13362
GGCTGGCTAGCTTAAA-1,0,11,29,8280,13652
CCTCATGCAGCTACGA-1,0,10,30,7775,13943
GACGCCTGTTGCAGGG-1,0,11,31,8280,14233
TAATTAGATGGATATG-1,0,10,32,7775,14524
GAGGGCATCGCGTATC-1,0,11,33,8281,14814
CTTGTGAGTCTTTGAC-1,0,10,34,7776,15105
TCAACACATTGGGTAA-1,0,11,35,8282,15395
ACTGTATACGCGAGCA-1,0,10,36,7776,15686
GTGAAACGTGCTCCAC-1,0,11,37,8282,15976
CGAGTGCTATAGTTCG-1,0,10,38,7777,16267
GTACTGCATGAAGCGT-1,0,11,39,8283,16557
GTAACTTGCGGCAGTC-1,0,10,40,7777,16848
GAATCGCCGGACACGG-1,0,11,41,8283,17138
GGGAGTAATGGCTGGC-1,0,10,42,7778,17429
CATGAACCGACATTTG-1,0,11,43,8284,17720
TCTGTCATACAAGAGC-1,0,10,44,7779,18011
GTCGTCAATTATAAGG-1,0,11,45,8284,18301
TAAAGAGCCCGAAACC-1,0,10,46,7779,18592
GTACTGAGGTCGTAAC-1,0,11,47,8285,18882
AAAGACCCAAGTCGCG-1,0,10,48,7780,19173
CGTCAGTGCGCACAAG-1,0,11,49,8285,19463
TGTATCCTTATTCCAT-1,0,10,50,7780,19754
ATTCTCGTCTCTTTAG-1,0,11,51,8286,20044
AAAGTCACTGATGTAA-1,0,10,52,7781,20335
TGTCTACAGTTTCTGT-1,0,11,53,8287,20625
TTAACGTCGCAAGACC-1,0,10,54,7781,20916
CTATGTCTATTGAAAC-1,0,11,55,8287,21206
TCGGGTGAAACTGCTA-1,0,10,56,7782,21497
TGTCCCGACATAGCAC-1,0,11,57,8288,21787
ACAGCATAGAGCCAGT-1,0,10,58,7782,22078
ATATTCCCACAGGTCA-1,0,11,59,8288,22368
TTGGATCGACTTCTGG-1,0,10,60,7783,22659
CACCATCGGAGGAGAC-1,0,11,61,8289,22949
TCGTTCGTTATTATGT-1,0,10,62,7783,23240
CTTAACTTCGAAGTAC-1,0,11,63,8289,23530
GCACAAGTGTCGGAAG-1,0,10,64,7784,23821
TACCAGCTAGGTTTAA-1,0,11,65,8290,24111
ACGTACAGATTTCTCT-1,0,10,66,7785,24402
AATTTGGTTCCAAAGA-1,0,11,67,8290,24692
GTAAGGATTTGTCGGA-1,0,10,68,7785,24983
CATCATCTACCCGGAC-1,0,11,69,8291,25274
ACGATGGATCCGATGC-1,0,10,70,7786,25565
CACTCAGCTCTTGAGG-1,0,11,71,8291,25855
TAGATCCGAAGTCGCA-1,0,10,72,7786,26146
TGAAACTTATGCAAGC-1,0,11,73,8292,26436
GCGATTCTGGAAGCAG-1,0,10,74,7787,26727
CAAACTATTGAGCTTC-1,0,11,75,8293,27017
TAGAATTAAGGGCAAC-1,0,10,76,7787,27308
CGAAACATAGATGGCA-1,0,11,77,8293,27598
GATGGTGCCCTAGGCA-1,0,10,78,7788,27889
CCCGCAGGGCCCAAAG-1,0,11,79,8294,28179
ACAGCGCACCCGCAGC-1,0,10,80,7788,28470
GGTAAATGTGCGTTAC-1,0,11,81,8294,28760
GTCCTTCTAGTGGGTT-1,0,10,82,7789,29051
GGAAGCTCGCTTACAG-1,0,11,83,8295,29341
CACCGATACACCGAGC-1,0,10,84,7790,29632
CAGCCGGGCCCTCTAT-1,0,11,85,8295,29922
CGGAGCTTATAACACC-1,0,10,86,7790,30213
ATTACAACTACCGGCC-1,0,11,87,8296,30503
TCCTCTGGCCCATTAG-1,0,10,88,7791,30794
CGGCACCGTTAGCGCC-1,0,11,89,8296,31084
TCGGTCCCTGACTCCA-1,0,10,90,7791,31375
TGGTTGGAGGATCCTG-1,0,11,91,8297,31665
CTGCGGTAGTCACGTG-1,0,10,92,7792,31956
GTGCCTCAGTGTACGG-1,0,11,93,8298,32246
ATCGTTCACTTTCGCC-1,0,10,94,7792,32537
ACTTACCGGGCGCGCA-1,1,11,95,8298,32827
CTAGACTGCATTTCGT-1,1,10,96,7793,33118
TTGCCGGTGATCCCTC-1,1,11,97,8299,33409
CTGTCACGCCAGGCGC-1,1,10,98,7793,33700
CGGTATAGGTATTAGC-1,1,11,99,8299,33990
CCAACGCTTGCCAGGG-1,0,10,100,7794,34281
CGTTGAGTAATTGCGT-1,1,11,101,8300,34571
TGTATTTACCTAATGC-1,1,10,102,7794,34862
TAAATGCCGTCTCATG-1,0,11,103,8300,35152
CGGTTTATGAAGGAAC-1,0,10,104,7795,35443
GCAAGATGTGTTCGCG-1,0,11,105,8301,35733
AAAGGTAAGCTGTACC-1,0,10,106,7796,36024
GTACGTCACGTATTAA-1,0,11,107,8301,36314
AGTACCTTCGAGTGCT-1,0,10,108,7796,36605
ATTGTGACTTCGCTGC-1,0,11,109,8302,36895
TGTATCAGACTGAAGC-1,0,10,110,7797,37186
GAGACCCTGCAACGCC-1,0,11,111,8303,37476
TGGGTGGGATGTCATT-1,0,10,112,7797,37767
GGCTAATGATTGAAAT-1,0,11,113,8303,38057
ATAACGTTACCTCCAC-1,0,10,114,7798,38348
TGCGAGATGGCGGCCA-1,0,11,115,8304,38638
CACACTTGTATTGCGA-1,0,10,116,7798,38929
GCTGGTGACTCGTAGT-1,0,11,117,8304,39219
CGACACCGCTTAAGGA-1,0,10,118,7799,39510
GTAACAACTGACCTTG-1,0,11,119,8305,39800
CAACTGAGGGTATGAC-1,0,10,120,7799,40091
CTAATTATGAAGCGTA-1,0,11,121,8305,40381
CCGATCTTAAGAGGCT-1,0,10,122,7800,40672
CGACTCGGTACACGGT-1,0,11,123,8306,40963
TGCTGCGTCAGAGTTA-1,0,10,124,7801,41254
AGAGTTGCAGGCCTCC-1,0,11,125,8306,41544
ACTGGCGAACCTGCGT-1,0,10,126,7801,41835
ACTAAGGACGCACACC-1,0,11,127,8307,42125
CGTCCAGATGGCTCCA-1,0,12,0,8777,5226
ACTATCGCCGGCTAAA-1,0,13,1,9283,5516
GATAGCGTACCACGCG-1,0,12,2,8778,5807
AGGACTTATAGGAGAA-1,0,13,3,9284,6097
TAGTCGGGATTCTTCG-1,0,12,4,8779,6388
ACCATTAAGGGTGTCA-1,0,13,5,9284,6678
TTAATGTGTTTGCAGG-1,0,12,6,8779,6969
TCCGCAGCCACCTAGC-1,0,13,7,9285,7259
GAGGAGATCCTCATGC-1,0,12,8,8780,7550
GGTCCTTCATACGACT-1,0,13,9,9285,7840
CCCTGTTGGCAAAGAC-1,0,12,10,8780,8131
GTGCCTAGCTATGCTT-1,0,13,11,9286,8421
GTCATCTCCTACAGCT-1,0,12,12,8781,8712
GCGAGAAACGGGAGTT-1,0,13,13,9287,9002
CGTCGCGGCGGGATTT-1,0,12,14,8781,9293
CATTGTGTGCTAGATC-1,0,13,15,9287,9584
CGCGGCAGTATTACGG-1,0,12,16,8782,9875
GAAATGGGATGTAAAC-1,0,13,17,9288,10165
CATTCCCTAAGTACAA-1,0,12,18,8782,10456
AGTTCTGCGTTGTATC-1,0,13,19,9288,10746
ACCCTATAGGACTGAG-1,0,12,20,8783,11037
TTAGATAGGTCGATAC-1,0,13,21,9289,11327
ATTGATAGCAACGAGA-1,0,12,22,8784,11618
TCTCGGCTCCAGGACT-1,0,13,23,9289,11908
CTTGAGGTTATCCCGA-1,0,12,24,8784,12199
AAGAAGGATCAGTTAG-1,0,13,25,9290,12489
GTACGACGGCGCTGCG-1,0,12,26,8785,12780
CTTATGTTGACTACCA-1,0,13,27,9290,13070
CGGCACTCAAGAAAGT-1,0,12,28,8785,13361
GTCAAAGTTTACATAG-1,0,13,29,9291,13651
CTCCTAAGTTATGTCT-1,0,12,30,8786,13942
ACTGTGCTAGTAGATC-1,0,13,31,9292,14232
GTTTGGCCGCTCAGCG-1,0,12,32,8786,14523
TTATCCAATCGAACTC-1,0,13,33,9292,14813
CCGTACCCAAGCGCCA-1,0,12,34,8787,15104
CATACAAAGCCGAACC-1,0,13,35,9293,15394
GGTCGGTAATTAGACA-1,0,12,36,8787,15685
AGCGGGAAGGGTCCAT-1,0,13,37,9293,15975
GCCCACCAAGGCTGTC-1,0,12,38,8788,16266
GTAGACGTCGTTACAT-1,0,13,39,9294,16556
GAGCATCATCCCTGGG-1,0,12,40,8788,16847
AGGTAACCTCCTATTC-1,0,13,41,9294,17137
GGTTTGAGTGCTGGAA-1,0,12,42,8789,17429
GCACTAGTCGCGCTAT-1,0,13,43,9295,17719
GGTAACTATGTATCTG-1,0,12,44,8790,18010
GCGGTCCCTAGACGCA-1,0,13,45,9295,18300
CGAGCGTTGATCAGCC-1,0,12,46,8790,18591
AATCCAAGGGCCTGAG-1,0,13,47,9296,18881
CCGTGCCCATGACGGC-1,0,12,48,8791,19172
GAAATTCACATCGCTG-1,0,13,49,9297,19462
CTCTGCGAAGCAAGCA-1,0,12,50,8791,19753
AGTAGGTAACATACAT-1,0,13,51,9297,20043
ATTGGGAATATCTTGG-1,0,12,52,8792,20334
TAGAGCTACGAAGAAC-1,0,13,53,9298,20624
TGCGGCATAGTTCAAC-1,0,12,54,8792,20915
CCGCCGGTCAACACAC-1,0,13,55,9298,21205
TCGTATAGTGCAATTA-1,0,12,56,8793,21496
TAGTTTATTCTTGCTT-1,0,13,57,9299,21786
GATATCTCATGCAATA-1,0,12,58,8793,22077
CGTTTAAGCGGAGCAC-1,0,13,59,9299,22367
CATGCTGGCTCCAATT-1,0,12,60,8794,22658
GAAACAGCCATGCAGT-1,0,13,61,9300,22948
AGTTTCGCAGGTCGGA-1,0,12,62,8795,23239
CTCATGGCTCACAATC-1,0,13,63,9300,23529
AACCGTTGTGTTTGCT-1,0,12,64,8795,23820
ACCCTTCATCTGCGAA-1,0,13,65,9301,24110
TGCGGTGAAATTTCAT-1,0,12,66,8796,24401
CAAATTGTCAGCAAGC-1,0,13,67,9301,24691
GAGGTACATCCATCTT-1,0,12,68,8796,24982
AAATGGCATGTCTTGT-1,0,13,69,9302,25273
TCATCCCAGAGGGTGG-1,0,12,70,8797,25564
CGTAGCGAATTGTCAG-1,0,13,71,9303,25854
CCTAGTTAGTCGCATG-1,0,12,72,8797,26145
GAAACTCTAATGAAGG-1,0,13,73,9303,26435
TTGTATCACACAGAAT-1,0,12,74,8798,26726
TTCAAGCCGAGCTGAG-1,0,13,75,9304,27016
AGGTACGATATTGCCA-1,0,12,76,8798,27307
TTAAGCCGACAACTTC-1,0,13,77,9304,27597
GTCTTAGTACAGCCGG-1,0,12,78,8799,27888
TGGGTAAGGTTCCCGC-1,0,13,79,9305,28178
CTACGCCATTTCCGAT-1,0,12,80,8800,28469
GACCGTCAGGTCGTGA-1,0,13,81,9305,28759
TAGTTAAGATAGGATA-1,0,12,82,8800,29050
GAATATTCGGAGTCCC-1,0,13,83,9306,29340
CAAACTACGATAGAGA-1,0,12,84,8801,29631
CAGGAAGACTTTATAT-1,0,13,85,9306,29921
TTCGTAATCCCAGCGG-1,0,12,86,8801,30212
GTGAGGAGCGGTTGAG-1,0,13,87,9307,30502
CAATCCCTATACCAGC-1,0,12,88,8802,30793
AGGGAAACGAGGTACT-1,0,13,89,9308,31083
TCCTGCCAACTGGAGA-1,0,12,90,8802,31374
AATTTGGGACATAGTA-1,0,13,91,9308,31664
AACTCCTAATCCCATG-1,0,12,92,8803,31955
GCTCATTACTGCATGT-1,0,13,93,9309,32245
TCTCGAACGAGGTCAC-1,1,12,94,8803,32536
TCACTACGACCAATGC-1,1,13,95,9309,32827
GTGATGCACAACATCT-1,1,12,96,8804,33118
CCGACGTAAACACAAC-1,1,13,97,9310,33408
TGGGATGCACTCATTC-1,1,12,98,8804,33699
TTCCATCATGCGGTGA-1,1,13,99,9310,33989
TGCACAGTGAAGTTAT-1,1,12,100,8805,34280
CTATTGTGTTTGGTCA-1,1,13,101,9311,34570
TGCGAGCCCTTCCGCG-1,1,12,102,8806,34861
TTGAAAGGTGTAAAGG-1,1,13,103,9311,35151
GGTGCAGAGCCTATCG-1,0,12,104,8806,35442
ACTATATGCTGTGTTC-1,0,13,105,9312,35732
TCCTGGCGCTGCCTGG-1,0,12,106,8807,36023
GAGCCGAGCGTTTATT-1,0,13,107,9312,36313
AGAATGCGGGTTCGGA-1,0,12,108,8807,36604
ATGCGACAATTGGTCC-1,0,13,109,9313,36894
TTCCGGCTCGACTTCT-1,0,12,110,8808,37185
TGATTATGGCACGCAG-1,0,13,111,9314,37475
GGTTTGACAAGAAGCT-1,0,12,112,8808,37766
GCAGCTATGGACAGGT-1,0,13,113,9314,38056
CACCATGATCGCAAAG-1,0,12,114,8809,38347
GTCGGAAGGATACCAG-1,0,13,115,9315,38637
GGCCCAGTTATCAGCA-1,0,12,116,8809,38928
GGGCCTATTTAAGTAT-1,0,13,117,9315,39218
GTTGTTACATTGCGCT-1,0,12,118,8810,39509
CAACTCCGTAACTTGC-1,0,13,119,9316,39799
GATCTTTGCTCAAAGA-1,0,12,120,8811,40090
TCGCTTAATTACGAAG-1,0,13,121,9316,40380
CGATCATTAGAGGCAC-1,0,12,122,8811,40672
TGTTCTCTACTCCCTA-1,0,13,123,9317,40962
GCTTAGGGAAGCGGTA-1,0,12,124,8812,41253
CAGGTTTAGTACTACA-1,0,13,125,9317,41543
AAGCGGAGTGCGCGCA-1,0,12,126,8812,41834
TCAGATGGAGACGTAG-1,0,13,127,9318,42124
TCGCACTAACGTTTGT-1,0,14,0,9789,5225
CACGTCGGGTTCTAGA-1,0,15,1,10294,5515
GGAGTACACATGAGCT-1,0,14,2,9789,5806
GTGTGTCGACGTCGCT-1,0,15,3,10295,6096
GAAGCTCTTTGCTTAG-1,0,14,4,9790,6387
ACACCGAGCGCTCTTT-1,0,15,5,10295,6677
CGTAATAATTACGAGT-1,0,14,6,9790,6968
CATCAACACCTACTAA-1,0,15,7,10296,7258
CCAAGTTTCTACAGAT-1,0,14,8,9791,7549
ACGGGTCATGTGACTT-1,0,15,9,10297,7839
AGTGTGCTAAGATCGC-1,0,14,10,9791,8130
GGCGGTTTGCCGGTGC-1,0,15,11,10297,8420
GTATAATCTCCCGGAT-1,0,14,12,9792,8711
TAGTCCGTATGCATAA-1,0,15,13,10298,9001
CACTTCGTCTTATCTC-1,0,14,14,9792,9292
CATCCGCAGGCCCGAA-1,0,15,15,10298,9583
CCCTGATGTAACTCGT-1,0,14,16,9793,9874
CCATAGTCAGTAACCC-1,0,15,17,10299,10164
CGGGCCATAGCCGCAC-1,0,14,18,9794,10455
CTCCGGCTTGTAGACA-1,0,15,19,10299,10745
AACTTGCGTTCTCGCG-1,0,14,20,9794,11036
AATGAGTTCGCATATG-1,0,15,21,10300,11326
CGAGGCCAGGCATTGG-1,0,14,22,9795,11617
TCTGCGTCCGGTTTCT-1,0,15,23,10300,11907
CAATCCTGCCGTGGAG-1,0,14,24,9795,12198
CTGAGCAAGTAACAAG-1,0,15,25,10301,12488
GGGTACCCACGGTCCT-1,0,14,26,9796,12779
ACGGAATTTAGCAAAT-1,0,15,27,10302,13069
GGGCGGTCCTATTGTC-1,0,14,28,9796,13360
ATGTTACGAGCAATAC-1,0,15,29,10302,13650
AACCATGGGATCGCTA-1,0,14,30,9797,13941
TCGCATCCCTAAGTGT-1,0,15,31,10303,14231
ACTTAGTACGACAAGA-1,0,14,32,9797,14522
GAGCTCTCGGACCTAA-1,0,15,33,10303,14812
TCTATTACGCTGGCGA-1,0,14,34,9798,15103
AGATACGACTTCATAT-1,0,15,35,10304,15393
CGCTATACCGCCCACT-1,0,14,36,9798,15684
CAGTGTCCGCAGAATG-1,1,15,37,10304,15974
CCATCCATACCAAGTC-1,0,14,38,9799,16265
AACCCAGAGACGGAGA-1,0,15,39,10305,16555
GAAGAACGGTGCAGGT-1,0,14,40,9800,16846
GATAAATCGGTGGATG-1,0,15,41,10305,17137
CAGCTCGTGCTTGTGT-1,0,14,42,9800,17428
GAGTACGGGTATACAA-1,0,15,43,10306,17718
CATCGCCCGCGGCCAA-1,1,14,44,9801,18009
TCTTACAGAGGTACCG-1,0,15,45,10306,18299
TGGAAGACGAACACCA-1,1,14,46,9801,18590
GTTGTCGTGTTAGTTG-1,0,15,47,10307,18880
CCAAGGAACAGAGAGG-1,0,14,48,9802,19171
CTGCACCTGGAACCGC-1,0,15,49,10308,19461
CGCTTTCATACCGGTG-1,0,14,50,9802,19752
GTTCTTCCCTCGATGT-1,0,15,51,10308,20042
ATTTAACTCGTATTAC-1,0,14,52,9803,20333
AACGATAGAAGGGCCG-1,0,15,53,10309,20623
TATCCTGCATGGGAAT-1,0,14,54,9803,20914
AGGCCCATTGTACAGG-1,0,15,55,10309,21204
CCGGCGCATATTGGAT-1,0,14,56,9804,21495
ATCTGTAATTGTACCC-1,0,15,57,10310,21785
GAGCGAGGGAGTACCG-1,0,14,58,9805,22076
TTATTAGGGAAGCATC-1,0,15,59,10310,22366
CTTCTTACGTCGTATA-1,0,14,60,9805,22657
GAAGTGCTGGATAGCT-1,0,15,61,10311,22947
GTGCAACAAATGTGGC-1,0,14,62,9806,23238
CATGCGTTAGACAGAA-1,0,15,63,10311,23528
ACACACTTTCTACACG-1,0,14,64,9806,23819
AGCCCTAAGCGAAGTT-1,0,15,65,10312,24109
ATTAATTCGGTCACTC-1,0,14,66,9807,24400
AACAGGAAATCGAATA-1,0,15,67,10313,24691
ACGTTTAGTTGTGATC-1,0,14,68,9807,24982
TCCTTCAGTGGTCGAA-1,0,15,69,10313,25272
CGAACGCCCAGTGCCG-1,0,14,70,9808,25563
CCTCGAAGTGGACGGG-1,0,15,71,10314,25853
CTCTGTTTGAGGATTC-1,0,14,72,9808,26144
TGGGCACGTTCTATGG-1,0,15,73,10314,26434
ACTATTCGTCCGTGGT-1,0,14,74,9809,26725
CCTCTGGCCTAGACGG-1,0,15,75,10315,27015
CCATAAACAACCCGAC-1,0,14,76,9809,27306
CATAGTACATTGAGAG-1,0,15,77,10315,27596
ATTTCATTATTTCGCG-1,0,14,78,9810,27887
CAACTATATCGAATGC-1,0,15,79,10316,28177
CTAGTATTCGGAATTA-1,0,14,80,9811,28468
GTGGAACCTACATGCG-1,0,15,81,10316,28758
CCTAAAGGCTGACGCT-1,0,14,82,9811,29049
CGTGACATTGGGTCGT-1,0,15,83,10317,29339
CCAATCGGTAGATCGA-1,0,14,84,9812,29630
ATTGTCGCAATACCTT-1,0,15,85,10317,29920
AAATTACACGACTCTG-1,0,14,86,9812,30211
CACTCCTCTCGGTCGG-1,0,15,87,10318,30501
AAATAACCATACGGGA-1,0,14,88,9813,30792
AGTTACTCTATCGTGG-1,0,15,89,10319,31082
CGTTAGCTCACAACTG-1,0,14,90,9813,31373
GAATGTATGGCAGGTC-1,0,15,91,10319,31663
GCAACCACCAGACCGG-1,0,14,92,9814,31954
TCACTCGTGCAACGGC-1,0,15,93,10320,32244
AAACAGAGCGACTCCT-1,0,14,94,9814,32536
CAGCCTCTCCTCAAGA-1,0,15,95,10320,32826
TTGCGTGAACGCTTAG-1,0,14,96,9815,33117
CCGCCTGCGAATTGGT-1,1,15,97,10321,33407
AGATGAGGGTTGCGAT-1,1,14,98,9816,33698
CGGTGGGCTCCAGCCT-1,1,15,99,10321,33988
GGCAGCGGTAATCCTA-1,1,14,100,9816,34279
GCTAGCAGGGAGTGGG-1,1,15,101,10322,34569
CTCAAGACATTAGCGC-1,1,14,102,9817,34860
CACGGCGCGCCAAAGG-1,1,15,103,10322,35150
TGCAATTTGGGCACGG-1,1,14,104,9817,35441
ATGCCAATCGCTCTGC-1,1,15,105,10323,35731
GCTGGACCCAAAGTGG-1,0,14,106,9818,36022
ATTCCTAAGACGTGGA-1,0,15,107,10324,36312
TCCGGAGGAAGGGCTG-1,0,14,108,9818,36603
TCGGTGACCGCTCCGG-1,0,15,109,10324,36893
TCCGAAGTAGTCACCA-1,0,14,110,9819,37184
CATGTAGGAGCGCCAA-1,0,15,111,10325,37474
CACAAGAAAGATATTA-1,0,14,112,9819,37765
AGGGTCAGTAACCCTA-1,0,15,113,10325,38055
TAAGCCCTTACGACCA-1,0,14,114,9820,38346
ATACCGTCATCCATAA-1,0,15,115,10326,38636
GGACGTCCATAGTTGG-1,0,14,116,9820,38927
CATCAAACTGGCGCCC-1,0,15,117,10326,39217
AAACGTGTTCGCCCTA-1,0,14,118,9821,39508
AAATTGGTGAGAAGCA-1,0,15,119,10327,39798
GGTCATTGTAGTCATA-1,0,14,120,9822,40089
TGCAGTGAGGCTCGGG-1,0,15,121,10327,40380
GAACATTAGTATGTTA-1,0,14,122,9822,40671
GGTTTGCGAACACGTA-1,0,15,123,10328,40961
ACACAAATATTCCTAG-1,0,14,124,9823,41252
TTGGGTTTATTCAGCG-1,0,15,125,10328,41542
ATTCGCAGAGGACACT-1,0,14,126,9823,41833
GATTTAGTGCGTACTG-1,0,15,127,10329,42123
TAGAAACACAATAGTG-1,0,16,0,10800,5224
CAGTAGATGATGTCCG-1,0,17,1,11305,5514
TCTTAACTCGGATGTA-1,0,16,2,10800,5805
TACATCTTGTTTCTTG-1,0,17,3,11306,6095
TTCATAGGGTGTCCAT-1,0,16,4,10801,6386
TGAAGTAGCTTACGGA-1,0,17,5,11307,6676
GCACAAGTGGATCATA-1,0,16,6,10801,6967
GGGCGAATTTCTCCAC-1,0,17,7,11307,7257
ATGTTCCTGCCCACCT-1,0,16,8,10802,7548
GCTCAACCTCTTAGAG-1,0,17,9,11308,7838
ATAGCTGCTCTTGTTA-1,0,16,10,10802,8129
CGTCAGCTATTTACTC-1,0,17,11,11308,8419
ATCTGATAGTGTCTTA-1,0,16,12,10803,8710
TGCACTATGTGAGTGC-1,0,17,13,11309,9001
CCGACAAACACATGAG-1,0,16,14,10803,9292
GCCTTGTATATGCAGT-1,0,17,15,11309,9582
ATAATACCGTTAGCCG-1,0,16,16,10804,9873
ACACTCCAATGTCACT-1,0,17,17,11310,10163
AGTTGCTGACTGATAT-1,0,16,18,10805,10454
GGCGCTCCTCATCAAT-1,0,17,19,11310,10744
TGCCTGACATCGGTCA-1,0,16,20,10805,11035
TTGGCCATCTTGCGCT-1,0,17,21,11311,11325
CAGTGGTTGCACATGA-1,0,16,22,10806,11616
AGAATTGTTTGACATA-1,0,17,23,11311,11906
AAATGCTCGTTACGTT-1,0,16,24,10806,12197
CACCTAATAGAGTCGT-1,0,17,25,11312,12487
CATTTCTAGCAGACTA-1,0,16,26,10807,12778
CCGAAAGTGGTGAGCA-1,0,17,27,11313,13068
AGTCAGCCACCGCCTG-1,0,16,28,10807,13359
TCATCACTCGAGCTCG-1,0,17,29,11313,13649
CTCAGGACTCACCTGT-1,0,16,30,10808,13940
CGGTGTACTTGATCCC-1,1,17,31,11314,14230
CCTACGGCTCAGTCGA-1,0,16,32,10808,14521
GTACTTGGGCACTTCT-1,0,17,33,11314,14811
TGATTTCCTCCTGACG-1,1,16,34,10809,15102
CCTCACCAATCTTGAC-1,1,17,35,11315,15392
GGTGAGATGCAGATAA-1,1,16,36,10810,15683
GCTAGTTTCATTGAGG-1,0,17,37,11315,15973
AGGACATCGCACGTCG-1,1,16,38,10810,16264
GTGGACGTGCTGAGAC-1,0,17,39,11316,16555
TAAGGAACTTGTGGGA-1,1,16,40,10811,16846
TCGCTGTGCGTAAATC-1,0,17,41,11316,17136
GCATCCCTAACTTTGA-1,1,16,42,10811,17427
CACCCACACGTCACCC-1,0,17,43,11317,17717
CCCTCATTCTGGAATT-1,0,16,44,10812,18008
AGGGCGTGATCGGCTA-1,0,17,45,11318,18298
GGTGCGGATAAGTGGC-1,0,16,46,10812,18589
TAATATTGAAATTCGC-1,0,17,47,11318,18879
CTTACACTGGGAAATA-1,1,16,48,10813,19170
ACCAAGAACGCGTGTC-1,0,17,49,11319,19460
GCCTTCAGCCCTACCG-1,0,16,50,10813,19751
GATGCTACAAGCGCCT-1,0,17,51,11319,20041
CCGGGACCCGCAGAGA-1,0,16,52,10814,20332
GTTCCAGTCTGACCAT-1,0,17,53,11320,20622
ATGATCGGGAATAGAC-1,0,16,54,10814,20913
TTGGATTGGGTACCAC-1,0,17,55,11320,21203
TACCTCACGCTTGTAC-1,0,16,56,10815,21494
CATGGCAGGAAGATCG-1,0,17,57,11321,21784
ATGACGCCGGCTCTAA-1,0,16,58,10816,22075
AGCGACATCCCATTCA-1,0,17,59,11321,22365
AGTAATGTCTTGCCGC-1,0,16,60,10816,22656
TTCTTAGTGGCTCAGA-1,0,17,61,11322,22946
CGTCTGGAAGGGCCCG-1,0,16,62,10817,23237
ACGTGCGCCTCGTGCA-1,0,17,63,11323,23527
AGAGCGGGCTAATCAT-1,0,16,64,10817,23818
GCGTCGAAATGTCGGT-1,0,17,65,11323,24108
AACTGATATTAGGCCT-1,0,16,66,10818,24399
CGAGCTGGGCTTTAGG-1,0,17,67,11324,24690
GGGTGTTTCAGCTATG-1,0,16,68,10818,24981
TTAATTTCAGACGCGG-1,0,17,69,11324,25271
ACTGCCGTCGTAACTC-1,0,16,70,10819,25562
GTGCACGAAAGTGACT-1,0,17,71,11325,25852
ATCTCCCTGCAATCTA-1,0,16,72,10819,26143
ACGCCAGATGATTTCT-1,0,17,73,11325,26433
AGCTATTTAATCCAAC-1,0,16,74,10820,26724
CCACGAGAAGAGAATC-1,0,17,75,11326,27014
GATTCCGCGTTTCCGT-1,0,16,76,10821,27305
GTCGGATGTAGCGCGC-1,0,17,77,11326,27595
TATTTATACCGAGTAG-1,0,16,78,10821,27886
GTAGGTGATCCGTGTA-1,0,17,79,11327,28176
AGTTAAGCGGTCCCGG-1,0,16,80,10822,28467
CTGGCGACATAAGTCC-1,0,17,81,11327,28757
TTGGCCTAGAATTTCG-1,0,16,82,10822,29048
GGCATATCGGTTCTGC-1,0,17,83,11328,29338
GGGCGTCCACTGGCTC-1,0,16,84,10823,29629
TTACCCATTGCCGGGT-1,0,17,85,11329,29919
TTAGACACGATCGTTG-1,0,16,86,10823,30210
GCGCTGATCCAGACTC-1,0,17,87,11329,30500
TTCGGCAACCCGCTGA-1,0,16,88,10824,30791
GATATTTCCTACATGG-1,0,17,89,11330,31081
CTGCGTTACGATATAA-1,0,16,90,10824,31372
TAATAAACAAGGAGAT-1,0,17,91,11330,31662
AACCTTTACGACGTCT-1,0,16,92,10825,31953
AGTCCCGCCTTTAATT-1,0,17,93,11331,32244
TGAGATTAGGCCCTAA-1,0,16,94,10826,32535
AGTGTATTGCGCATTG-1,0,17,95,11331,32825
GTTGGATTCAGTGGCT-1,0,16,96,10826,33116
TAAAGCTGCAATAGGG-1,0,17,97,11332,33406
AGTAGGAAGGAAGTTG-1,1,16,98,10827,33697
TATCACTTCGAGTAAC-1,0,17,99,11332,33987
TGATCTACGCTGATCT-1,1,16,100,10827,34278
GGATCATCCCGTACGC-1,1,17,101,11333,34568
TGACACTTCTCTTTGC-1,1,16,102,10828,34859
AGCCCTTCTAATCCGA-1,1,17,103,11334,35149
CACCGCGTCCACTCTA-1,1,16,104,10828,35440
TAATTGGAATCGGGAA-1,1,17,105,11334,35730
TCGTAAGCTCCGAGGA-1,1,16,106,10829,36021
TATATTACAAATGTCG-1,1,17,107,11335,36311
CGCGAGAGGGACTTGT-1,0,16,108,10829,36602
GGACCTACGGTAACGT-1,0,17,109,11335,36892
GAAATATGCTTGAATG-1,0,16,110,10830,37183
CCGTATTAGCGCAGTT-1,0,17,111,11336,37473
AGGCGTCTATGGACGG-1,0,16,112,10830,37764
AACATCGATACGTCTA-1,0,17,113,11336,38054
TGAATATGCTATAAAC-1,0,16,114,10831,38345
ACCAAACACCCAGCGA-1,0,17,115,11337,38635
TGGCTTGTACAAGCTT-1,0,16,116,10832,38926
GAATGAAGGTCTTCAG-1,0,17,117,11337,39216
AGATACCAGCACTTCA-1,0,16,118,10832,39507
GCGGTCCCGGTGAAGG-1,0,17,119,11338,39798
GAGGCATTTGCAGCAG-1,0,16,120,10833,40089
GGCAAGCCAGGGATAG-1,0,17,121,11338,40379
TCTACGGGCTCAGTTG-1,0,16,122,10833,40670
TCTGCGAATCGTTCGC-1,0,17,123,11339,40960
AGCTCGTTGATGGAAA-1,0,16,124,10834,41251
TGAATGAGATACAGCA-1,0,17,125,11340,41541
ACCCTTGCCTGGGTCG-1,0,16,126,10834,41832
GGCGAACCGTTCTGAT-1,0,17,127,11340,42122
GCGATGTCTGTGCTTG-1,0,18,0,11811,5223
ATTAACACCTGAGATA-1,0,19,1,12317,5513
GAAATCTGACCAAGTT-1,0,18,2,11811,5804
CCTGACAAACTCGCGC-1,0,19,3,12317,6094
ATGTCATTTCCCATTG-1,0,18,4,11812,6385
GCGGTGCGGAGCATCG-1,0,19,5,12318,6675
CGGAAAGCAAATGTGC-1,0,18,6,11812,6966
GCTGAGCAACGGTTCT-1,0,19,7,12318,7256
TCACTCTTCGTCTGTC-1,0,18,8,11813,7547
GATCTTCATTGTCCTC-1,0,19,9,12319,7837
ACTCGATGTATTTCAT-1,0,18,10,11813,8128
TGAAGAGCGGTCCTAG-1,0,19,11,12319,8418
TAAACGTCGTCAATGA-1,0,18,12,11814,8710
ACGTTATTGGTCACTC-1,0,19,13,12320,9000
ATAGCCTCAGTACCCA-1,0,18,14,11815,9291
CGGGAGTATACCGCCG-1,0,19,15,12320,9581
GTCCTACAGGCGGCTC-1,0,18,16,11815,9872
CGGATAAGCGGACATG-1,0,19,17,12321,10162
AACTTCTGCGTCTATC-1,0,18,18,11816,10453
GGGTTCAGACGAACAA-1,0,19,19,12321,10743
AGTCTGGACATCCTTG-1,0,18,20,11816,11034
TTGAACGAATCCTTTG-1,0,19,21,12322,11324
GAAATACTAAACGTTT-1,0,18,22,11817,11615
CCCGCGCAATGCACCC-1,0,19,23,12323,11905
TTCGGCTAGAGATGGT-1,0,18,24,11817,12196
GACACGAGTTAGAGGA-1,1,19,25,12323,12486
GAGGTCCCAAAGATCT-1,0,18,26,11818,12777
TAACTCCATGGAGGCT-1,0,19,27,12324,13067
CTTGTTTATGTAGCCA-1,1,18,28,11818,13358
GATGGCGCACACATTA-1,1,19,29,12324,13648
ATAATAGTGTAGGGAC-1,1,18,30,11819,13939
CGCTATTCAATGTATG-1,0,19,31,12325,14229
ATATTGCTGTCAAAGT-1,0,18,32,11820,14520
GGATTCAGTACGGTGG-1,0,19,33,12325,14810
TTCTTAGTGAACGGTG-1,0,18,34,11820,15101
AATGGTTCTCACAAGC-1,0,19,35,12326,15391
TATACACGCAAAGTAT-1,0,18,36,11821,15682
CTTCATAGCTCAAGAA-1,0,19,37,12326,15972
CAACGGTTCTTGATAC-1,0,18,38,11821,16263
ACACCCGAGAAATCCG-1,0,19,39,12327,16554
TCTATCATGCAGTTAC-1,0,18,40,11822,16845
CCCGCCATGCTCCCGT-1,0,19,41,12328,17135
CGCTTCCACTGAAATC-1,0,18,42,11822,17426
CACTGTCCAAGTGAGA-1,0,19,43,12328,17716
ATTACTAGCCTCTTGC-1,0,18,44,11823,18007
CATAGTAGCATAGTAG-1,0,19,45,12329,18297
CAACTCCTTGATCCCG-1,0,18,46,11823,18588
AAGTAGAAGACCGGGT-1,0,19,47,12329,18878
GCGGGAACCAGGCCCT-1,0,18,48,11824,19169
ATTAGATTGATAGCGG-1,0,19,49,12330,19459
CTCGGTCCGTAGCCTG-1,0,18,50,11824,19750
TGGCTTTGGGTAGACA-1,0,19,51,12330,20040
TATCCATATCATGCGA-1,0,18,52,11825,20331
GGAGTGCCGCCCTGGA-1,0,19,53,12331,20621
TGAGAATGCTTTACCG-1,0,18,54,11826,20912
TTAACCAACCCTCCCT-1,0,19,55,12331,21202
TGTTTCGGTACTTCTC-1,0,18,56,11826,21493
TTGCTGAAGGAACCAC-1,0,19,57,12332,21783
TATTTAGTCTAGATCG-1,0,18,58,11827,22074
CTCCGGCCTAATATGC-1,0,19,59,12332,22364
TTGTGGCCCTGACAGT-1,0,18,60,11827,22655
TCGCCGGTCGATCCGT-1,0,19,61,12333,22945
CCATAGGTTGGCGTGG-1,0,18,62,11828,23236
GAACGACCGAATGATA-1,0,19,63,12334,23526
TCCGATAATTGCCATA-1,0,18,64,11828,23817
CATTACGTCGGCCCGT-1,0,19,65,12334,24108
CAAGCACCAAATGCCT-1,0,18,66,11829,24399
TGCATGGATCGGATCT-1,0,19,67,12335,24689
GAAATCGCGCGCAACT-1,0,18,68,11829,24980
CTGAAAGAGATCCGAC-1,0,19,69,12335,25270
CACCTCGATGGTGGAC-1,0,18,70,11830,25561
ATTTGTTCCAGGGCTC-1,0,19,71,12336,25851
TGGGCCACAAGAGCGC-1,0,18,72,11831,26142
CCTTCTTGATCCAGTG-1,0,19,73,12336,26432
CCTCGCCAGCAAATTA-1,0,18,74,11831,26723
TTCATGGCGCAACAGG-1,0,19,75,12337,27013
TTAATCAGTACGTCAG-1,0,18,76,11832,27304
CCTATCTATATCGGAA-1,0,19,77,12337,27594
ATTATACTTTGCTCGT-1,0,18,78,11832,27885
ATGGATCCGGCGTCCG-1,0,19,79,12338,28175
CGCCCGCTTCCGTACA-1,0,18,80,11833,28466
GGATTCCGCTATACCC-1,0,19,81,12339,28756
CGGTCTATCAACCCGT-1,0,18,82,11833,29047
ATGCCGGTTGATGGGA-1,0,19,83,12339,29337
TCATGCAGGTTCTCAT-1,0,18,84,11834,29628
TGAGCTTTAATGACGC-1,0,19,85,12340,29918
TCCCTTAGATTACTCG-1,0,18,86,11834,30209
ATATCTCCCTCGTTAA-1,0,19,87,12340,30499
AGCTCTTCCCAGTGCA-1,0,18,88,11835,30790
TCGCTAAACCGCTATC-1,0,19,89,12341,31080
CACATTCTTTCGATGG-1,0,18,90,11835,31371
GATATGCGGTAGCCAA-1,0,19,91,12341,31661
CGTTTCACTTCGGGCG-1,0,18,92,11836,31953
CCAATTACGGGTCGAG-1,0,19,93,12342,32243
GCAGGTAGAGTATGGT-1,0,18,94,11837,32534
GTCGTATTGGCGTACA-1,0,19,95,12342,32824
GAAATTAGCACGGATA-1,0,18,96,11837,33115
AATGCACCAAGCAATG-1,1,19,97,12343,33405
AGGACGCTCGATGTTG-1,0,18,98,11838,33696
GGCTAAAGGGCGGGTC-1,1,19,99,12343,33986
CATCTATCCCGTGTCT-1,1,18,100,11838,34277
CAGTAACTATTTATTG-1,1,19,101,12344,34567
CATATACTACTGATAA-1,1,18,102,11839,34858
GCGTTCGGAGACCGGG-1,1,19,103,12345,35148
AAGTTCAGTCTGCGTA-1,1,18,104,11839,35439
CGAAGCTATAAATTCA-1,0,19,105,12345,35729
CGCGGTCACAAACCAA-1,0,18,106,11840,36020
GGGAATGAGCCCTCAC-1,1,19,107,12346,36310
ACGGAGCGCAAATTAC-1,0,18,108,11840,36601
CGTTCTTCGCACACCT-1,0,19,109,12346,36891
GAATAGCCCTGCGGTC-1,0,18,110,11841,37182
AATAGCTACCGCGTGC-1,0,19,111,12347,37472
CCGAGCTGTGCTTGTC-1,0,18,112,11842,37763
GATGACGATGATCGCG-1,0,19,113,12347,38053
GCCTATGCTGGGCCTT-1,0,18,114,11842,38344
TTACTGTCTAGAGCTC-1,0,19,115,12348,38634
AGCGGTTGCCGCTCTG-1,0,18,116,11843,38925
GCTTGCAGCACAATTG-1,0,19,117,12348,39215
CCGGAGGTCTTATGGT-1,0,18,118,11843,39506
ACAGTATACCGTGGGA-1,0,19,119,12349,39797
GGGATCCCAATACAAA-1,0,18,120,11844,40088
ATTACGACTCCACAGT-1,0,19,121,12350,40378
CTCACACGCAAGCCTA-1,0,18,122,11844,40669
CCAGATGTAAATGGGT-1,0,19,123,12350,40959
GAACTTGTGCACGGGA-1,0,18,124,11845,41250
AAGCCGCTTTACCTTG-1,0,19,125,12351,41540
TCCATTCCCACTAGAG-1,0,18,126,11845,41831
AGAGCGCTTGTAACGG-1,0,19,127,12351,42121
TGGGTTCCCGGACGGA-1,0,20,0,12822,5222
GCTGCGCCTCCCACGT-1,0,21,1,13328,5512
CTGTTGGCTCTTCTGA-1,0,20,2,12822,5803
TTGTTCTAGATACGCT-1,0,21,3,13328,6093
CCCTCAAGCTCTTAGT-1,0,20,4,12823,6384
TGGTCTAGCTTACATG-1,0,21,5,13329,6674
ATGCACCTTCCTTAAT-1,0,20,6,12823,6965
GGGATACGGTAATAAT-1,0,21,7,13329,7255
AGTTCACCGGTTGGAC-1,0,20,8,12824,7546
GACATACTGTCGCAGA-1,0,21,9,13330,7836
TGGACACCGTTGCTTG-1,0,20,10,12825,8127
TGCGATGCTAATGGCT-1,0,21,11,13330,8418
TTCTGTTTCCTGTCGC-1,0,20,12,12825,8709
CGTTGTAAACGTCAGG-1,0,21,13,13331,8999
GATCGGCGATAAGTCG-1,0,20,14,12826,9290
AGCCTTAAAGCGGAAG-1,0,21,15,13331,9580
TCCGTAACCACAATCC-1,0,20,16,12826,9871
GAATGCCGAAATGACC-1,0,21,17,13332,10161
TATACTCATGCGGCAA-1,0,20,18,12827,10452
TAGTGTCAGAAACGGC-1,0,21,19,13333,10742
CGTCATACCATATCCA-1,0,20,20,12827,11033
TAGTACCTTAGTGGTC-1,0,21,21,13333,11323
CTGGCGGGAATAAGTA-1,0,20,22,12828,11614
AGTGTGGTCTATTGTG-1,1,21,23,13334,11904
GCTATCGCGGCGCAAC-1,0,20,24,12828,12195
CAGTAATCCCTCCCAG-1,1,21,25,13334,12485
GTATTAAGGCGTCTAA-1,0,20,26,12829,12776
CTAATTTCAACAACAC-1,0,21,27,13335,13066
TTAGCAACATGGATGT-1,0,20,28,12829,13357
ATGCTCAGTGTTGCAT-1,0,21,29,13335,13647
GATGTTTGTGCGAGAT-1,0,20,30,12830,13938
CACTTCGCCACAGGCT-1,0,21,31,13336,14228
CTGTATGGTGTAGAAA-1,0,20,32,12831,14519
TACGTGCACTATGCTG-1,0,21,33,13336,14809
GTATCAGCTTGGGTTC-1,0,20,34,12831,15100
TAACAAAGGGAGAAGC-1,0,21,35,13337,15390
TTACATCGTGGCCTGG-1,0,20,36,12832,15681
TCTGAACCGGTCGGCT-1,0,21,37,13337,15972
GGCTCGTGCCACCAGC-1,0,20,38,12832,16263
TATAAGTGAGGATAGC-1,0,21,39,13338,16553
GCCCGCGCGTTTGACA-1,0,20,40,12833,16844
TGCTGGTTGGACAATT-1,0,21,41,13339,17134
GCCTAGCGATCTGACC-1,0,20,42,12833,17425
CCATGCTCTGCAGGAA-1,0,21,43,13339,17715
TATAAATCCACAAGCT-1,0,20,44,12834,18006
CGCTCGACATAATGAT-1,1,21,45,13340,18296
CCAATTGAATGTTAAT-1,0,20,46,12834,18587
GCTAATACCGAATGCC-1,0,21,47,13340,18877
TTCAACGACCCGACCG-1,0,20,48,12835,19168
TTCCTCGAGGGTGTCT-1,0,21,49,13341,19458
CAACGACCCGTTTACA-1,0,20,50,12836,19749
CTTGTACTTGTTGACT-1,0,21,51,13341,20039
TCTCTAATAGCTGGTA-1,0,20,52,12836,20330
ATTATGCCATAGGGAG-1,0,21,53,13342,20620
GACAACGCAGCTTACG-1,0,20,54,12837,20911
AGATGACTCGCCCACG-1,1,21,55,13342,21201
GTGCGGGTCTCCAAAT-1,0,20,56,12837,21492
GTACGAGATTGCGACA-1,1,21,57,13343,21782
GTATAGGACTCAGTAG-1,0,20,58,12838,22073
TTGCACGGAGCAGCAC-1,1,21,59,13344,22363
CACAGCTAGGGAGTGA-1,0,20,60,12838,22654
ATACTAGCATGACCCT-1,1,21,61,13344,22944
CCAAGACTTCTGCGAA-1,1,20,62,12839,23235
ACATAATAAGGCGGTG-1,1,21,63,13345,23525
TAATACACAGTAGTAT-1,1,20,64,12839,23817
TCTTGGTAACACCAAA-1,1,21,65,13345,24107
AACTGGGTCCCGACGT-1,1,20,66,12840,24398
ATCACTTCATCCTCGC-1,1,21,67,13346,24688
TGGAAGGATAAAGATG-1,0,20,68,12840,24979
CATGATGCACAATTCT-1,0,21,69,13346,25269
TGCCTGATCAAACGAT-1,0,20,70,12841,25560
ATAGGGATATCCTTGA-1,0,21,71,13347,25850
CACCTAATCAGTTTAC-1,0,20,72,12842,26141
TGTGACTACGCCAGTC-1,0,21,73,13347,26431
CCCGACCATAGTCCGC-1,0,20,74,12842,26722
CGCGCCCGACTTAATA-1,0,21,75,13348,27012
TGCCACCTGGCGAAAC-1,0,20,76,12843,27303
CTGCCAAGGTTGGAAG-1,0,21,77,13348,27593
TCTCCAACGTAGGTTA-1,1,20,78,12843,27884
TTCTTGGAGTAATGAG-1,1,21,79,13349,28174
GTCTCGATCTGCTTTC-1,0,20,80,12844,28465
TACTCTCCGAACAAAT-1,0,21,81,13350,28755
ATCACATTAGAATATC-1,0,20,82,12844,29046
TACGGGATGCTAGCAG-1,0,21,83,13350,29336
AGCTGAAGTAAACCAA-1,0,20,84,12845,29627
CATGGGTCGGGTGTGG-1,0,21,85,13351,29917
CACCCACGAGGCAATT-1,1,20,86,12845,30208
TGCCATTACTAAAGAA-1,0,21,87,13351,30498
CCGTTACGTTAGAACA-1,0,20,88,12846,30789
GCCAGGAGTAACCGAT-1,0,21,89,13352,31079
GGAAAGTGCCCATGCC-1,0,20,90,12847,31370
TCTTACCGGAACTCGT-1,0,21,91,13352,31661
TATGTCAAGACCGACT-1,0,20,92,12847,31952
CCTAACTAAGGCTCTA-1,0,21,93,13353,32242
GCGGTGAACTGCGCTC-1,0,20,94,12848,32533
CCTCGCGCGATATAGG-1,0,21,95,13353,32823
ATCGGCAAGCAGTCCA-1,0,20,96,12848,33114
AGATCGTGCATAAGAT-1,1,21,97,13354,33404
ATTCAGGACCTATTTC-1,1,20,98,12849,33695
AGCTAGAAGCAGAAGT-1,1,21,99,13355,33985
TTCGCTATCTGACGTG-1,1,20,100,12849,34276
TTCCGCAGAGAAATAT-1,1,21,101,13355,34566
CAGTACATTCTCTAAA-1,1,20,102,12850,34857
GTGAAGATTTCAAGTG-1,1,21,103,13356,35147
AACGCATGATCTGGGT-1,1,20,104,12850,35438
CCCAGAGGAGGGCGTA-1,1,21,105,13356,35728
GGAAACCTTGTTGAAT-1,1,20,106,12851,36019
GTGAAGCCGTATAGTC-1,1,21,107,13357,36309
GAGCTGTCGTCTCGGA-1,1,20,108,12851,36600
TGTCATTTGTTGGGAA-1,0,21,109,13357,36890
ACCAACACCACACACT-1,0,20,110,12852,37181
AAATGATTCGATCAGC-1,0,21,111,13358,37471
CTGCTTTATGTCCGCG-1,0,20,112,12853,37762
GCGAGAGGCCATGTAA-1,0,21,113,13358,38052
ATTGACCGGCGATGAC-1,0,20,114,12853,38343
ACCCTGGTAACGCCCT-1,0,21,115,13359,38633
GTTGGACCGCATCAGG-1,0,20,116,12854,38924
CGTTTACAAGGCAGCT-1,0,21,117,13360,39215
CGGTCCATGAGACTCC-1,0,20,118,12854,39506
GTTCGTCTGGGTCCCT-1,0,21,119,13360,39796
TGTACTACTCTCACGG-1,0,20,120,12855,40087
AGTGAAGATGGTGTCC-1,0,21,121,13361,40377
GAGGGCCATAATATTA-1,0,20,122,12855,40668
ACTCCCGTAGACTAGG-1,0,21,123,13361,40958
CGTCAAATGGTCGCAG-1,0,20,124,12856,41249
AAGTCTAGTAGCTGCC-1,0,21,125,13362,41539
AAGAAATCACCAGATT-1,0,20,126,12856,41830
GAGTGCACGGACAACA-1,0,21,127,13362,42120
GTTCAAATCAGATGTC-1,0,22,0,13833,5221
CATGGCTCCCTATGTC-1,0,23,1,14339,5511
GGCCACACGAAAGCCT-1,0,22,2,13833,5802
GAAGCCGGGTAAGCTC-1,0,23,3,14339,6092
TTGCGCTCTCTCGCTT-1,0,22,4,13834,6383
TACATGACCTTATCCG-1,0,23,5,14340,6673
GTCCTTCTACAACCCA-1,0,22,6,13834,6964
TATATGCTGGGTTGCC-1,0,23,7,14340,7254
GTTTATGGGATTTAGA-1,0,22,8,13835,7545
GGAACCCGAACAAGAA-1,0,23,9,14341,7835
AACGTTATCAGCACCT-1,0,22,10,13836,8127
CATCGTCCGGTTACTA-1,0,23,11,14341,8417
AGACAGCTCAGAATCC-1,0,22,12,13836,8708
GCAGATCCTCGCAAAT-1,0,23,13,14342,8998
GGGTCATGCGTACCAT-1,0,22,14,13837,9289
CTGGTCATTCCAATCC-1,0,23,15,14343,9579
TCAGGGCGCAAACTCG-1,0,22,16,13837,9870
GATGCCAGCAGAAGGC-1,0,23,17,14343,10160
GTTATTAACGTGGGAG-1,0,22,18,13838,10451
AATACAATGTTTCAGG-1,1,23,19,14344,10741
TTGCTGCACCTATCCA-1,1,22,20,13838,11032
CCAGAGACAAAGCCGG-1,1,23,21,14344,11322
CCGAAGTATATTGTTC-1,1,22,22,13839,11613
GCTAAACCTGAGGTGA-1,0,23,23,14345,11903
TCATACTTACAGATCC-1,0,22,24,13839,12194
CGAGCACTTCAAGTTT-1,0,23,25,14345,12484
TAGCAACCTGTCACAA-1,0,22,26,13840,12775
TGGGAAATGCCTTTCC-1,0,23,27,14346,13065
AGACCATGGGATACAA-1,0,22,28,13841,13356
TAAATGAATCCGTTTC-1,0,23,29,14346,13646
ACAACGGTCCCTGCGA-1,0,22,30,13841,13937
GTCACTCTCCAAATCT-1,0,23,31,14347,14227
TTCTACTTGCGAGGGC-1,0,22,32,13842,14518
CGCAATTACTTTCGGT-1,0,23,33,14347,14808
CTGTTCATCTCACGGG-1,0,22,34,13842,15099
TTCTTGTAACCTAATG-1,0,23,35,14348,15389
GCTTGATGATAATCAG-1,0,22,36,13843,15680
TTGGCTCGCATGAGAC-1,0,23,37,14349,15971
GCCCAGTTGGTATGCC-1,0,22,38,13843,16262
ATTCCTCCGCCAGTGC-1,1,23,39,14349,16552
TCGTCCGCTGGCGTCT-1,0,22,40,13844,16843
GGAGAAGTCATTGGCA-1,0,23,41,14350,17133
TTGTTAGCAAATTCGA-1,1,22,42,13844,17424
TCTAGCATCTTCGATG-1,0,23,43,14350,17714
TTCTAGGCCAATTGTG-1,0,22,44,13845,18005
TCACGGTCATCGCACA-1,0,23,45,14351,18295
ATGAAGCCAAGGAGCC-1,0,22,46,13845,18586
AATGACTGTCAGCCGG-1,0,23,47,14351,18876
CCAAACAGAACCCTCG-1,0,22,48,13846,19167
TATCGATGATTAAACG-1,0,23,49,14352,19457
GAACACACATCAACCA-1,1,22,50,13847,19748
CCCGTCAGCGTCTGAC-1,0,23,51,14352,20038
AGCATCGTCGATAATT-1,1,22,52,13847,20329
GACTAAGATCATGCAC-1,0,23,53,14353,20619
TAGGGTGTTTCAAGAG-1,1,22,54,13848,20910
TGGTTCGTAGCAAAGG-1,0,23,55,14354,21200
CTGTTCACTGCCTGTG-1,1,22,56,13848,21491
ATGTGCATCCGACGCA-1,0,23,57,14354,21781
TTGTCGTTCAGTTACC-1,1,22,58,13849,22072
CGGGATCAATGTAAGA-1,0,23,59,14355,22362
TTATCTGTATCATAAC-1,1,22,60,13849,22653
ATCGACTCTTTCCGTT-1,1,23,61,14355,22943
CTCATTTGATGGGCGG-1,1,22,62,13850,23234
GTAAGCGGGCAGTCAG-1,1,23,63,14356,23525
TCTATCGGTCGCAACA-1,1,22,64,13850,23816
AACGCGGTCTCCAGCC-1,1,23,65,14356,24106
ATTAATACTACGCGGG-1,1,22,66,13851,24397
CTTTAACTTTCAAAGG-1,1,23,67,14357,24687
CGTACCTGATAGGCCT-1,0,22,68,13852,24978
GAATGTTGGGTAATCT-1,0,23,69,14357,25268
TGCGGAGTAAAGGTGC-1,0,22,70,13852,25559
CCTGAATATTTACATA-1,0,23,71,14358,25849
TTGCTCCCATACCGGA-1,0,22,72,13853,26140
CCTCTAATCTGCCAAG-1,0,23,73,14358,26430
AGGTTGAGGCACGCTT-1,0,22,74,13853,26721
TCCCGTCAGTCCCGCA-1,0,23,75,14359,27011
TCCGATGACTGAGCTC-1,0,22,76,13854,27302
CAGCCTCCTGCAGAGG-1,0,23,77,14360,27592
CTTAGCCTTCCACATG-1,0,22,78,13854,27883
ATTAATGAACCAGTCG-1,1,23,79,14360,28173
ACGATACATAGAACTA-1,0,22,80,13855,28464
AGCCACTCCCGTGCTT-1,0,23,81,14361,28754
ATACGGGTTTCGATTG-1,0,22,82,13855,29045
CTGTCAAATGGCTCGG-1,0,23,83,14361,29335
GCTCGGAATTTAAAGC-1,0,22,84,13856,29626
TAGGCATGTTACGCCA-1,1,23,85,14362,29916
TGGCAACTCGCGCGCC-1,0,22,86,13857,30207
ATCAGTAGGCAGGGAT-1,0,23,87,14362,30497
TATCGATCTATGCATA-1,0,22,88,13857,30788
CGACTCAGGATGTTAT-1,0,23,89,14363,31079
GCCATATTGCACACAG-1,0,22,90,13858,31370
AATTCATAAGGGATCT-1,0,23,91,14363,31660
CGGTAGAGGTGCAGGT-1,0,22,92,13858,31951
AATGATGATACGCTAT-1,1,23,93,14364,32241
CTTGTGCTCACCGATT-1,0,22,94,13859,32532
TTCCAATCAGAGCTAG-1,1,23,95,14365,32822
CGATGGACCCTACGCC-1,1,22,96,13859,33113
GGTCGGATAAACGGCG-1,1,23,97,14365,33403
TTAGCTAATACGATCT-1,1,22,98,13860,33694
CTCGATATTTGCGAGC-1,1,23,99,14366,33984
ATTACTTACTGGGCAT-1,1,22,100,13860,34275
CTAGCCGATGTTATGA-1,1,23,101,14366,34565
TACTGCAATCAATTAC-1,1,22,102,13861,34856
TAGTCTGTGACGTTGC-1,0,23,103,14367,35146
CTCGTTTCTAATGTTT-1,1,22,104,13861,35437
TTCGTTCAACGAAGTT-1,0,23,105,14367,35727
CTGAATTTATTGCCAG-1,0,22,106,13862,36018
TGGAATATCCTTGACC-1,0,23,107,14368,36308
CAGATCATTTAAAGTC-1,1,22,108,13863,36599
CTCCTTTACGCAAGTC-1,0,23,109,14368,36889
TCCCAAACAGACAACG-1,0,22,110,13863,37180
ATCGCTGCGTGCAGCA-1,0,23,111,14369,37470
TTAGTTCAAGTGTTCG-1,0,22,112,13864,37761
AAACTCGTGATATAAG-1,0,23,113,14369,38051
TTAACGAACAAGCAGT-1,0,22,114,13864,38342
GTTATATCAGGAGCCA-1,0,23,115,14370,38632
CAAATTGGATTATGCC-1,0,22,116,13865,38923
CGAGGAGCTTCCATAT-1,0,23,117,14371,39214
GGAGACCAATGTGCTT-1,0,22,118,13865,39505
CATTGATGAACACGCC-1,0,23,119,14371,39795
GTCAATGCTATAATTT-1,0,22,120,13866,40086
ACCACCCTCTCTTCTA-1,0,23,121,14372,40376
TGGAGGGAAACACCTC-1,0,22,122,13866,40667
CACGGACGTGGATGGC-1,0,23,123,14372,40957
AACTTTCTCGATCATG-1,0,22,124,13867,41248
CGTATTGTTTCCTAAT-1,0,23,125,14373,41538
CCTACTGCGGCGGCCA-1,0,22,126,13868,41829
CTTAGGTCCCAATCGT-1,0,23,127,14373,42119
CGCAATCGATCATTAG-1,0,24,0,14844,5220
TGGTTATGCTTGCGGT-1,0,25,1,15350,5510
GGCTTGGCTCTCACCT-1,0,24,2,14844,5801
ATTGGTAGGATCCGCT-1,0,25,3,15350,6091
TCAGGGCGACTTCCTT-1,0,24,4,14845,6382
TCTGCAGATTCGAGTC-1,0,25,5,15351,6672
CTCTCGCTGTACTATG-1,0,24,6,14846,6963
AATAGTCGCGAGTCGG-1,0,25,7,15351,7253
AGTTACCCTTAAGACT-1,0,24,8,14846,7544
CTTAAATAAGACCCAT-1,0,25,9,15352,7835
GGTTGTGCTCTTGTCC-1,0,24,10,14847,8126
GTGAGTCTAAGACGGA-1,0,25,11,15352,8416
CGCGACACTGCGCAGC-1,0,24,12,14847,8707
GCTCGCGGTTCCGCTC-1,0,25,13,15353,8997
TTAACTCACGCGTGGA-1,0,24,14,14848,9288
GGAACGGCCTGCAGCC-1,0,25,15,15354,9578
GTAGAAACGGGTGGAG-1,0,24,16,14848,9869
TAATGAAAGACCCTTG-1,0,25,17,15354,10159
AGGCTTGCTAGACACC-1,1,24,18,14849,10450
TTGCGTAGTTTGAGGA-1,1,25,19,15355,10740
CGCCCTTGAAGGCTGA-1,1,24,20,14849,11031
CCCGGTGGAAGAACCT-1,0,25,21,15355,11321
TTAACACCTCGAACAT-1,1,24,22,14850,11612
GATTCCTATACGGCGC-1,0,25,23,15356,11902
TTACCCTAACAGTCCT-1,0,24,24,14851,12193
ACCCACCTACATGCTC-1,0,25,25,15356,12483
AAAGGGCAGCTTGAAT-1,0,24,26,14851,12774
CACACAGGGATAGATT-1,0,25,27,15357,13064
AGAGCGTACAAGCTCG-1,0,24,28,14852,13355
TCTTACGGCATCCGAC-1,0,25,29,15357,13645
GCCTATTCCGATATAG-1,0,24,30,14852,13936
GAAAGTGACTAACTGC-1,0,25,31,15358,14226
CCGGAATGGTTTCAGT-1,0,24,32,14853,14517
AGTATAATACTAGGCA-1,0,25,33,15359,14807
TAACTATCGAAGGTCC-1,0,24,34,14853,15098
ATGAGGAGTGTTAATC-1,0,25,35,15359,15389
TGTGTCGCGAGTTGCA-1,0,24,36,14854,15680
ATCCAACGCAGTCATA-1,0,25,37,15360,15970
AAGGCGCGTAAAGCTT-1,1,24,38,14854,16261
AGTCGGCCCAAACGAC-1,0,25,39,15360,16551
AACGTCAGACTAGTGG-1,0,24,40,14855,16842
ACTACCAGCTCTCTGG-1,1,25,41,15361,17132
GCAAGTGCACAGAGAA-1,0,24,42,14855,17423
ACACCTTAAGTAGGGC-1,1,25,43,15361,17713
TTCGACGGGAAGGGCG-1,0,24,44,14856,18004
TTCGCACTCGCGTGCT-1,1,25,45,15362,18294
TATTTGTTACCCTTTA-1,0,24,46,14857,18585
CGCTGTGACGCCGCAC-1,1,25,47,15362,18875
GTTGCACGGAGTTTCG-1,0,24,48,14857,19166
GTTTCCTGGAGGGTGA-1,1,25,49,15363,19456
ACACCCAGCATGCAGC-1,0,24,50,14858,19747
TCAACCATGTTCGGGC-1,1,25,51,15363,20037
TTACAACTACGCATCC-1,0,24,52,14858,20328
TCCGATGGTGCGACAT-1,1,25,53,15364,20618
GGGCGTACATTTATAT-1,1,24,54,14859,20909
AGCGACCAACGATATT-1,1,25,55,15365,21199
ACACAAAGACGGGTGG-1,1,24,56,14859,21490
ATCGCACGCCGGGAGA-1,1,25,57,15365,21780
GCTCTAAACCCTGACG-1,1,24,58,14860,22071
AATGCAACCGGGTACC-1,1,25,59,15366,22361
TCAAACAACCGCGTCG-1,1,24,60,14860,22652
TATGCTCCCTACTTAC-1,1,25,61,15366,22942
AAAGGGATGTAGCAAG-1,1,24,62,14861,23234
ACGATCATACATAGAG-1,1,25,63,15367,23524
TTGTTCAGTGTGCTAC-1,1,24,64,14862,23815
ATGCATGATCCAGGAT-1,1,25,65,15367,24105
AGTCTTCTCCTCAAAT-1,1,24,66,14862,24396
GATTCCCTTGTCGCAG-1,1,25,67,15368,24686
CTCGCACCTATATAGT-1,1,24,68,14863,24977
ACTCAATAAAGGCACG-1,1,25,69,15368,25267
AACCGAGCTTGGTCAT-1,0,24,70,14863,25558
TAAGGCAACATAAGAT-1,0,25,71,15369,25848
CACGCACAGCGCAGCT-1,0,24,72,14864,26139
GGTTTACAATCTCAAT-1,0,25,73,15370,26429
TGCAGGATCGGCAAAG-1,0,24,74,14864,26720
ATAACGGAGTCCAACG-1,0,25,75,15370,27010
AACGATATGTCAACTG-1,0,24,76,14865,27301
GACAACGACCATTGAA-1,0,25,77,15371,27591
TTGACCATGTTCTCCG-1,0,24,78,14865,27882
AGTACGGGCACCTGGC-1,0,25,79,15371,28172
CGCCATCCGATTATGA-1,0,24,80,14866,28463
AAGGTATCCTAATATA-1,0,25,81,15372,28753
TGTTGTCAAGAAGTCT-1,0,24,82,14866,29044
CAGTGAATAAATGACT-1,0,25,83,15372,29334
CACCTTGCGAAACTCG-1,0,24,84,14867,29625
CATTTAGCGGACCATG-1,0,25,85,15373,29915
CCAGTCTAGACGGCGC-1,0,24,86,14868,30206
TCGCTTTAAACGTTTG-1,0,25,87,15373,30496
GTGAAACGGCGCCACC-1,0,24,88,14868,30787
GGGCTCATCGAACCCA-1,0,25,89,15374,31078
TTGATGTGTAGTCCCG-1,0,24,90,14869,31369
CAGTAGCCCACGCGGT-1,0,25,91,15374,31659
AGCGCGGGTGCCAATG-1,1,24,92,14869,31950
TAATCGATCCGTACGT-1,1,25,93,15375,32240
AGTGGCGGCAATTTGA-1,1,24,94,14870,32531
CCTTTCAATGAAGAAA-1,1,25,95,15376,32821
CTCAGTCACGACAAAT-1,1,24,96,14870,33112
ATAGGCTAGCTTCGCA-1,1,25,97,15376,33402
CGGTTCAAGTAGGTGT-1,1,24,98,14871,33693
CAGTCGAGGATGCAAT-1,1,25,99,15377,33983
TATCACCCAACCGACC-1,1,24,100,14871,34274
AATGATGCGACTCCTG-1,1,25,101,15377,34564
TGGAACCACTGACACA-1,1,24,102,14872,34855
GCCAATAGGGCATCTC-1,0,25,103,15378,35145
TTCTTTGGTCGCGACG-1,0,24,104,14873,35436
ATTAGATTCCTCAGCA-1,0,25,105,15378,35726
CCGTGGAACGATCCAA-1,0,24,106,14873,36017
GGGTCGTGGCAAGTGT-1,0,25,107,15379,36307
TCGCTCGGCACCAGCG-1,0,24,108,14874,36598
ACGCAATCACTACAGC-1,0,25,109,15379,36888
CTCTAATGCATTGATC-1,0,24,110,14874,37179
GTCTCGACTAAGTTTG-1,0,25,111,15380,37469
TGGTTTAAACGTGGGT-1,0,24,112,14875,37760
CGCAGATCTTCACCCG-1,0,25,113,15381,38050
TCCAGATGTACGCCAA-1,0,24,114,14875,38341
CATTGCGGGTCAATTC-1,0,25,115,15381,38632
GACGTTCGTAAATACA-1,0,24,116,14876,38923
TACACCGTCGTTAGTC-1,0,25,117,15382,39213
ACGGGCGTATGCGACA-1,0,24,118,14876,39504
GAAGGCTACCATTGTT-1,0,25,119,15382,39794
TAAATCTTTACACCTC-1,0,24,120,14877,40085
AGTTTATGTAAAGACA-1,0,25,121,15383,40375
AGGAGACATCCACAGT-1,0,24,122,14877,40666
CAACCTGAACCTGCCA-1,0,25,123,15383,40956
AGTCCCTCGCAGAAAG-1,0,24,124,14878,41247
TGTATACGGATGATGA-1,0,25,125,15384,41537
TTGTGGTATAGGTATG-1,0,24,126,14879,41828
TCTGCACCATTAGTAA-1,0,25,127,15384,42118
AAATGTATCTTATCCC-1,0,26,0,15855,5219
ACTCTAAACCTGGGAT-1,0,27,1,16361,5509
GCTGGCAGGTGCCGTG-1,0,26,2,15856,5800
CTCATTCGTGAACATC-1,0,27,3,16361,6090
TCGCCGGATGGGCAAG-1,0,26,4,15856,6381
GGACTAAGTCAGGAGT-1,0,27,5,16362,6671
TATCAAAGGTCTGTAA-1,0,26,6,15857,6962
TTCAGTTTGTGGCAGC-1,0,27,7,16362,7253
TGTTCATAAATGTGCT-1,0,26,8,15857,7544
CTTAGCCCGGATAGTG-1,1,27,9,16363,7834
GATGCGAATGGTATTA-1,0,26,10,15858,8125
TCTAACTGTATGTAAA-1,0,27,11,16364,8415
TTAAACCTGGTTCCTT-1,1,26,12,15858,8706
GCTAAGTAAAGGCGAT-1,0,27,13,16364,8996
AGTTACCGCACATGGT-1,0,26,14,15859,9287
GACTGCGGCACGTGTA-1,0,27,15,16365,9577
TGGTGATCGTATTTGT-1,0,26,16,15859,9868
TTATCGCCTGCGAAGC-1,1,27,17,16365,10158
TGGAATTAGACGCTTT-1,1,26,18,15860,10449
TCGTCACACTGTTAGC-1,0,27,19,16366,10739
TTATGTTTGCGATAGA-1,0,26,20,15860,11030
GGTGCTGATCACAAAG-1,0,27,21,16366,11320
CATAGCCGCCCGGGAT-1,0,26,22,15861,11611
GGTTAGTTACGGCGCC-1,0,27,23,16367,11901
ATTCCCACATAAACAA-1,0,26,24,15862,12192
ATTCAGTAGCAGGGTC-1,0,27,25,16367,12482
CAGTTCCGCGGGTCGA-1,0,26,26,15862,12773
AAGAGATGAATCGGTA-1,0,27,27,16368,13063
CGCAATTCTACAATAA-1,0,26,28,15863,13354
TAACGCTTTGAGAGCG-1,0,27,29,16368,13644
AGGCTATGGTTAGCTT-1,0,26,30,15863,13935
GAGGAATGGAGAGGTT-1,1,27,31,16369,14225
TCCTCTACGAGATGGC-1,0,26,32,15864,14516
TTGATTATGCAGATGA-1,1,27,33,16370,14806
TCAGTACTGACCCGCG-1,1,26,34,15864,15098
TTATGACAAACTGGAT-1,1,27,35,16370,15388
GTAAGTAGGGTATACC-1,1,26,36,15865,15679
CGCAAACACGAGTTAC-1,1,27,37,16371,15969
TGGCCGTATATTGACC-1,1,26,38,15865,16260
ACTGTAGCACTTTGGA-1,1,27,39,16371,16550
GCTCTATGTTACGTGC-1,1,26,40,15866,16841
TGCGCGATTAACGGAG-1,1,27,41,16372,17131
GAATCGACATGGTCAC-1,1,26,42,15867,17422
GACTAAGTAGGCTCAC-1,1,27,43,16372,17712
ATCTTGACCTGCAACG-1,1,26,44,15867,18003
ATGCACTACCGCATTG-1,1,27,45,16373,18293
CAGATACTAACATAGT-1,1,26,46,15868,18584
GATCGACACTATCTGA-1,1,27,47,16373,18874
ATAGAGTACTGGGACA-1,1,26,48,15868,19165
CCTACTGCTTACACTT-1,1,27,49,16374,19455
CCTGCTATTTGAGAAG-1,1,26,50,15869,19746
CGCGTTCATGAAATAC-1,1,27,51,16375,20036
CATTATGCTTGTTGTG-1,1,26,52,15869,20327
CCAGGGACGTGGCCTC-1,1,27,53,16375,20617
TATGGATGTGCTACGC-1,1,26,54,15870,20908
GTACTAAGATTTGGAG-1,1,27,55,16376,21198
AGACCCGCCCTCCTCG-1,1,26,56,15870,21489
CGCATTAGCTAATAGG-1,1,27,57,16376,21779
GCTCTCGGGTACCGAA-1,1,26,58,15871,22070
CACCGCCAGAAGGTTT-1,1,27,59,16377,22360
TCCCAAAGACGAAGGA-1,1,26,60,15871,22651
ATGGATTGACCAAACG-1,1,27,61,16377,22942
GTCATGGACATGACTA-1,1,26,62,15872,23233
CTACTGCCACCTGACC-1,1,27,63,16378,23523
TTATATTTGGCAATCC-1,1,26,64,15873,23814
AGCACCAGTACTCACG-1,1,27,65,16378,24104
CATGGTCTAGATACCG-1,1,26,66,15873,24395
TCTACCGTCCACAAGC-1,1,27,67,16379,24685
CTAGTTGGGCCCGGTA-1,1,26,68,15874,24976
TCCCGCGTACTCCTGG-1,1,27,69,16380,25266
CAGAGCATGAGCTTGC-1,1,26,70,15874,25557
ACACGGGAACTTAGGG-1,1,27,71,16380,25847
GGCTCTGCTCCAACGC-1,0,26,72,15875,26138
AGAACGTGGTACATTC-1,0,27,73,16381,26428
CAATAAACCTTGGCCC-1,0,26,74,15875,26719
ACTTCGCCATACGCAC-1,0,27,75,16381,27009
ATCTGGTTAAGACTGT-1,0,26,76,15876,27300
TCGTAAGACGACATTG-1,0,27,77,16382,27590
GTGTACCTTGGCTACG-1,0,26,78,15876,27881
GCCCGTAATACCTTCT-1,0,27,79,16382,28171
CGGTCAAGTGGGAACC-1,0,26,80,15877,28462
TTGTAAGGCCAGTTGG-1,0,27,81,16383,28752
GGAGCACCAAGAACTA-1,0,26,82,15878,29043
TAATAGTGACGACCAG-1,0,27,83,16383,29333
CTAAATCCTATTCCGG-1,0,26,84,15878,29624
CGAGTTCTGTCCCACC-1,0,27,85,16384,29914
AGGCAGATGCGTAAAC-1,0,26,86,15879,30205
AAGGATGAGGGACCTC-1,1,27,87,16384,30496
AGAGAACCGTCTAGGA-1,1,26,88,15879,30787
GAGGGCGCAGCTCTGC-1,1,27,89,16385,31077
AAGATTGGCGGAACGT-1,1,26,90,15880,31368
CCAGTAGTCTGATCCA-1,1,27,91,16386,31658
AAGGGACAGATTCTGT-1,1,26,92,15880,31949
ATAGAGTTATCAACTT-1,1,27,93,16386,32239
AAATTACCTATCGATG-1,1,26,94,15881,32530
GATCCTAAATCGGGAC-1,1,27,95,16387,32820
TTACAGACCTAAATGA-1,1,26,96,15881,33111
CCTCACCTTAGCATCG-1,1,27,97,16387,33401
CATGCGACCAGTTTAA-1,1,26,98,15882,33692
AACATATCAACTGGTG-1,1,27,99,16388,33982
CTATAAGAGCCAATCG-1,1,26,100,15883,34273
AATATCGAGGGTTCTC-1,0,27,101,16388,34563
GTACTCCTGGGTATGC-1,1,26,102,15883,34854
ATAAGTAGGATTCAGA-1,0,27,103,16389,35144
AGGTCGCGGAGTTACT-1,0,26,104,15884,35435
CTAATTCTCAGATATT-1,0,27,105,16389,35725
GCCAACCATTTCCGGA-1,0,26,106,15884,36016
TGATCCCAGCATTAGT-1,0,27,107,16390,36306
CGTTGTAAGATTGATT-1,0,26,108,15885,36597
GAAACCATGGTGCGCT-1,0,27,109,16391,36887
AATCTATGCCGGAGCC-1,0,26,110,15885,37178
GACTCCCAGAATAAGG-1,0,27,111,16391,37468
TATGATCCGGCACGCC-1,0,26,112,15886,37759
CCGCTTGCTGACATGG-1,0,27,113,16392,38049
TGGTTAAGGGCGCTGG-1,0,26,114,15886,38341
TTGATAGTCAATACAT-1,0,27,115,16392,38631
GGTTTAATTGAGCAGG-1,0,26,116,15887,38922
CATTACATAGATTGTG-1,0,27,117,16393,39212
GGTACACCAGATTTAT-1,0,26,118,15887,39503
GGCCCGTATACCATGC-1,0,27,119,16393,39793
ATCTTTCGTATAACCA-1,0,26,120,15888,40084
GAGATGACAATCCTTA-1,0,27,121,16394,40374
AAAGCTTGCCTACATA-1,0,26,122,15889,40665
GAACGATAAGTTAAAG-1,0,27,123,16394,40955
TAATAGCTAAATGATG-1,0,26,124,15889,41246
TATGGCTAGGCTAATT-1,0,27,125,16395,41536
AGGAGAGTCTGGCTAC-1,0,26,126,15890,41827
TGCTCTGCCGGTTCAC-1,0,27,127,16395,42117
CCAATAGATTTCATCT-1,0,28,0,16866,5218
GGGCACGAATTGGCCG-1,0,29,1,17372,5508
TCGTTGACAGGGTCCC-1,0,28,2,16867,5799
ATCGTATTCCGAGAAC-1,0,29,3,17372,6089
GGGAATTCTGTCCAGT-1,0,28,4,16867,6380
ACGCGTTTCTTAAGAG-1,0,29,5,17373,6670
GAGAGCGCAGTCCCTG-1,0,28,6,16868,6961
GTCCTATTGTTGTGGT-1,0,29,7,17374,7252
CATCTGCAGGATCATT-1,1,28,8,16868,7543
GAGTCGACAGACCCTC-1,1,29,9,17374,7833
AAGTGCAAAGGTAGAC-1,1,28,10,16869,8124
AGGGTGGATAGTGCAT-1,1,29,11,17375,8414
TGATAGCGGGATTCTA-1,1,28,12,16869,8705
GTCAGTTTGGTAGTCG-1,1,29,13,17375,8995
GCATTCGAAATGAACA-1,0,28,14,16870,9286
AAAGACTGGGCGCTTT-1,1,29,15,17376,9576
TAACAATATTTGTTGC-1,0,28,16,16870,9867
CCAGCTTCCGCCCGCA-1,0,29,17,17376,10157
GATATGGATTACGCGG-1,0,28,18,16871,10448
AGAGCAGTTATGAGAC-1,0,29,19,17377,10738
TCACATCTTATCTGAT-1,0,28,20,16872,11029
TATGAAGACAGGTGCG-1,0,29,21,17377,11319
TACCTGCTGCACTGTG-1,0,28,22,16872,11610
TAGGTCCAAGTAAGGA-1,0,29,23,17378,11900
GAAACTCGTGCGATGC-1,0,28,24,16873,12191
AACAATTACTCTACGC-1,1,29,25,17378,12481
CCGCACGTGACCTCGG-1,0,28,26,16873,12772
AACTTGCCCGTATGCA-1,0,29,27,17379,13062
GGGTATGTATGCACTT-1,0,28,28,16874,13353
TTCGTACTCCAGAACG-1,0,29,29,17380,13643
GAATTTCTCGCTGCAG-1,1,28,30,16874,13934
AACAGGATGGGCCGCG-1,0,29,31,17380,14224
GACGTGTAGGGATTAT-1,1,28,32,16875,14515
TAGGTGAGCCCTACTC-1,1,29,33,17381,14806
CTAATTCGCACGCGCT-1,1,28,34,16875,15097
GAAGCTTGCTGACCGC-1,1,29,35,17381,15387
GGTTAGGCTTGGAGAA-1,1,28,36,16876,15678
ACAAGGACAAGAGGTT-1,1,29,37,17382,15968
AGGCCACCCGTTATGA-1,1,28,38,16877,16259
GTGGGCTTAGACACAC-1,1,29,39,17382,16549
CGTGTCCCATTCGCGA-1,1,28,40,16877,16840
TGGAGTGATGCGATGA-1,1,29,41,17383,17130
AACAACTGGTAGTTGC-1,1,28,42,16878,17421
CCTGGCTAGACCCGCC-1,1,29,43,17383,17711
CGCAATTAGGGTAATA-1,1,28,44,16878,18002
TCGAAATTTAGGACCA-1,1,29,45,17384,18292
AGACTAGCCTTCCAGA-1,1,28,46,16879,18583
TTGATCTAACTTTGTC-1,1,29,47,17385,18873
AAGGAGCGGTTGGTGC-1,1,28,48,16879,19164
ACTTGGGACCCGGTGG-1,1,29,49,17385,19454
TGATCTCCGGCGCCAG-1,1,28,50,16880,19745
CAGTTCAAATTGACAC-1,1,29,51,17386,20035
GTCCGGCTGAATTGCG-1,1,28,52,16880,20326
CTGGAAATGGATGCTT-1,1,29,53,17386,20616
TGATCGGTTTGACCCT-1,1,28,54,16881,20907
TAGAGTCTAAGCGAAC-1,1,29,55,17387,21197
GAGACTGATGGGTAGA-1,1,28,56,16881,21488
TAGCTAAGTCCGGGAG-1,1,29,57,17387,21778
GGGCGATATGTGTGAA-1,1,28,58,16882,22069
CTCGAGGTCGAACAGT-1,1,29,59,17388,22360
GATCCCTTTATACTGC-1,1,28,60,16883,22651
GTCATGCACCTCCGTT-1,1,29,61,17388,22941
ACTTTCCTATAGCTTC-1,1,28,62,16883,23232
TCGCTCGATATATTCC-1,1,29,63,17389,23522
ATAGGTTGGGCAGATG-1,1,28,64,16884,23813
CAATTAAGGGTGATGA-1,1,29,65,17389,24103
ACCGACTGAGTCCCAC-1,1,28,66,16884,24394
CCTGTCACCCGGGCTC-1,1,29,67,17390,24684
GATCGGTGGCCATAAC-1,1,28,68,16885,24975
CCTATGGGTTACCGTC-1,1,29,69,17391,25265
TTGGGACACTGCCCGC-1,1,28,70,16885,25556
CGAGGCTAAATATGGC-1,1,29,71,17391,25846
TCAGGGTGTAACGTAA-1,0,28,72,16886,26137
CGAGAGATGTGAACCT-1,0,29,73,17392,26427
TCGCTGGGCGGATTGT-1,0,28,74,16886,26718
AGATCTCAGGTGTGAT-1,0,29,75,17392,27008
TGGCCAAACTGAAGTA-1,0,28,76,16887,27299
GCTTCCGTCCCTAGAC-1,0,29,77,17393,27589
CAGCAGCCCGTTCCTT-1,0,28,78,16888,27880
TGTATAACAGATCCTG-1,0,29,79,17393,28170
CGCGGGAATTAGGCAG-1,0,28,80,16888,28461
TGCATGTGGTAATCTA-1,0,29,81,17394,28751
ACAATTTGAGCAGTGG-1,0,28,82,16889,29042
GAGCTAAGGGCATATC-1,0,29,83,17394,29332
CCAGATAGTTGAGTGA-1,1,28,84,16889,29623
CCACAATGTACGTCTT-1,1,29,85,17395,29913
CAATGGATCTCTACCA-1,1,28,86,16890,30204
TGTGGCAAAGCGTATG-1,1,29,87,17396,30495
TAAAGCGTTAGGAGAA-1,1,28,88,16890,30786
TCCGTTTAGCCTTGAA-1,1,29,89,17396,31076
CAGCTCGACAAGTTAA-1,1,28,90,16891,31367
GCCTATAGTGTCAGGG-1,1,29,91,17397,31657
ATAGACAACGGGACCT-1,1,28,92,16891,31948
CTACTATCTTTCAGAG-1,1,29,93,17397,32238
GCGCTGCTTTGCATTT-1,1,28,94,16892,32529
GCGCATCCAGTCAGCA-1,1,29,95,17398,32819
GACTCGCGGGAATGAC-1,1,28,96,16892,33110
CTGGTAACGAGCTCTT-1,1,29,97,17398,33400
TCCGGCCTAGCGTACA-1,1,28,98,16893,33691
TCTAGGTGGCGACGCT-1,0,29,99,17399,33981
ACGCTAGTGATACACT-1,0,28,100,16894,34272
ATCTGCACCTCTGCGA-1,0,29,101,17399,34562
CCTCACCTGAGGGAGC-1,0,28,102,16894,34853
AGTGAGCCTCGCCGCC-1,0,29,103,17400,35143
ACGAGTACGGATGCCC-1,0,28,104,16895,35434
GGTACCATTAAGACGG-1,0,29,105,17400,35724
TTCTGCTAGACTCCAA-1,0,28,106,16895,36015
TAACTATTACGCCAAA-1,0,29,107,17401,36305
GCATTCAAGGCAACGC-1,0,28,108,16896,36596
AGTACATCATTTATCA-1,0,29,109,17402,36886
GTCGTGTCTGGTCATC-1,0,28,110,16896,37177
AGTCTAAAGTATACTC-1,0,29,111,17402,37467
CGGCCCAACCTGTAGT-1,0,28,112,16897,37758
AGGGAGACATACTTCG-1,0,29,113,17403,38049
TCCCTAGATCAATAGG-1,0,28,114,16897,38340
TCCCGTCGCGTCATAG-1,0,29,115,17403,38630
CGCATCCATCAGCCAG-1,0,28,116,16898,38921
CTGCACCTAGTCCACA-1,0,29,117,17404,39211
CGAGGATCGGGAACGA-1,0,28,118,16899,39502
CAATGAGGTTCGACTA-1,0,29,119,17404,39792
TCTGACGGGCTAACCC-1,0,28,120,16899,40083
TTCTATGCCTTTCGCA-1,0,29,121,17405,40373
AGAGTATAGTGTTACG-1,0,28,122,16900,40664
CCATTGTTTCCTCCAT-1,0,29,123,17405,40954
CTCATCACTTAGTGAT-1,0,28,124,16900,41245
CCGAAGGGCGTACCGC-1,0,29,125,17406,41535
TCAAGCTGCCTTGAAA-1,0,28,126,16901,41826
CTCATTAACGTTGCCC-1,0,29,127,17407,42116
GTCTTCCTCACCTAAG-1,0,30,0,17877,5217
GGTGATGAAGGAAGTG-1,0,31,1,18383,5507
TCAATACAATTGCTGC-1,0,30,2,17878,5798
GCAACCCAAGTTGTTT-1,0,31,3,18383,6088
ATGAAGTGGACCCAGC-1,0,30,4,17878,6379
GAGAATCTCACGATCA-1,0,31,5,18384,6670
TATATCATTGATCAGT-1,0,30,6,17879,6961
AACTTTACGGGAGCTT-1,1,31,7,18385,7251
TTCTTGTGTCCATCAG-1,1,30,8,17879,7542
ACAATTTAGGAGGCTC-1,1,31,9,18385,7832
ATACTTGTTCTCGAGC-1,1,30,10,17880,8123
CACGGGATTGAGGGTT-1,1,31,11,18386,8413
GTTAATGTCTATCTTA-1,1,30,12,17880,8704
GCGTTATATTTGGAAC-1,1,31,13,18386,8994
CGTCAAGGCTATAAAT-1,0,30,14,17881,9285
TTAGCTCTGTAATCCG-1,1,31,15,18387,9575
AATGGTCCACCGTTCA-1,0,30,16,17882,9866
GTCATTGCATTGACCC-1,1,31,17,18387,10156
TGTCCGTGGCGCCTTT-1,0,30,18,17882,10447
TCAACTAACGTATAAC-1,1,31,19,18388,10737
TCCTCTCCAGTTGTCC-1,1,30,20,17883,11028
TGTGTTCGTATCCAAG-1,1,31,21,18388,11318
CCGCGTAGGTAAGGGC-1,1,30,22,17883,11609
CTGCGGGTGAAATGTT-1,1,31,23,18389,11899
TATCTACAGAGGTAAT-1,0,30,24,17884,12190
CTACTCTAGGCCCGGC-1,0,31,25,18390,12480
ACAAGCAGTGCCTAGC-1,0,30,26,17884,12771
TACAAGTCTCGTGCAT-1,0,31,27,18390,13061
TCGGAATGCGCTCTGA-1,1,30,28,17885,13352
TCGCGTCCAGAAGGTC-1,0,31,29,18391,13642
TATGGCCCGGCCTCGC-1,1,30,30,17885,13933
GCTGGCATATTCACCT-1,0,31,31,18391,14223
GTCAGAATAGTCTATG-1,0,30,32,17886,14515
GGCGTCCTATCCGCTG-1,1,31,33,18392,14805
CGGAGTTTGAGAGACA-1,1,30,34,17886,15096
AGCACTTAAGGACGCC-1,1,31,35,18392,15386
TCCACAATGGTTTACG-1,1,30,36,17887,15677
CCAACGATGCACTGAT-1,1,31,37,18393,15967
ATTTACAGTTTACTGG-1,1,30,38,17888,16258
CCCTGAAATGAGTTGA-1,1,31,39,18393,16548
CAAACGGTCGCACTTT-1,1,30,40,17888,16839
TGATTCGTCTATCACT-1,1,31,41,18394,17129
TCAGGTTCTTTGAGAA-1,1,30,42,17889,17420
CACGCAGCGAGGCTTT-1,1,31,43,18394,17710
TTAAGCGCCTGACCCA-1,1,30,44,17889,18001
CTTACACGGTATTCCA-1,1,31,45,18395,18291
AAGGCTGTGCTCATCG-1,1,30,46,17890,18582
GACCAGAGCCCTGTAG-1,1,31,47,18396,18872
TCCCAGGCTTAGCTAA-1,1,30,48,17890,19163
ATTGAAGATCTTAGTG-1,1,31,49,18396,19453
AGTTCCTACAGAATTA-1,1,30,50,17891,19744
GGGCTGGTTAGTCGCG-1,1,31,51,18397,20034
GAAATGGCGGTGTTAG-1,1,30,52,17891,20325
TACGAACACGACTTCA-1,1,31,53,18397,20615
ACCACAAGTTTCTATC-1,1,30,54,17892,20906
ATATTTAACCCTCAAG-1,1,31,55,18398,21196
GATCATTCCAAACATT-1,1,30,56,17893,21487
TCCAGGCGAGTACGGT-1,0,31,57,18398,21777
GTTTGACCAAATCCTA-1,1,30,58,17893,22068
CACAGCACCCACGGCA-1,0,31,59,18399,22359
TGCAAGAATGACGTAA-1,0,30,60,17894,22650
GCGAAGCCATACCCGT-1,0,31,61,18399,22940
TCCTTTCTTACGCTTA-1,0,30,62,17894,23231
GCTGCTCTCCGGACAC-1,0,31,63,18400,23521
ACTGTCTTCTTTAGAA-1,1,30,64,17895,23812
TCAAACTTAGATTGTT-1,1,31,65,18401,24102
CTATGTCACTAGCCCA-1,1,30,66,17895,24393
TGCGCAAAGCATTTGG-1,1,31,67,18401,24683
TTAATGTAGACCAGGT-1,1,30,68,17896,24974
GGCGGTAGGATCATTG-1,1,31,69,18402,25264
GGCAATAGTCAATGAG-1,1,30,70,17896,25555
ACACGAGACTCCTTCT-1,1,31,71,18402,25845
GACACAAGGGAAGAAA-1,0,30,72,17897,26136
TCAGCAAATGCATCTC-1,1,31,73,18403,26426
GAGATCTGTCACTCCG-1,0,30,74,17897,26717
ATGCCGGTCTTGCATA-1,0,31,75,18403,27007
TTGGGCGGCGGTTGCC-1,0,30,76,17898,27298
TTGTTGTGTGTCAAGA-1,0,31,77,18404,27588
ACTGTACGATACACAT-1,0,30,78,17899,27879
TCCACTTTATCTAGGT-1,0,31,79,18404,28169
GGTCTGAGAATCTGGA-1,0,30,80,17899,28460
TAGAAAGGTGGCGCTA-1,0,31,81,18405,28750
TATGTCTCATTGTGCC-1,0,30,82,17900,29041
GGATTTCACTTCTATA-1,1,31,83,18406,29331
TGAGTGGTCCGTGACG-1,1,30,84,17900,29622
CGCTTTCTTGCATTCG-1,1,31,85,18406,29913
ACCCAACGCCCGTGGC-1,1,30,86,17901,30204
GAACGTCTCATGGTCG-1,1,31,87,18407,30494
AGGGTTCCCTTTGGTT-1,1,30,88,17901,30785
GTAGCTTCCTCTTGTT-1,1,31,89,18407,31075
GCATGAGGGACGCGGC-1,1,30,90,17902,31366
CTACCCTAAGGTCATA-1,1,31,91,18408,31656
TCACCGCTCGGCACTC-1,1,30,92,17902,31947
GGCTCGCGTTGAGGTA-1,1,31,93,18408,32237
CTAACGAAACTTGCTG-1,1,30,94,17903,32528
TTAAACTCGAATTCAT-1,1,31,95,18409,32818
TACTTTACTGAGCCGG-1,1,30,96,17904,33109
GCTTGGATCGATTAGG-1,1,31,97,18409,33399
CGGTTATCCAACAGTG-1,1,30,98,17904,33690
CAGACCTGTAAGTGTT-1,1,31,99,18410,33980
GACGGTCAATAGAAGC-1,0,30,100,17905,34271
CTGACTGCGCAGCTCG-1,0,31,101,18410,34561
CCATACCTTTACTTGT-1,0,30,102,17905,34852
GTAATAAAGGGCTCCC-1,0,31,103,18411,35142
GTGAACTCCCATTCGA-1,0,30,104,17906,35433
GTGGTTACTTCTTTCG-1,0,31,105,18412,35723
TCAGAACCTCCACAGG-1,0,30,106,17906,36014
TCCCACTCTCTTCCGG-1,0,31,107,18412,36304
ATCTTGACTTGTCCAA-1,0,30,108,17907,36595
TCGGGAACGTGCCTAG-1,0,31,109,18413,36885
GTTAGCCGTAAATCAA-1,0,30,110,17907,37176
ATTTACTAAGTCCATT-1,0,31,111,18413,37466
GGGTGCATATGAAAGC-1,0,30,112,17908,37758
TCCGAATGGTCCTGAG-1,0,31,113,18414,38048
TGATGGCTGTTTCTGA-1,0,30,114,17909,38339
AAATAAGGTAGTGCCC-1,0,31,115,18414,38629
CCACTATCCGGGTCAC-1,0,30,116,17909,38920
ACACCACATAATTAGC-1,0,31,117,18415,39210
CGCGGTAAGTCTAGCT-1,0,30,118,17910,39501
GCGGGCATTACGATGC-1,0,31,119,18415,39791
AGGATTGCTTACGACA-1,0,30,120,17910,40082
CTCGGGATAACACCTA-1,0,31,121,18416,40372
GTCGTCTGGTTGGCTA-1,0,30,122,17911,40663
GCAATTAGTCGCACCG-1,0,31,123,18417,40953
GTGACCTAAAGAATAA-1,0,30,124,17911,41244
CTGAGCGAGACTTATT-1,0,31,125,18417,41534
CAAGACTCAGAAGCGC-1,0,30,126,17912,41825
ACTTCGCTAGCGAGTG-1,0,31,127,18418,42115
CCATACTCGCCTCTCC-1,0,32,0,18888,5216
ACGATACCTATCCTGA-1,0,33,1,19394,5506
CTCACCAGTACAAGTG-1,0,32,2,18889,5797
CGAAGACGGTGAGTGC-1,0,33,3,19395,6087
AAATTAATAAGCGCGA-1,0,32,4,18889,6379
GGGCCCTTATCTATAC-1,0,33,5,19395,6669
CTGCCCACGAAGCGTT-1,0,32,6,18890,6960
GGACAAGTTGCAGTGA-1,0,33,7,19396,7250
GTCCGAGAGCAATCAT-1,1,32,8,18890,7541
ATGGCAGCCGAGAAAC-1,1,33,9,19396,7831
CCTCGGATGCTACCTG-1,1,32,10,18891,8122
ATACGGTGAAGATGCA-1,1,33,11,19397,8412
ACATCAGCTGGGACGC-1,1,32,12,18891,8703
GGTTGTGTAGCCTGGC-1,1,33,13,19397,8993
CCTGCGTTCTACGCTT-1,1,32,14,18892,9284
GAACGTTAGGAAGACG-1,1,33,15,19398,9574
CTGATAGTGTATCTCA-1,1,32,16,18893,9865
TTCTGCGAGCGCCCTT-1,1,33,17,19398,10155
CTTTGGCGCTTTATAC-1,1,32,18,18893,10446
TCCGAACTTGGCTTAC-1,1,33,19,19399,10736
TAGATTCCTGGTTATT-1,1,32,20,18894,11027
CCGACAAAGGGAGTGC-1,1,33,21,19400,11317
CCATGGCCCTTGTACC-1,1,32,22,18894,11608
GAAATATCACCATCAG-1,1,33,23,19400,11898
ACGAAATGGGCGGCAC-1,1,32,24,18895,12189
GTGAGCGTGCTGCACT-1,1,33,25,19401,12479
CCGCGGGTACGAAGAA-1,0,32,26,18895,12770
TCCCTGGCTCGCTGGA-1,0,33,27,19401,13060
CAGCTTAGTAGGTAGC-1,0,32,28,18896,13351
CACGAAAGTTAGTCCC-1,0,33,29,19402,13641
ACCTAATCGACTTCCT-1,0,32,30,18896,13932
AAGTAGTGACGCGAGG-1,1,33,31,19402,14223
TCCGATTACATTGCCG-1,1,32,32,18897,14514
CCTCCGACAATTCAAG-1,1,33,33,19403,14804
GTTCACAGGAGTCTAG-1,1,32,34,18898,15095
CGAAGTTGCTCTGTGT-1,1,33,35,19403,15385
GTCGGATATCTCAGAC-1,1,32,36,18898,15676
CGCTCTCCGTAGATTA-1,1,33,37,19404,15966
CAAGCAACGTCGGAGT-1,1,32,38,18899,16257
CCATTCCCTGCCCACA-1,1,33,39,19404,16547
CTTTGGCTTTAGTAAA-1,1,32,40,18899,16838
GGCTATTAAGTTGTAT-1,1,33,41,19405,17128
CCATTAGCGATAATCC-1,1,32,42,18900,17419
TGTTCTTCCATTGACT-1,1,33,43,19406,17709
AGATAACTTCAGGGCC-1,1,32,44,18900,18000
ATAGACGAAGAGAAAG-1,1,33,45,19406,18290
GGCGGAGTAATATTAG-1,1,32,46,18901,18581
TGACCCACGTTAGACA-1,1,33,47,19407,18871
TCACAGGTTATTGGGC-1,1,32,48,18901,19162
TCACGCATTGTAGATC-1,1,33,49,19407,19452
TTGAAGAATTCCCAGG-1,1,32,50,18902,19743
AAATGGTCAATGTGCC-1,1,33,51,19408,20033
TAGTGCCCTCCAGAGT-1,1,32,52,18903,20324
GGTATTGCCGAGTTTA-1,1,33,53,19408,20614
CGTATTAAGAGATCTA-1,1,32,54,18903,20905
ACTGTCCAGGATTATA-1,1,33,55,19409,21195
CGGGCAGCTAAACCGC-1,0,32,56,18904,21486
TTGCTGATCATGTTCG-1,0,33,57,19409,21777
TATGGGTACGTATCGT-1,0,32,58,18904,22068
CAGCTCACTGAGACAT-1,0,33,59,19410,22358
GGGACTGCATAGATAG-1,0,32,60,18905,22649
ACGCATTCGTGAGTAC-1,0,33,61,19411,22939
CTCTGGACGCCTGGTG-1,0,32,62,18905,23230
AGGGTTTAGTTCGGGA-1,1,33,63,19411,23520
GGGAGAACTCACAGTA-1,1,32,64,18906,23811
ATCAATCTGGGCTGCA-1,1,33,65,19412,24101
TCTTCGATACCAATAA-1,1,32,66,18906,24392
ACGTAGATTGCTGATG-1,1,33,67,19412,24682
TCTTGATGCGTAGCGA-1,1,32,68,18907,24973
GGGCTGCCTAGGGCGA-1,1,33,69,19413,25263
CTCTCACAATCGATGA-1,1,32,70,18907,25554
CCAAGCGTAACTCGTA-1,1,33,71,19413,25844
ACAACAGCATGAGCTA-1,1,32,72,18908,26135
GTCCCAACGTAAAGTA-1,1,33,73,19414,26425
TCGGAGTACATGAGTA-1,1,32,74,18909,26716
GGGAGTTAATGAGGCG-1,1,33,75,19414,27006
CCGGGCGGTCTCGTCA-1,1,32,76,18909,27297
CCGTAAGTTGGTCCCA-1,1,33,77,19415,27587
GGAGGGCTTGGTTGGC-1,0,32,78,18910,27878
TCGGACGCCCAGCCCA-1,1,33,79,19415,28168
TCTGTGCCATCATAGT-1,0,32,80,18910,28459
GTACTGGAGTTAGACC-1,0,33,81,19416,28749
GGAATGCGCTAGCGTG-1,0,32,82,18911,29040
GTGTGAATAACTTAGG-1,1,33,83,19417,29330
GGTCGGCCAGGAGCTT-1,1,32,84,18911,29622
TAGCCGGCGGTCAGCG-1,1,33,85,19417,29912
CGGGTGTACCCATTTA-1,1,32,86,18912,30203
AGTGATTCAAGCAGGA-1,1,33,87,19418,30493
GTTGGATTGAGAACAC-1,1,32,88,18912,30784
CACACGCGCTGTCTTA-1,1,33,89,19418,31074
TAGACGCCCGTACCGG-1,1,32,90,18913,31365
GGTTTCAATCGGTCAG-1,1,33,91,19419,31655
AATCTGCGTTGGGACG-1,1,32,92,18914,31946
TTACGGATGGTTCGAG-1,1,33,93,19419,32236
CGGCAGGGTCGGGTTG-1,1,32,94,18914,32527
GCTTTCAGAGGAGGTG-1,1,33,95,19420,32817
TCTTCCCATGGGCACA-1,1,32,96,18915,33108
TACCGCGGACTTGCAG-1,1,33,97,19420,33398
AGAATTATGGATTCGA-1,1,32,98,18915,33689
ATTGATGAGTCCTAAC-1,1,33,99,19421,33979
TAGGTCGCCGGAACTG-1,1,32,100,18916,34270
TAACCTACCGTCCGAG-1,1,33,101,19422,34560
CTTAGTAGGCCTACAG-1,0,32,102,18916,34851
CTAGATGTGAGTGTAA-1,1,33,103,19422,35141
ACTCCCGAATTCGTTT-1,0,32,104,18917,35432
GTTCATCGTTTGGCTG-1,0,33,105,19423,35722
ACTTTACCCTCATGAA-1,0,32,106,18917,36013
GCGAGAGTTGCGTCCA-1,0,33,107,19423,36303
GTTCGGGCGTACCATT-1,0,32,108,18918,36594
CGACTTTGTATAGCCT-1,0,33,109,19424,36884
GCCATCGATGCTGCAT-1,0,32,110,18918,37175
GCATTTCCAAGGCTCC-1,0,33,111,19424,37466
ATGTAAGGCTGCTCTT-1,0,32,112,18919,37757
ACGTTCGCAATCAATT-1,0,33,113,19425,38047
GTGACGAGGGTGACCC-1,0,32,114,18920,38338
ATTATAGCTACTTTAC-1,0,33,115,19425,38628
CGTGTGTTAAACCCTG-1,0,32,116,18920,38919
TTGGTATGGCTTGTGT-1,0,33,117,19426,39209
CATTCCCATTCCGTCG-1,0,32,118,18921,39500
TGCCGAAAGCGTATTC-1,0,33,119,19426,39790
CAACACATCTCCTGCC-1,0,32,120,18921,40081
CTGCCTCATATGCAAC-1,0,33,121,19427,40371
TCCCGCCTATGTGCGT-1,0,32,122,18922,40662
GGTTACCCGACACTTT-1,0,33,123,19428,40952
CCAGCGGGATCACCAG-1,0,32,124,18922,41243
ATGTTTCGGCCCGGAG-1,0,33,125,19428,41533
GCGTCTAACCTCCTAA-1,0,32,126,18923,41824
ATCAGGTAGCTGACAG-1,0,33,127,19429,42114
GGTATGAAAGAACTGA-1,0,34,0,19899,5215
GTGGCCTAATATCATT-1,0,35,1,20405,5505
CCTGTGAAACCGTAAC-1,0,34,2,19900,5796
GGCAGAGAGATCGGGA-1,0,35,3,20406,6087
TAGCGTCGAATATTGA-1,0,34,4,19900,6378
CGCCGACTATTCGCTA-1,0,35,5,20406,6668
TCTGGCGCAAGCCGGG-1,0,34,6,19901,6959
AGTGGTTGCGTATAGG-1,0,35,7,20407,7249
ATCGGTTACCTAGTAA-1,0,34,8,19901,7540
CCTGCCCGTTGTCTAG-1,0,35,9,20407,7830
GCACACGCCCATGGTC-1,1,34,10,19902,8121
AGTACGGCCCGTATCG-1,1,35,11,20408,8411
TATCTAGCCTAAAGGA-1,1,34,12,19903,8702
CACTCGGTTAGGAGGA-1,1,35,13,20408,8992
ATGTTCGTCGACCCAC-1,1,34,14,19903,9283
TTCCTCTGCCCGAATA-1,1,35,15,20409,9573
TTACTATCGGCTTCTC-1,1,34,16,19904,9864
GCCGCATTAGTCCGGC-1,1,35,17,20409,10154
TAAGGGCTGGGAGAGG-1,1,34,18,19904,10445
TAAGCAGGCGACACGC-1,1,35,19,20410,10735
AGCACTACCGGCCTGT-1,1,34,20,19905,11026
GAAAGCCCTTTGGACC-1,0,35,21,20411,11316
GACCGACTGAAGCGTC-1,1,34,22,19905,11607
CGGTGAAGACTAAAGT-1,0,35,23,20411,11897
CCCTGCGCTACGCATA-1,0,34,24,19906,12188
TACTGGACAGCTCGGC-1,0,35,25,20412,12478
TTAGTAGGGCGGCGGG-1,0,34,26,19906,12769
GAGGCTATCAAAGTCG-1,0,35,27,20412,13059
TTACCATTGATTACCC-1,0,34,28,19907,13350
ATACCACGGGCAACTT-1,0,35,29,20413,13641
TGTCCTAAGTCACCGC-1,0,34,30,19908,13932
AGGTAGGTACAAAGCT-1,1,35,31,20413,14222
GGCATACAGGTAGCGG-1,1,34,32,19908,14513
TGTAGTGATCTATAAT-1,1,35,33,20414,14803
TCCCGGGTGTGCTGCT-1,1,34,34,19909,15094
TACGATGTTGATCATC-1,1,35,35,20414,15384
CCTCTCTCCCATCTAG-1,1,34,36,19909,15675
GCAGGACTATAGAATA-1,1,35,37,20415,15965
CTAGTGAAGGACAGGA-1,1,34,38,19910,16256
TACGAGAACTTCACGT-1,1,35,39,20416,16546
CGTTGTTTCAATTCCC-1,1,34,40,19910,16837
GCAAATATTACGCTTT-1,1,35,41,20416,17127
CCAATAGTGCCGTCGA-1,1,34,42,19911,17418
ATTGCTGCTCCTCCAT-1,1,35,43,20417,17708
GAGATCTGCTTGGCAT-1,1,34,44,19911,17999
GCCGAAATTCCTACGT-1,1,35,45,20417,18289
GGCACTCCACTGGGCA-1,1,34,46,19912,18580
GGGTCACCGTGACGGT-1,1,35,47,20418,18870
CACTTAATCAGACGGA-1,1,34,48,19912,19161
CGTTTCGCTCATTACA-1,1,35,49,20418,19451
ATAAAGGCTCGGTCGT-1,1,34,50,19913,19742
CACTAAAGTTGCCTAT-1,1,35,51,20419,20032
GTGCTCAAGTACTGTC-1,1,34,52,19914,20323
CCATGCCTGTTTAGTA-1,1,35,53,20419,20613
TCTAGTTATCAGAAGA-1,1,34,54,19914,20904
TTGTAATCCGTACTCG-1,0,35,55,20420,21194
TCCCAGCTTTAGTCTG-1,0,34,56,19915,21485
CTACGCACGGAGTACC-1,0,35,57,20420,21776
AAATTAACGGGTAGCT-1,0,34,58,19915,22067
CGGCCACGCACAAAGT-1,0,35,59,20421,22357
GAAGCGTGAGGAATTT-1,0,34,60,19916,22648
ATATCTTAGGGCCTTC-1,1,35,61,20422,22938
ACGCGGGCCAAGGACA-1,1,34,62,19916,23229
GCGAGTTCTGCAAAGA-1,1,35,63,20422,23519
TATTCGTGCCAGAATA-1,1,34,64,19917,23810
AGGGCTGCAGTTACAG-1,1,35,65,20423,24100
CTAGCATAGTATAATG-1,1,34,66,19917,24391
TAGGTTCGAGTTCGTC-1,1,35,67,20423,24681
GAATTATAGTGAAAGG-1,1,34,68,19918,24972
CTATCGGGTCTCAACA-1,1,35,69,20424,25262
GCGCTAATTGAATAGA-1,1,34,70,19919,25553
ATGCGACAGTCCCATT-1,1,35,71,20424,25843
GGTAGTGCTCGCACCA-1,1,34,72,19919,26134
AAGCTCGTGCCAAGTC-1,1,35,73,20425,26424
TATTCAATTCTAATCC-1,1,34,74,19920,26715
TTCAAAGTCTCTAGCC-1,1,35,75,20425,27005
TTGAATATGGACTTTC-1,1,34,76,19920,27296
AAGAGCTCTTTATCGG-1,1,35,77,20426,27586
TTACTCCGGCCGGGAA-1,1,34,78,19921,27877
AAACGAGACGGTTGAT-1,1,35,79,20427,28167
GCTAAGTAGTTTCTCT-1,1,34,80,19921,28458
ATAACGCCGGAGGGTC-1,1,35,81,20427,28748
GGATCCGGAATATACT-1,1,34,82,19922,29039
TGAAAGGACCTGACTC-1,1,35,83,20428,29330
TCCGCGGCAGCATCTG-1,1,34,84,19922,29621
TGCATATGTCTGTCAC-1,1,35,85,20428,29911
TGTAGGAGAAATTTCC-1,1,34,86,19923,30202
AGTGAGACTTCCAGTA-1,1,35,87,20429,30492
CCCAAACATGCTGCTC-1,1,34,88,19923,30783
GCTTATGAAGCAGGAA-1,1,35,89,20429,31073
TTCTAACCGAAGCTTA-1,1,34,90,19924,31364
GGATGTCCTTACCGCA-1,1,35,91,20430,31654
AGGGTGCTCTCGAGGG-1,1,34,92,19925,31945
AACTCTCAATAGAGCG-1,1,35,93,20430,32235
TCTGAATTCCGTACAA-1,1,34,94,19925,32526
GCGTGGTACTGGGTTA-1,1,35,95,20431,32816
CGTCGGATAGTGTTGA-1,1,34,96,19926,33107
ATATGTCTCCCTAGCC-1,1,35,97,20431,33397
TCTTTAAGACTATGAA-1,1,34,98,19926,33688
TCATTTAAGTCTCCGA-1,1,35,99,20432,33978
GATATTGAGATTGGCG-1,1,34,100,19927,34269
TGACATCGAGCGGACC-1,1,35,101,20433,34559
GCGTAAATGGCCATAA-1,1,34,102,19927,34850
ATTGTACAACTCGGCT-1,1,35,103,20433,35140
TACGCTATAGAAACCT-1,1,34,104,19928,35431
CACCCAAATCTTATGT-1,0,35,105,20434,35721
AGATGATGGAGTCTGG-1,0,34,106,19928,36012
CCACGGTGCCCGGTAG-1,0,35,107,20434,36302
TCAAGAAATACTAGCT-1,0,34,108,19929,36593
AGGTATAATTGATAGT-1,0,35,109,20435,36884
CAAGGTCCTATAGGCT-1,0,34,110,19930,37175
CCGGCACGACCGTTTC-1,0,35,111,20435,37465
ACCTCCGTTATTCACC-1,0,34,112,19930,37756
GCAGCCTATATCACAT-1,0,35,113,20436,38046
GGTATAGTGACACATA-1,0,34,114,19931,38337
AAATTCCAGGTCCAAA-1,0,35,115,20436,38627
TCTTTAGCAGGCGAAC-1,0,34,116,19931,38918
TATTGACATTTCTGCC-1,0,35,117,20437,39208
TCTGATCGGGTGCTAG-1,0,34,118,19932,39499
GGCCCGGAGCATGTCT-1,0,35,119,20438,39789
GGGCGCAGCGTTACTC-1,0,34,120,19932,40080
TTGGCGATCCGAATAT-1,0,35,121,20438,40370
CCACGTAAATTAGACT-1,0,34,122,19933,40661
TCTGATTGGAAATGGA-1,0,35,123,20439,40951
ATGGCGGAATAGTCGC-1,0,34,124,19933,41242
ATCGCTTTACGTCTCA-1,0,35,125,20439,41532
TACGTGCAAGGTTCCT-1,0,34,126,19934,41823
CAGGACAGCTGCCCTT-1,0,35,127,20440,42113
CAAACCAGGTCTGCAT-1,0,36,0,20910,5214
ACAAGCTATATGGAAG-1,0,37,1,21416,5504
TCGCCCACTGCGAGAG-1,0,36,2,20911,5796
AGCCGCAAATTCAAAT-1,0,37,3,21417,6086
TTAACGTTAAAGCCTG-1,0,36,4,20911,6377
CAGCGCCAACACGATA-1,0,37,5,21417,6667
ATCCAATGGTACCGAA-1,0,36,6,20912,6958
GTGCTGCAGATAAGGA-1,0,37,7,21418,7248
GGCCTTTGCAACTGGC-1,0,36,8,20913,7539
GTCGTACCTACGATTG-1,0,37,9,21418,7829
TAGAAATTCACGTATA-1,0,36,10,20913,8120
AGAATAAATCTTCAGG-1,0,37,11,21419,8410
CATTGCGAAATGGGCG-1,0,36,12,20914,8701
GTCTACTCAATTACAA-1,0,37,13,21419,8991
TGTAATGACCACAATA-1,0,36,14,20914,9282
AAAGTCGACCCTCAGT-1,0,37,15,21420,9572
TACTCGGCACGCCGGG-1,0,36,16,20915,9863
AGGTGTATCGCCATGA-1,0,37,17,21421,10153
TGTGCTTTACGTAAGA-1,0,36,18,20915,10444
AAACCTCATGAAGTTG-1,0,37,19,21421,10734
TATAGGGTACTCATGA-1,0,36,20,20916,11025
CCAGCTGATGGTACTT-1,0,37,21,21422,11315
AATATTGGAGTATTGA-1,0,36,22,20916,11606
GGCCCTCACCCACTTA-1,0,37,23,21422,11896
AACCAAGACTTCTCTG-1,0,36,24,20917,12187
TCGTATTACCCATTGC-1,0,37,25,21423,12477
ATTCGACGCCGGGCCT-1,0,36,26,20917,12768
GGCGCAGGACATCTTC-1,0,37,27,21423,13058
GTACTCCCTTATCGCT-1,0,36,28,20918,13349
TGGTCTGTTGGGCGTA-1,0,37,29,21424,13640
AATAACAACGCTCGGC-1,1,36,30,20919,13931
CATACCCGTACCCAGT-1,1,37,31,21424,14221
ACAATCCATTTAAACC-1,1,36,32,20919,14512
GTTACAATTGGTGACG-1,1,37,33,21425,14802
TTGCCCTGATCACGGG-1,1,36,34,20920,15093
CTAACCGCGCGCCCGT-1,1,37,35,21426,15383
CTAAAGAATGCCTACT-1,1,36,36,20920,15674
ACCCATCTTGAGGGTA-1,1,37,37,21426,15964
GATCTTTGCAGGGTAT-1,1,36,38,20921,16255
GGGTACTTCATGAACT-1,1,37,39,21427,16545
GCCGCTTGTGAGAAAC-1,1,36,40,20921,16836
CCTGTAAGACATGATA-1,1,37,41,21427,17126
CGACAGTTCGCGTTAT-1,1,36,42,20922,17417
ACGATGCATATGTTAT-1,1,37,43,21428,17707
TGTTCCGCTTCCATGA-1,1,36,44,20922,17998
GGATGACGCGAGTTTA-1,1,37,45,21428,18288
GAAGTTTCCACTCAAT-1,1,36,46,20923,18579
GCGAGGCCCGAGCAGA-1,1,37,47,21429,18869
CATACTATGTAATTGT-1,1,36,48,20924,19160
CCAATGTCACAGCAAG-1,1,37,49,21429,19450
GTTGGATTTGCGTTGG-1,1,36,50,20924,19741
GGGAGGATGCCCGAAA-1,1,37,51,21430,20031
GATCGCGGGCTCTCCA-1,1,36,52,20925,20322
GTTCGCCATAAGTGCC-1,0,37,53,21430,20612
AGATTATAGGACGTTT-1,0,36,54,20925,20903
TCGAGACCAACACCGT-1,0,37,55,21431,21194
TATGGGACCGAGCAGG-1,0,36,56,20926,21485
GATGCGTCCTGCATTC-1,0,37,57,21432,21775
TATGGTCTGAGTAACA-1,0,36,58,20926,22066
GCATAGAGCACTCAGG-1,1,37,59,21432,22356
CTTCATTGTCAGTGGA-1,1,36,60,20927,22647
GCAGATTAGGGATATC-1,1,37,61,21433,22937
CCTGTCGCCCGTAAAT-1,1,36,62,20927,23228
CAATTTCGTATAAGGG-1,1,37,63,21433,23518
GTACACTTACCTGAAG-1,1,36,64,20928,23809
CCAGCCTGGACCAATA-1,1,37,65,21434,24099
ATGGAGCAGGCCGTGA-1,1,36,66,20928,24390
GTCATTAGAGCGAACG-1,1,37,67,21434,24680
AAGACTGCAAGCTACT-1,1,36,68,20929,24971
CTAGTCACGTCTTAAG-1,1,37,69,21435,25261
ACTCTTGTATAGTAAC-1,1,36,70,20930,25552
ATTAGGCGATGCTTTC-1,1,37,71,21435,25842
TTCGGGACTAATCGCG-1,1,36,72,20930,26133
TGGACTGTTCGCTCAA-1,1,37,73,21436,26423
AACGTGCGAAAGTCTC-1,1,36,74,20931,26714
CCACCCAAGGAAAGTG-1,1,37,75,21437,27004
CCGCACAAAGACCAAC-1,1,36,76,20931,27295
GCGATTGTTAACGTTA-1,1,37,77,21437,27585
ACTCGTCAGTAATCCC-1,1,36,78,20932,27876
GGTGATAAGGAGCAGT-1,1,37,79,21438,28166
AAGAGGCATGGATCGC-1,1,36,80,20932,28457
CACGTTCGTGCTCTAG-1,1,37,81,21438,28747
CTATTTGGTTACGGAT-1,1,36,82,20933,29039
GTACAGAGGCAAGGGT-1,1,37,83,21439,29329
GGGCCGGCCGAAGTAC-1,1,36,84,20933,29620
CCTGAACGATATATTC-1,1,37,85,21439,29910
CCGGGCTGCTCCATAC-1,1,36,86,20934,30201
TACTTGTTAGTAGTCC-1,1,37,87,21440,30491
CCTAGGCGTAGCGATC-1,1,36,88,20935,30782
CTGGCGCACAGGTCTG-1,1,37,89,21440,31072
ACTTATACTTACCCGG-1,1,36,90,20935,31363
GAAGTCTCCCTAGCGA-1,1,37,91,21441,31653
ACCGATGGTAGCATCG-1,1,36,92,20936,31944
CGAGTTTATCGGACTG-1,1,37,93,21441,32234
CATAACGGACAGTCGT-1,1,36,94,20936,32525
TGACGATGCACTAGAA-1,1,37,95,21442,32815
TAGGGAGCTTGGGATG-1,1,36,96,20937,33106
AGGGTCGATGCGAACT-1,1,37,97,21443,33396
TATATCCCTGGGAGGA-1,1,36,98,20937,33687
CATCTTACACCACCTC-1,1,37,99,21443,33977
GTGCGACAGGGAGTGT-1,1,36,100,20938,34268
CCGATCTCAACCTTAT-1,1,37,101,21444,34558
ACGATCATCTTGTAAA-1,1,36,102,20938,34849
GAAAGAACAGCGTTAT-1,1,37,103,21444,35139
CTAGGTCTGAAGGAAT-1,1,36,104,20939,35430
ATATCAACCTACAGAG-1,1,37,105,21445,35720
AAATAGCTTAGACTTT-1,0,36,106,20940,36011
GCGACATGTAAACATC-1,0,37,107,21445,36301
ATAAGTAGGGCGACTC-1,0,36,108,20940,36592
GCGAGCGCATGCTCCC-1,0,37,109,21446,36883
AGGGACCGGCTGCGTT-1,0,36,110,20941,37174
CCTATGAAGTGGTGCC-1,0,37,111,21446,37464
GCTTACGTAGTTAGTA-1,0,36,112,20941,37755
CATACTTAGGCAATAC-1,0,37,113,21447,38045
CCTGTCCCTCACGTTA-1,0,36,114,20942,38336
CAATGTGCCAACCCTT-1,0,37,115,21448,38626
GTTAAGTTAGAGTGGG-1,0,36,116,20942,38917
CTGGGATACGCTACCC-1,0,37,117,21448,39207
AACCTGTCACGGAATT-1,0,36,118,20943,39498
ACTGCGGACACACCGT-1,0,37,119,21449,39788
CCGTGAGGCATTCATG-1,0,36,120,20943,40079
GCCCAGATGCTGGAGA-1,0,37,121,21449,40369
TCTGGCCGTTCAAGTT-1,0,36,122,20944,40660
ATACGAAGGCTTTCCA-1,0,37,123,21450,40950
GATCCGAATATAAGTG-1,0,36,124,20944,41241
GTGGAGCATGTCGGCC-1,0,37,125,21450,41531
ACTCTTCAGCTCCCGC-1,0,36,126,20945,41822
CCCGATAGCCTCGCCT-1,0,37,127,21451,42112
ACAGGTGTGTTGTTGC-1,0,38,0,21921,5213
TGAACTGCTATGACTT-1,0,39,1,22427,5504
TGACATATATGACGAT-1,0,38,2,21922,5795
AAGTCTTCTGTGGCCT-1,0,39,3,22428,6085
ACCAGACCATAACAAC-1,0,38,4,21923,6376
TGAGACGTACCTCTCA-1,0,39,5,22428,6666
GACCGTTACATGCGAC-1,0,38,6,21923,6957
GGTTCGGATTATACTA-1,0,39,7,22429,7247
CCTCCTGAGCCCACAT-1,0,38,8,21924,7538
CCGCGATTTGGTAGGT-1,0,39,9,22429,7828
AATCTCTACTGTGGTT-1,0,38,10,21924,8119
ACTTTGACTGCATCCT-1,0,39,11,22430,8409
CCCTGACTAACAAATT-1,0,38,12,21925,8700
ACGCTGTGAGGCGTAG-1,0,39,13,22431,8990
GCATACGAGGTCTTTA-1,0,38,14,21925,9281
TCGGGATTCAAACATA-1,0,39,15,22431,9571
GGGCCCTACGAAAGGG-1,0,38,16,21926,9862
CGCCAAGAAGCCGAGT-1,0,39,17,22432,10152
GGTACATCTGGGACGA-1,0,38,18,21926,10443
GGATGCTGGCGTTCCT-1,0,39,19,22432,10733
CCGATTCGAGGGACCC-1,0,38,20,21927,11024
CCACTGGTGGCTGGTT-1,0,39,21,22433,11314
GACAGGCACACACTAT-1,0,38,22,21927,11605
TCAACGCGACCGGCAG-1,0,39,23,22433,11895
CTACGACTAGCTATAA-1,0,38,24,21928,12186
CGGTTGACCTGGCATA-1,0,39,25,22434,12476
ATCCTGAATCGCTGCG-1,0,38,26,21929,12767
GTTTCATATCGTCGCT-1,0,39,27,22434,13058
ATAAATATTAGCAGCT-1,0,38,28,21929,13349
AAGAGGATGTACGCGA-1,1,39,29,22435,13639
TCCTGCGTTGATACTC-1,1,38,30,21930,13930
CGTGCATTGTCGACGC-1,1,39,31,22435,14220
CCGGGTTCGAGGTTAC-1,1,38,32,21930,14511
CCCAATTTCACAACTT-1,1,39,33,22436,14801
TGATTTATTAGCTGTG-1,1,38,34,21931,15092
TGGAAGAAGGGAACGT-1,1,39,35,22437,15382
GACGCTTGCTTCTAAA-1,1,38,36,21931,15673
GGGAACGGGAGGTTAG-1,1,39,37,22437,15963
GCGGCTCTGACGTACC-1,1,38,38,21932,16254
ACGTTAGATTTGCCCG-1,1,39,39,22438,16544
GAGAGGGCGCGAGGTT-1,1,38,40,21932,16835
GCGTCTCTGCATTGGG-1,1,39,41,22438,17125
GCAGCACACAGCCCAG-1,1,38,42,21933,17416
CAGGCCGTTTGGGTGT-1,1,39,43,22439,17706
AACTCAAGTTAATTGC-1,1,38,44,21934,17997
CTTCGTAGATAGGTGA-1,1,39,45,22439,18287
TGCAGAGTACCGAGCA-1,1,38,46,21934,18578
GAAGTGATTTATCGTG-1,1,39,47,22440,18868
CGCTACGGGACATTTA-1,1,38,48,21935,19159
CCACACTGAGATATTA-1,1,39,49,22440,19449
CGATCCGACCCAGTGC-1,1,38,50,21935,19740
CTGTACTTCTTAGCAT-1,0,39,51,22441,20030
ACTTATTAGGATCGGT-1,0,38,52,21936,20321
TAGTCCGCAGAGAATG-1,0,39,53,22442,20611
TTCACGAAAGGATCAC-1,0,38,54,21936,20903
TACATTTCTAACGTGC-1,0,39,55,22442,21193
ACCATATCCGCAATAA-1,0,38,56,21937,21484
CACTCAAGAGCTATGG-1,1,39,57,22443,21774
TGTACGAACAAATCCG-1,1,38,58,21937,22065
ATCATCCAATATTTGT-1,1,39,59,22443,22355
CGCTATTCTTAGGCTC-1,1,38,60,21938,22646
TGGCAGCAGTAATAGT-1,1,39,61,22444,22936
TCACGTGCCCGATTCA-1,1,38,62,21938,23227
CATACGGCGTCTGGGC-1,1,39,63,22444,23517
CACATGATTCAGCAAC-1,1,38,64,21939,23808
GCTAGTAGAGCTTGTA-1,1,39,65,22445,24098
TGCTGTTGAAGAACTC-1,1,38,66,21940,24389
CGGAGCATGGCGATCC-1,1,39,67,22445,24679
TAGCGTTGGGTCTTAC-1,1,38,68,21940,24970
GTAGCGGCTATACACT-1,1,39,69,22446,25260
TAACATACAATGTGGG-1,1,38,70,21941,25551
TCTTCGAATAGACGTT-1,1,39,71,22446,25841
GATCGTGACTGATATC-1,1,38,72,21941,26132
GATCCGGGAATTAACA-1,1,39,73,22447,26422
TTATATACGCTGTCAC-1,1,38,74,21942,26713
GTCGCGTAACCCGTTG-1,1,39,75,22448,27003
AGCTCTAGACGTTCCA-1,1,38,76,21942,27294
GTCAAGCGGACTCGGG-1,1,39,77,22448,27584
CGAGGGACTGCGGTCG-1,1,38,78,21943,27875
AATCGCCTCAGCGCCA-1,1,39,79,22449,28165
CTTGTTGCTGAGTCAA-1,1,38,80,21943,28456
GATATGAGACACTAAC-1,1,39,81,22449,28747
TTATGATCTTAACGAA-1,1,38,82,21944,29038
CGCCGCCCATGCCTGT-1,1,39,83,22450,29328
CTGGGATAAATAATGG-1,1,38,84,21945,29619
GTGCCCGTTCGGATTC-1,1,39,85,22450,29909
TTCAATACTCTGAATC-1,1,38,86,21945,30200
CGCACATGTCCACTAC-1,1,39,87,22451,30490
AGAAGAGCGCCGTTCC-1,1,38,88,21946,30781
GATAACTCGCACTGTG-1,1,39,89,22451,31071
AGTCGACGGTCTCAAG-1,1,38,90,21946,31362
GTGACCGCACACTACG-1,1,39,91,22452,31652
GTATGTGGGTCTAGTT-1,1,38,92,21947,31943
CTTGAGTTAGGGTAAT-1,1,39,93,22453,32233
TTAGCTGATTTGCCGT-1,1,38,94,21947,32524
GCTGTTGCTACCGAAC-1,1,39,95,22453,32814
TATTACCATCCTGCTT-1,1,38,96,21948,33105
TTGAATTCACGTGAGG-1,1,39,97,22454,33395
CCATCTCACCAGTGAA-1,1,38,98,21948,33686
CGCACGTGCGCTATCA-1,1,39,99,22454,33976
ACCCGGATGACGCATC-1,1,38,100,21949,34267
CGCTAGAGACCGCTGC-1,1,39,101,22455,34557
ATAGTTCCACCCACTC-1,1,38,102,21949,34848
GCAGACCCAGCACGTA-1,1,39,103,22455,35138
TAGACTACCTAGCGTT-1,1,38,104,21950,35429
GGTTCTACTCGTCTGA-1,1,39,105,22456,35719
GACTCACCCACGTGAG-1,1,38,106,21951,36010
AGCTCTTCGTAACCTT-1,0,39,107,22456,36301
ACTATCCAGGGCATGG-1,0,38,108,21951,36592
AAGGATCGATCGCTTG-1,0,39,109,22457,36882
ATATCGGTAGGGAGAT-1,0,38,110,21952,37173
TTCCAGACGAGATTTA-1,0,39,111,22457,37463
GACCGACGTGAAAGCA-1,0,38,112,21952,37754
CCTGGAAACGTTCTGC-1,0,39,113,22458,38044
CCGGTAATGGCTAGTC-1,0,38,114,21953,38335
GCCGTGGAAGAAATGT-1,0,39,115,22459,38625
GTCTTGAGGAGCAGTG-1,0,38,116,21953,38916
TCCCAAAGCCCTAAAT-1,0,39,117,22459,39206
TTGAGCGCCACGTGAT-1,0,38,118,21954,39497
TTGAGTCCCGCTGCTG-1,0,39,119,22460,39787
ATGGAACCTTTGCACA-1,0,38,120,21954,40078
GCTAGCACCTGGGCCA-1,0,39,121,22460,40368
CGCCGTCTACCCATCG-1,0,38,122,21955,40659
GATAGGTGTCCCGGGC-1,0,39,123,22461,40949
AGGTATGCGGACATTA-1,0,38,124,21956,41240
TTGGTTCGCTCAAAGG-1,0,39,125,22461,41530
TCTGGAGCGTAAGAGT-1,0,38,126,21956,41821
TGCCTAAATTTAATAG-1,0,39,127,22462,42111
TAATTTCCGTCCAGTA-1,0,40,0,22932,5213
TCCTTCAATCCCTACG-1,0,41,1,23438,5503
TACCTATCCCTAGAGG-1,0,40,2,22933,5794
GCATGGGTACTGACGC-1,0,41,3,23439,6084
GTCGGGAACATGGTAG-1,0,40,4,22934,6375
GCAAATGAGGACACTT-1,0,41,5,23439,6665
GAATGGGCTTATCGAC-1,0,40,6,22934,6956
TGGTCGTGCAAGGCAA-1,0,41,7,23440,7246
CACCACGCCACACAGA-1,0,40,8,22935,7537
GAACCTCGACCTACAC-1,0,41,9,23440,7827
CAATACGCTCTGAGGC-1,0,40,10,22935,8118
TGGTAAGCAGGATTGA-1,0,41,11,23441,8408
AGTGGCTCCGTCGGCC-1,0,40,12,22936,8699
GATCGGATAGAACCAT-1,0,41,13,23442,8989
GCTACAGTACGGACCG-1,0,40,14,22936,9280
TCTATTACTAGAGGAT-1,0,41,15,23442,9570
TTCAGGCGTCAAAGCC-1,0,40,16,22937,9861
AGACCGGGAAACCCTG-1,0,41,17,23443,10151
AGAGATCTCTAAAGCG-1,0,40,18,22937,10442
CCCTGCCCAATCCGCT-1,0,41,19,23443,10732
GTGGCGGTCCCAGCGT-1,0,40,20,22938,11023
GCATTGTAATTCATAT-1,0,41,21,23444,11313
CCGTTCCGAATCTCGG-1,0,40,22,22939,11604
AGCTTGATCTTAACTT-1,0,41,23,23444,11894
CCTGTACTCACGCCCA-1,0,40,24,22939,12185
AAGTGACGACCGAATT-1,0,41,25,23445,12475
CTCACTTGGCTGGTAA-1,0,40,26,22940,12766
CGCCTGGCCTACGTAA-1,0,41,27,23445,13057
CCCGTAAGTCTAGGCC-1,0,40,28,22940,13348
TTGGACATGTGGCTTA-1,1,41,29,23446,13638
ATTACGCGCTGGCAGG-1,1,40,30,22941,13929
ACGCGCTACACAGGGT-1,1,41,31,23447,14219
TACGTTTACCGGCAAT-1,1,40,32,22941,14510
CGAAACGCAATTCATG-1,1,41,33,23447,14800
TAGTCTAACAACGAGA-1,1,40,34,22942,15091
TTGCATGCTGATCACG-1,1,41,35,23448,15381
TCTGGGTAGCGCTCAT-1,1,40,36,22942,15672
ACATCGGTCAGCCGCG-1,1,41,37,23448,15962
AGATACCGGTGTTCAC-1,1,40,38,22943,16253
GATTACTGAATTTGGG-1,1,41,39,23449,16543
TCCAACTTTAAATTCT-1,1,40,40,22943,16834
TCCTAGCAAAGAAGCT-1,1,41,41,23449,17124
GTCTATCTGAGTTTCT-1,1,40,42,22944,17415
GATGTTCAATCCACGA-1,1,41,43,23450,17705
AGTTAAACACTTGCGA-1,1,40,44,22945,17996
AGCTCTTTACTCAGTT-1,1,41,45,23450,18286
ATCCAGGATTCGTGAA-1,1,40,46,22945,18577
AGTCAACACCACCATC-1,1,41,47,23451,18867
CGATACCTCGCGGACA-1,1,40,48,22946,19158
TACAACGCACAACTCA-1,1,41,49,23451,19448
AATTAAAGGTCGGCGT-1,0,40,50,22946,19739
TACGCAGTTCTTTCCT-1,0,41,51,23452,20029
GACCGTGCTGACGGTG-1,0,40,52,22947,20320
GGCAAATTACTTTACT-1,0,41,53,23453,20611
GGTACAAACATGCTAT-1,0,40,54,22947,20902
CGGGCCTTCTTTGTAA-1,0,41,55,23453,21192
CGTGAAGTTAATTCAC-1,1,40,56,22948,21483
ATAGTGAAGCGTTCTC-1,1,41,57,23454,21773
TACGCCATATTCTAAT-1,1,40,58,22948,22064
GCCGGGTTAGGGTCGC-1,1,41,59,23454,22354
TACATAGGCATACACC-1,1,40,60,22949,22645
GCCGATTGGCCAAGCT-1,1,41,61,23455,22935
CTGCCATGCATCACAT-1,1,40,62,22950,23226
TTATGAATGAAAGGGA-1,1,41,63,23455,23516
GCTGAGGCGTGAGTAT-1,1,40,64,22950,23807
GCGCCGTTCCACGATA-1,1,41,65,23456,24097
CGCATGGTGCGATGCT-1,1,40,66,22951,24388
AGGTTTCACACACCTT-1,1,41,67,23456,24678
CAAGGATCGCATGTTC-1,1,40,68,22951,24969
ACGTTAATGTCGAAGA-1,1,41,69,23457,25259
TCCAGAGCACCGGTTC-1,1,40,70,22952,25550
GATTCGACGGTTCACG-1,1,41,71,23458,25840
GTTTCTGCAGTCTCCC-1,1,40,72,22952,26131
GCTGCACGGTTTCTTA-1,1,41,73,23458,26421
CGTGCAGACTGGGACA-1,1,40,74,22953,26712
GTGTTACTATGCGTCC-1,1,41,75,23459,27002
TCCTCGGGCTGGGCTT-1,1,40,76,22953,27293
GTGAGGACACTTAAGG-1,1,41,77,23459,27583
ATACGCCGGCGAAACC-1,1,40,78,22954,27874
TCTGCCAGAAACTGCA-1,1,41,79,23460,28165
TTCTGCGGGTTAGCGG-1,1,40,80,22954,28456
CTCGGTACCACTGCTC-1,1,41,81,23460,28746
GTAAGTAACAGTCTGG-1,1,40,82,22955,29037
GTGCGTGTATATGAGC-1,1,41,83,23461,29327
ATTTGTCTTGGGAGCT-1,1,40,84,22956,29618
CCTCGGACCGGGATAG-1,1,41,85,23461,29908
TAGGTGCTCGCCTAGC-1,1,40,86,22956,30199
CTTTAGGAACACTGTT-1,1,41,87,23462,30489
TCGGGCCGTCGTGGTA-1,1,40,88,22957,30780
AGTGCTTGCACGAATA-1,1,41,89,23463,31070
TGCAGTTTCCTCCCAT-1,1,40,90,22957,31361
TGAGAGATTTACCACG-1,1,41,91,23463,31651
GAAACAGATGACCACC-1,1,40,92,22958,31942
AGCAACATATCTTATT-1,1,41,93,23464,32232
CAAGTGTGGTTGCAAA-1,1,40,94,22958,32523
GCCTCATCTGGAAATA-1,1,41,95,23464,32813
AACCCTACTGTCAATA-1,1,40,96,22959,33104
ACGTATTACTCCGATC-1,1,41,97,23465,33394
TCTGGGAACCTTTGAA-1,1,40,98,22959,33685
GCTCGCTCATGTCCAA-1,1,41,99,23465,33975
GCGCAAGAGCGCGCTG-1,1,40,100,22960,34266
TTGACGCTCCATGAGC-1,1,41,101,23466,34556
TATAGATGGTCGCAGT-1,1,40,102,22961,34847
TTACATGCCACAACTA-1,1,41,103,23466,35137
ACATGGCGCCAAAGTA-1,1,40,104,22961,35428
TATGGTTAGTGGGAGA-1,1,41,105,23467,35718
CATGACTTCGCTGAAT-1,1,40,106,22962,36010
ACCACCAATGTAACAA-1,0,41,107,23467,36300
TCTTAGAGCTCCAATT-1,0,40,108,22962,36591
CCACGAATTTAACCTC-1,0,41,109,23468,36881
TTCTTGCTAGCATCTC-1,0,40,110,22963,37172
ACACCTTACTACTTGC-1,0,41,111,23469,37462
AGTCGGTTGCGTGAGA-1,0,40,112,22963,37753
ACCTACAGTATGTGGT-1,0,41,113,23469,38043
GAGGATAAACAGTGCT-1,0,40,114,22964,38334
TTCCGGTATCTGTGTC-1,0,41,115,23470,38624
GGAGGCCGAAGTCGTC-1,0,40,116,22964,38915
TTCGCTAGGAAGTTGT-1,0,41,117,23470,39205
TAAAGACAACCCTTTA-1,0,40,118,22965,39496
GTTGCGCTAACATTAC-1,0,41,119,23471,39786
GCTGAACTCTCCAGGG-1,0,40,120,22966,40077
AGCCCTGTCGCACCGT-1,0,41,121,23471,40367
AGCGCTAGAGCGATGT-1,0,40,122,22966,40658
TGCGCCGTTAATAACG-1,0,41,123,23472,40948
TGACAACGCATGTCGC-1,0,40,124,22967,41239
CGTCTTGAGTGTGACG-1,0,41,125,23472,41529
GATAGGATTAATTACA-1,0,40,126,22967,41820
GATACCGTGTCGGAGT-1,0,41,127,23473,42110
TGTGTCGAAGTCGAGG-1,0,42,0,23944,5212
GGATCAGAGCCATCAG-1,0,43,1,24449,5502
GTCCCAATCATCCCGC-1,0,42,2,23944,5793
TGCCACACTAGAGGAA-1,0,43,3,24450,6083
TGAATTTCACTTGCCT-1,0,42,4,23945,6374
CTCAGATTGTGATAAG-1,0,43,5,24450,6664
CGGACGTTACTTGAAG-1,0,42,6,23945,6955
CCGCCTTGCGATGTCG-1,0,43,7,24451,7245
CCAGTCAAATCTCTTA-1,0,42,8,23946,7536
AAACAGCTTTCAGAAG-1,0,43,9,24452,7826
TAGCTGATGTGAAGCG-1,0,42,10,23946,8117
CTTATGCGCTCAGGGC-1,0,43,11,24452,8407
TGGCTCTTGTCGCGTA-1,0,42,12,23947,8698
TTGTGAGGCATGACGC-1,0,43,13,24453,8988
CATAAGCTCTCCGTCT-1,0,42,14,23947,9279
CCTTCTCAGCGTTCCT-1,0,43,15,24453,9569
TGCAGCTACGTACTTC-1,0,42,16,23948,9860
CTCTACACTGGCGATT-1,0,43,17,24454,10150
TGCAGATCGTCCTAGG-1,0,42,18,23948,10441
TGCCAAAGTCAGACTT-1,0,43,19,24454,10731
ACAATAGTCGTACGTT-1,0,42,20,23949,11022
CATGCCAACTCGCAAA-1,0,43,21,24455,11312
TGCAGAACTATATCGT-1,0,42,22,23950,11603
TCGTGTCACGCTGACA-1,0,43,23,24455,11893
TGATCAGGGAACTGCT-1,0,42,24,23950,12184
CTTGCAACCGCCTCCT-1,0,43,25,24456,12475
AGCCCATACATGTAAG-1,0,42,26,23951,12766
ATCCAATGGAGGGTCC-1,0,43,27,24457,13056
AAACCGGGTAGGTACC-1,1,42,28,23951,13347
GCAACCACGGCCGCGT-1,1,43,29,24457,13637
CGCTTATTCCCGGTCG-1,1,42,30,23952,13928
TTACTCTGGTACGTAC-1,1,43,31,24458,14218
GTGGTTTCCGCCTTTC-1,1,42,32,23952,14509
ATAGGCGGCTATAGAA-1,1,43,33,24458,14799
GTGCCATCACACGGTG-1,1,42,34,23953,15090
CCCAACATACGTCGCG-1,1,43,35,24459,15380
CGGTGCAGATAGAACG-1,1,42,36,23953,15671
GGGCGGGTTCCCTACG-1,1,43,37,24459,15961
TGAGCCATACAGTCTC-1,1,42,38,23954,16252
CTCCGCCCACATGAGG-1,1,43,39,24460,16542
GTTGAACCGGTTCCAT-1,1,42,40,23955,16833
TTGACTACCATATGGT-1,1,43,41,24460,17123
ACCATCGTATATGGTA-1,1,42,42,23955,17414
TGCGTAAGAACCTGAT-1,1,43,43,24461,17704
AGAAGGTTGCCGAATT-1,1,42,44,23956,17995
AGGACGACCCATTAGA-1,1,43,45,24461,18285
GGTGCTGGTACACATT-1,1,42,46,23956,18576
GCGCTATGCCGAGGCA-1,1,43,47,24462,18866
ACCCGGTTACACTTCC-1,1,42,48,23957,19157
TAACTCATCCGCGCGG-1,1,43,49,24463,19447
CACAATGAGCTGCTAT-1,0,42,50,23957,19738
GTTACTTTGGGCCTAG-1,0,43,51,24463,20028
GGGCCCGTCTTAAACA-1,0,42,52,23958,20320
GAAATTGTCTCTATAA-1,0,43,53,24464,20610
GGCGCATGAATTGATG-1,0,42,54,23958,20901
CATATAGGTACAGTCA-1,0,43,55,24464,21191
TCAACGAGGAGACAAA-1,1,42,56,23959,21482
TTGCACAATTCAGAAA-1,1,43,57,24465,21772
CATCGGACGGGTTAAT-1,1,42,58,23960,22063
ATTAAACATGCGGACC-1,1,43,59,24465,22353
TATCTACCACAGCGGG-1,1,42,60,23960,22644
CGAGACCCTAGAGTGT-1,1,43,61,24466,22934
ACATCGATCGTTTACC-1,1,42,62,23961,23225
ATCGACCCAATACAGA-1,1,43,63,24466,23515
GAATCTGAACATTCTC-1,1,42,64,23961,23806
AGTTCCTATTTATGTT-1,1,43,65,24467,24096
CAGTCTGTATACTGGG-1,1,42,66,23962,24387
GGAGACGACACCTTTG-1,1,43,67,24468,24677
CCTAAATTAACGGTTC-1,1,42,68,23962,24968
GCTACGACTTATTGGG-1,1,43,69,24468,25258
CTGTGCAGGGTAGGTC-1,1,42,70,23963,25549
ACGCCGCTAGACGACC-1,1,43,71,24469,25839
ACTTGACTCCCTCTTT-1,1,42,72,23963,26130
CGCCTCCCTCCTCTAT-1,1,43,73,24469,26420
CTAGATTTACGACGGC-1,1,42,74,23964,26711
GATGCTGTATTTCATC-1,1,43,75,24470,27001
TGCGTTTGTTGACACT-1,1,42,76,23964,27292
CGTGCCCTCCCGAAGA-1,1,43,77,24470,27582
ACTCTCTGACTTAGGT-1,1,42,78,23965,27873
CTGGGTAGGCAGTTAA-1,1,43,79,24471,28164
GTTTGGCCCAAGTTAT-1,1,42,80,23966,28455
GAATGTGGTCCGGATT-1,1,43,81,24471,28745
CCCAGTTAAGGCGCCG-1,1,42,82,23966,29036
CGGTACTAGAATCAAA-1,1,43,83,24472,29326
GCTTAATGTAACTAAC-1,1,42,84,23967,29617
AGGACAGTCGAATCCC-1,1,43,85,24472,29907
GACAGCCAGACCTGAC-1,1,42,86,23967,30198
GGCGAAATCTAACTTG-1,1,43,87,24473,30488
CTGGTAACACATAGAA-1,1,42,88,23968,30779
TAGCCATTTCAAAGTC-1,1,43,89,24474,31069
GGGATTTACCGCACCT-1,1,42,90,23968,31360
ATGCCATTTGCGACCA-1,1,43,91,24474,31650
GAATAGACGCGACCCA-1,1,42,92,23969,31941
TGTATGGCGCAGACAG-1,1,43,93,24475,32231
GGATGAAGATCGCTGA-1,1,42,94,23969,32522
CGACAATTTGATCTAA-1,1,43,95,24475,32812
AAAGTTGACTCCCGTA-1,1,42,96,23970,33103
CGCGGCTCAACTTGAA-1,1,43,97,24476,33393
CACGCGGAACTGTTGC-1,1,42,98,23971,33684
TCTTAGAGTGAACTCT-1,1,43,99,24476,33974
AGTCCATTGGCTGATG-1,1,42,100,23971,34265
TTAAGATAGGATTGAC-1,1,43,101,24477,34555
ACATCCTGGTAACTGT-1,1,42,102,23972,34846
CACCTTGGCGCCTTTG-1,1,43,103,24477,35136
GCTAGACCGTCTACTG-1,1,42,104,23972,35427
CGGCCCAGGTATATCC-1,1,43,105,24478,35718
GTCCATTACTGCTACG-1,1,42,106,23973,36009
GGGTTTAGGATAGGAT-1,0,43,107,24479,36299
TAATTAGGACATCCGT-1,0,42,108,23973,36590
GCTCCCAGTCGGTCCA-1,0,43,109,24479,36880
ATTCGTGCTATCTCTT-1,0,42,110,23974,37171
GTTAACTATGTTGTCA-1,0,43,111,24480,37461
GCTCCGCTCGCTTCAG-1,0,42,112,23974,37752
GCAACGGCTAGTTATG-1,0,43,113,24480,38042
AATCGCGCAGAGGACT-1,0,42,114,23975,38333
AGGTTACACCATGCCG-1,0,43,115,24481,38623
CGAGATTTCGCTCGGG-1,0,42,116,23975,38914
CGATAATACTCAGGTT-1,0,43,117,24481,39204
AAGGCAGGCTGTCTCC-1,0,42,118,23976,39495
GTAAGTCCACACTCTA-1,0,43,119,24482,39785
ATGAGGGCAGCGGCTA-1,0,42,120,23977,40076
GCCGCACTCCGTTTCA-1,0,43,121,24482,40366
GAGCACGGCGCCTCTT-1,0,42,122,23977,40657
ACAATTTGGCCATATT-1,0,43,123,24483,40947
CTGGTTCGCGAGCTAC-1,0,42,124,23978,41238
GACGGTCCTAGGGTGT-1,0,43,125,24483,41528
ACTCGCGATCTGACGC-1,0,42,126,23978,41819
GTGTACGAACCGTTCC-1,0,43,127,24484,42109
CTTTGACGTCGCTTCT-1,0,44,0,24955,5211
CGTTATCATACTTCCA-1,0,45,1,25460,5501
GCTATGCCAGCTTATG-1,0,44,2,24955,5792
CAGTCGGCCTAGATAT-1,0,45,3,25461,6082
CCCGTGAGGGCGGTGA-1,0,44,4,24956,6373
TCTCGTGTTACGAGGA-1,0,45,5,25462,6663
ACGTCTCGTTCCGGGA-1,0,44,6,24956,6954
CGAGAGCGCGTAGATA-1,0,45,7,25462,7244
GACAGATTTCTGGCTC-1,0,44,8,24957,7535
GGGCCTAAATGGGCTA-1,0,45,9,25463,7825
ACTTGTAGTCCCTTCA-1,0,44,10,24957,8116
CCCGAAGTTTCGCGAA-1,0,45,11,25463,8406
ACCATCCGCCAACTAG-1,0,44,12,24958,8697
TGCGAATATGGGATTT-1,0,45,13,25464,8987
TACATCCCTATCCCTG-1,0,44,14,24958,9278
GTGGGAAGACTGAATC-1,0,45,15,25464,9568
TCAACATCGACCGAGA-1,0,44,16,24959,9859
CTATGTGAGTCACGGC-1,0,45,17,25465,10149
CCGAACACTGGGCCTC-1,0,44,18,24960,10440
AAACTTGCAAACGTAT-1,0,45,19,25465,10730
AGGGCGAGCAGCTGAT-1,0,44,20,24960,11021
AACACGAGACGCGGCC-1,0,45,21,25466,11311
TGACGAATATTTCCCT-1,0,44,22,24961,11602
TCGGAGAGTATCGGGA-1,0,45,23,25466,11892
CAAATCTCTCACAAGG-1,0,44,24,24961,12184
AGGCCCTAGAACGCCA-1,0,45,25,25467,12474
TAGAGATCATGCAACT-1,0,44,26,24962,12765
TTGTTTCCATACAACT-1,0,45,27,25468,13055
GAGAGGTGCATTCTGG-1,1,44,28,24962,13346
GTGGACCAACCCGATT-1,1,45,29,25468,13636
CTGGGCCTGCTATATC-1,1,44,30,24963,13927
CATAGTCCACAAGAAC-1,1,45,31,25469,14217
TTGACATGAACGTGGA-1,1,44,32,24963,14508
GGTTACCACCCTCGGG-1,1,45,33,25469,14798
TACCGGTCGTTTCCAT-1,1,44,34,24964,15089
CGAGTACTAAAGAGGA-1,1,45,35,25470,15379
GCAAGAATTCCTTGGC-1,1,44,36,24965,15670
TCGCCGAAGTTGCGTC-1,1,45,37,25470,15960
TTGAGAGTACTGCTAA-1,1,44,38,24965,16251
GCCACAATTTAAGGAC-1,1,45,39,25471,16541
ATATTCAGTTAAACCT-1,1,44,40,24966,16832
TGAGTGCCTCTTAAAT-1,1,45,41,25471,17122
ATCAGACGGCACGCCG-1,1,44,42,24966,17413
GTGCGAAATCGAACAC-1,1,45,43,25472,17703
GTGCCGCTTCAAAGGT-1,1,44,44,24967,17994
GATACGATGGGAGTCA-1,1,45,45,25473,18284
GACACTGAGTTCAGTG-1,1,44,46,24967,18575
ATCCTGCGTGGAATGG-1,1,45,47,25473,18865
ATCCTACCTAAGCTCT-1,1,44,48,24968,19156
AGTGATATGAGTAGTT-1,1,45,49,25474,19446
ATGATGCAATGGTACA-1,0,44,50,24968,19737
GAAACCGAATTACCTT-1,0,45,51,25474,20028
AGTGACCTACTTTACG-1,0,44,52,24969,20319
CAAATGTCCTTCCGTG-1,1,45,53,25475,20609
TTACTGGGATATTTCA-1,0,44,54,24969,20900
CTTGCCCAGGCTCTAC-1,1,45,55,25475,21190
AAATCGTGTACCACAA-1,1,44,56,24970,21481
GTGATCATAGATCTGC-1,1,45,57,25476,21771
TGGCAGATTACGATCA-1,1,44,58,24971,22062
TCACCCTCTTAAGATT-1,1,45,59,25476,22352
CAGGATATATCGTTGT-1,1,44,60,24971,22643
CCTGACCACCGATGGT-1,1,45,61,25477,22933
CTAAAGGGAAATAGGA-1,1,44,62,24972,23224
CCGCTATCAGCACCAG-1,1,45,63,25477,23514
CTTTAGTGCTATTATT-1,1,44,64,24972,23805
CGGGAATTTATGTAAA-1,1,45,65,25478,24095
TACGACTGCCTCTTAG-1,1,44,66,24973,24386
AAACTGCTGGCTCCAA-1,1,45,67,25479,24676
GTACGTTTGCCCGTCA-1,1,44,68,24973,24967
GGCAAGGCGAAATAGC-1,1,45,69,25479,25257
GATCTTGGAGGGCATA-1,1,44,70,24974,25548
AGCGTGGTATTCTACT-1,1,45,71,25480,25838
CTAAGGGAATGATTGG-1,1,44,72,24974,26129
CATGGTAAGTAGCGTT-1,1,45,73,25480,26419
CGTTGAGCGACCGTCG-1,1,44,74,24975,26710
TGCCCGTACCGTTAAA-1,1,45,75,25481,27000
ACAAGGGCAGGCTCTG-1,1,44,76,24976,27291
GAGATCTTCCATGACA-1,1,45,77,25481,27582
AATGACGTAGGATGTC-1,1,44,78,24976,27873
GTGGTGGCCAAGTGAA-1,1,45,79,25482,28163
TCCCGTGTGCAATTTG-1,1,44,80,24977,28454
ACATCGTATGCAATGG-1,1,45,81,25482,28744
GCGAAACTTAACTGGA-1,1,44,82,24977,29035
AATTGAACGCTCTGGT-1,1,45,83,25483,29325
ACAAATGGTAGTGTTT-1,1,44,84,24978,29616
ATGGTCGCGTGGTTTC-1,1,45,85,25484,29906
TGTTATTGTATGTGGC-1,1,44,86,24978,30197
TTCCGGTTACCCACTT-1,1,45,87,25484,30487
GAGTGTGCGGTACCCA-1,1,44,88,24979,30778
CAAGATATTATAACGT-1,1,45,89,25485,31068
ACACACCAGGACCAGT-1,1,44,90,24979,31359
ATGGGCCTCGGCCTCT-1,1,45,91,25485,31649
AAGGTGATAAACCAGC-1,1,44,92,24980,31940
TCTTACTTATGCCTCT-1,1,45,93,25486,32230
AAAGTGTGATTTATCT-1,1,44,94,24980,32521
TGCTCCACAGTTCTTA-1,1,45,95,25486,32811
CTGGCTGATTCATCCT-1,1,44,96,24981,33102
TAAGGCTGAATCCCTC-1,1,45,97,25487,33392
TCTAGTGATATCGTGG-1,1,44,98,24982,33683
TCGAAGAACCGAGCAC-1,1,45,99,25487,33973
GACAAACATATGCAGG-1,1,44,100,24982,34264
AAGTCAATTGTCGTCA-1,1,45,101,25488,34554
AGTGAACAAACTTCTC-1,1,44,102,24983,34845
CATGATGGAAGTTAGC-1,1,45,103,25489,35135
AAGTGCCTTGACTGTA-1,1,44,104,24983,35427
ATCGCCAGTCAACATT-1,0,45,105,25489,35717
ACCGCGGTGGAAGTCG-1,0,44,106,24984,36008
TCTTCTATAACCCGCC-1,0,45,107,25490,36298
CACATTTCTTGTCAGA-1,0,44,108,24984,36589
TAGCGTCCCTCGATTG-1,0,45,109,25490,36879
GTTCGGATCGGGAACA-1,0,44,110,24985,37170
CAAACTCGCGACGCCG-1,0,45,111,25491,37460
GTCTTGTAGCTATTCA-1,0,44,112,24985,37751
TCTCGACGTATCGCCG-1,0,45,113,25491,38041
TTGCCAAGCAGAACCC-1,0,44,114,24986,38332
AAACCCGAACGAAATC-1,0,45,115,25492,38622
TTGAGCAGCCCACGGT-1,0,44,116,24987,38913
CGCCTTTAGCATGCTC-1,0,45,117,25492,39203
TGTGGCTCCCACCAAC-1,0,44,118,24987,39494
CCGCCGTTGAGGATAA-1,0,45,119,25493,39784
CAATACGAGAGTCTGA-1,0,44,120,24988,40075
CATCTAGTGAAGGGAA-1,0,45,121,25493,40365
GGTGGAGGTTGATACG-1,0,44,122,24988,40656
CCGCACACGAACGTGT-1,0,45,123,25494,40946
AGAACCCAGCGTGACA-1,0,44,124,24989,41237
GCGCTCGATCACCTGT-1,0,45,125,25495,41527
ATCATGGACTACCGAC-1,0,44,126,24989,41818
TACGCCGCCTCAGAAG-1,0,45,127,25495,42108
CGACCTACTAGACAAT-1,0,46,0,25966,5210
GAGTCTTGTAAAGGAC-1,0,47,1,26471,5500
AATATCCTAGCAAACT-1,0,46,2,25966,5791
CCCTAGGCAACAAGAG-1,0,47,3,26472,6081
ACAAAGAAGGTAGGCC-1,0,46,4,25967,6372
CCCTGGCTGTTCCTTC-1,0,47,5,26473,6662
TCGCCGCACCGCGTGA-1,0,46,6,25967,6953
TATAGCGCACGTTATC-1,0,47,7,26473,7243
TTATCTGACATTAGGA-1,0,46,8,25968,7534
AGTGGTGTTACCCGTG-1,0,47,9,26474,7824
GCCAAGAATACTTCTG-1,0,46,10,25968,8115
CCGGCGTGAGACTCTG-1,0,47,11,26474,8405
TTCCCGGCGCCAATAG-1,0,46,12,25969,8696
AAACAGGGTCTATATT-1,0,47,13,26475,8986
ACAGTAATACAACTTG-1,0,46,14,25970,9277
CGAACGGCCGGACAAC-1,0,47,15,26475,9567
GCAACACACTAGAACT-1,0,46,16,25970,9858
ACTCCCATTCCTAAAG-1,0,47,17,26476,10148
ACCTGCGTGTCATGTT-1,0,46,18,25971,10439
TACTTTCCGCACGCCA-1,0,47,19,26476,10729
AGGTCAGGTGAGAGTG-1,0,46,20,25971,11020
TCCTCCTAAGACATTC-1,0,47,21,26477,11310
ATGTGAAAGCCTAATG-1,0,46,22,25972,11601
AGTCGGCTCAACTTTA-1,0,47,23,26478,11892
CGATCTGTTGGAGGAC-1,0,46,24,25972,12183
ACGGGAGTGTCGGCCC-1,0,47,25,26478,12473
TTAACTTCAGGTAGGA-1,0,46,26,25973,12764
CCACGGAGCCATAAGA-1,1,47,27,26479,13054
CTTCTATGTTGAAGTA-1,1,46,28,25973,13345
CACCGTTGCGCGATAT-1,1,47,29,26479,13635
TCTAGCAATCTCCGCC-1,1,46,30,25974,13926
AGTTTGGCCAGACCTA-1,1,47,31,26480,14216
TTGTAAGGACCTAAGT-1,1,46,32,25974,14507
AAATTTGCGGGTGTGG-1,1,47,33,26480,14797
AAGTTCGGCCAACAGG-1,1,46,34,25975,15088
CCGCTTACCTCACTCT-1,1,47,35,26481,15378
ATCACGTGCTAATTAA-1,1,46,36,25976,15669
GGTGAAGTACAGGGAT-1,1,47,37,26481,15959
GCTGTATTACTGGCCC-1,1,46,38,25976,16250
AACGGCCATCTCCGGT-1,1,47,39,26482,16540
TAAGTAACATCTTGAC-1,1,46,40,25977,16831
TTCTTGAGCCGCGCTA-1,1,47,41,26483,17121
AGTGCGTAGCTCGTAA-1,1,46,42,25977,17412
GGGATGGTCGTAACCG-1,1,47,43,26483,17702
GTCTGGGCGGTCGAGA-1,1,46,44,25978,17993
CGGAACGTAAACATAG-1,1,47,45,26484,18283
TGCGACACCCTAGTGC-1,1,46,46,25978,18574
CAAACGAGTATCGCAG-1,1,47,47,26484,18864
TCAGTAGGGACTATAA-1,1,46,48,25979,19155
GCGGTTCCCTATCATG-1,1,47,49,26485,19446
GTGACTTCAGTAGTGC-1,1,46,50,25979,19737
CGTCACGTCCATTGGT-1,1,47,51,26485,20027
ATAAGTTACCGCGACG-1,1,46,52,25980,20318
CTGAATCCGAGACCTC-1,1,47,53,26486,20608
TACGACGCTTGCTGCG-1,1,46,54,25981,20899
GAATTCACCCGGGTGT-1,0,47,55,26486,21189
GGGTGACACCTTAACT-1,1,46,56,25981,21480
TGAGTAAATTAGCGTA-1,1,47,57,26487,21770
GAGTCCGCTTACCGGA-1,1,46,58,25982,22061
GGCGCGTTCGAGTTTA-1,1,47,59,26487,22351
ATTCATATACTGTCCA-1,1,46,60,25982,22642
ATAAACGGACCCGTAA-1,1,47,61,26488,22932
GTCGTACCATCTCGGG-1,1,46,62,25983,23223
ATAATAGCTGTTGAAT-1,1,47,63,26489,23513
TTCCGCGTGAGGCGAT-1,1,46,64,25983,23804
TACCGGCTCACTGCCC-1,1,47,65,26489,24094
GTATCTTTCATAACCA-1,1,46,66,25984,24385
GTTACCTACAACTTGC-1,1,47,67,26490,24675
TGACTATAATCCTTTC-1,1,46,68,25984,24966
AAATACCTATAAGCAT-1,1,47,69,26490,25256
TTATTAGAGCGTGTTC-1,1,46,70,25985,25547
ATGTGGACATCTTGAT-1,1,47,71,26491,25837
GTACGCTTCATTGCAC-1,1,46,72,25986,26128
CACATATTAGCAGGAT-1,1,47,73,26491,26418
CAAGAGGGCGGAGTAC-1,1,46,74,25986,26709
TCGCAAAGATGCATTT-1,1,47,75,26492,26999
GTCGTTATTCGCTTAT-1,1,46,76,25987,27290
TCGTGTACTATGGATG-1,1,47,77,26492,27581
GCGGAGAGGGAGAACG-1,1,46,78,25987,27872
TCACAGGGAATCGCAA-1,1,47,79,26493,28162
GACTGCACCAGCCCAG-1,1,46,80,25988,28453
TCCGCTGTCATCCCGG-1,1,47,81,26494,28743
AGATACTCAAGATCGA-1,1,46,82,25988,29034
ACTGAATGGCGAAAGT-1,1,47,83,26494,29324
TCCTACATCCACGGCC-1,1,46,84,25989,29615
TTCAGCCCTGGTCCAC-1,1,47,85,26495,29905
TTAGAGTTTAGAAGGA-1,1,46,86,25989,30196
GGTTAGCTATATGTCT-1,1,47,87,26495,30486
CTGGTTTCGAGCAAGA-1,1,46,88,25990,30777
TGGGCCCATACTAATT-1,1,47,89,26496,31067
ACTTATTTATGTGCCA-1,1,46,90,25990,31358
TTAGTTATTCGTGGCA-1,1,47,91,26496,31648
AACCGCTAAGGGATGC-1,1,46,92,25991,31939
ATACGTCCACTCCTGT-1,1,47,93,26497,32229
CGACACGCTCCGACAG-1,1,46,94,25992,32520
TCTGAACTCGTACCCG-1,1,47,95,26497,32810
AGGATATAGGGATTTA-1,1,46,96,25992,33101
GTGATCACTAACGCCT-1,1,47,97,26498,33391
ACCGGGCCTTTGTTGA-1,1,46,98,25993,33682
TTGACAGGAGCTCCCG-1,1,47,99,26498,33972
CTCTTCTATTGACTGG-1,1,46,100,25993,34263
CGTGGCCGAATATCTA-1,1,47,101,26499,34553
GGTTTAGCCTTTCTTG-1,1,46,102,25994,34844
TCAAGGTTACTACACC-1,1,47,103,26500,35135
TTGACTATTGTCCGGC-1,1,46,104,25994,35426
CGGGAATATAGTATAC-1,0,47,105,26500,35716
GCAACAGCAGTATGCG-1,0,46,106,25995,36007
ATCAAACACTGTTCCA-1,0,47,107,26501,36297
TGGGCAATAGTTGGGT-1,0,46,108,25995,36588
TGAATGTCAGCCGGCC-1,0,47,109,26501,36878
CGGCTCTAAAGCTGCA-1,0,46,110,25996,37169
GGACACAAGTTTACAC-1,0,47,111,26502,37459
CCGAGAAGTCGCATAA-1,0,46,112,25997,37750
AACTACCCGTTTGTCA-1,0,47,113,26502,38040
GCACAAACGAGGCGTG-1,0,46,114,25997,38331
CACACAGCTTGCGCTC-1,0,47,115,26503,38621
GTGCTTACATCAGCGC-1,0,46,116,25998,38912
GCAAACGTCGCCAGGT-1,0,47,117,26503,39202
GAATAGCATTTAGGGT-1,0,46,118,25998,39493
TACTGTTTCTCTGGTA-1,0,47,119,26504,39783
TCCTATCATAGGTAAC-1,0,46,120,25999,40074
TTCGGTGGAGACGCCC-1,0,47,121,26505,40364
TGTTGCCGTCGTCCCA-1,0,46,122,25999,40655
CCAACTTGATAGATCC-1,0,47,123,26505,40945
CAAAGGTCATCTGAAA-1,0,46,124,26000,41236
CTAGCTTAATGGTCCC-1,0,47,125,26506,41526
AGGCCACATTGGTTAC-1,0,46,126,26000,41817
TTAGGATGGGAGGGTA-1,0,47,127,26506,42107
TATGACCTTGCGCTGG-1,0,48,0,26977,5209
ATATACATGTATGGTA-1,0,49,1,27483,5499
TGTGTGACCATGAATC-1,0,48,2,26977,5790
CCCACTCCACGGTATC-1,0,49,3,27483,6080
GGGCAGACGTCACTGC-1,0,48,4,26978,6371
TCAAAGAGCTATCTGT-1,0,49,5,27484,6661
AGATGCATCCTGTGTC-1,0,48,6,26978,6952
GTGAAGTCACGACTCG-1,0,49,7,27484,7242
TGATTCAGGTCCCGCG-1,0,48,8,26979,7533
CGCCACAGGTCGCGAT-1,0,49,9,27485,7823
TTGAATCGTTGTATAA-1,0,48,10,26980,8114
TGGCCAATTTGGTACT-1,0,49,11,27485,8404
CGACCCTTAACGCCGG-1,0,48,12,26980,8695
TCGGCGTACTGCACAA-1,0,49,13,27486,8985
GAGTAAGGCCACGGGA-1,0,48,14,26981,9276
ATCAGCTCGTCCACTA-1,0,49,15,27486,9566
AGGATCACGCGATCTG-1,0,48,16,26981,9857
AAATGGCCCGTGCCCT-1,0,49,17,27487,10147
CAGTACCAGTTTACGT-1,0,48,18,26982,10438
GGTCGTAAGCTCGCAC-1,0,49,19,27488,10728
CGTTCATGGTGCGCGT-1,0,48,20,26982,11019
GACTACAAAGCGGTGG-1,0,49,21,27488,11309
CAGCTGGCGTAACCGT-1,0,48,22,26983,11601
ACTCGTAACCCGTCCT-1,0,49,23,27489,11891
CATATGTCAGGCTACG-1,0,48,24,26983,12182
GCCCGACTTCTTCCCG-1,0,49,25,27489,12472
CTGGCATCCGAATGAG-1,0,48,26,26984,12763
AAGTGCGTTAGAATCT-1,1,49,27,27490,13053
AGAAGTGATTCGTGAT-1,1,48,28,26984,13344
TACCTTAAGATTTCCC-1,1,49,29,27490,13634
AATGACAGCAATGTCT-1,1,48,30,26985,13925
TCAACGCAGGAAATAA-1,1,49,31,27491,14215
TATTCCTCCGCCCACT-1,1,48,32,26986,14506
ATCAAACGAAGGTTTG-1,1,49,33,27491,14796
TTGATTAGCTGTTTCT-1,1,48,34,26986,15087
CTGCTGAGGCCACGAA-1,1,49,35,27492,15377
CCGTGTTAAATTCCAT-1,1,48,36,26987,15668
CACGTCGGCAACCTCT-1,1,49,37,27492,15958
GTATTCTGAGAAACGA-1,1,48,38,26987,16249
CGGTGCGCGTTGGTCC-1,1,49,39,27493,16539
GTGATTCGCCGCTCAA-1,1,48,40,26988,16830
GCCCGCGCGTAAACGG-1,1,49,41,27494,17120
AACGTACTGTGGGTAC-1,1,48,42,26988,17411
GAGTATGCCCGCCTTG-1,1,49,43,27494,17701
TGATTCTGTCGCCGGT-1,1,48,44,26989,17992
GGGCGGCAAATGAATT-1,1,49,45,27495,18282
TTCCAATCTGGCTATC-1,1,48,46,26989,18573
GGAACCGTGTAAATTG-1,1,49,47,27495,18863
TTGGTCACACTCGTAA-1,1,48,48,26990,19154
CGAACCCGCATGCGTC-1,1,49,49,27496,19445
GGGCGTCACCACGTAA-1,1,48,50,26991,19736
TACCAGAAGTAGGTTC-1,1,49,51,27496,20026
TTGGATATCGTCTACG-1,1,48,52,26991,20317
TAGATATGGACTGGAA-1,1,49,53,27497,20607
GCGACGATAGTTGTAC-1,0,48,54,26992,20898
CTGGATTTACACTTGA-1,0,49,55,27497,21188
GTTATATTATCTCCCT-1,1,48,56,26992,21479
TATTCCACTCAGCTCG-1,1,49,57,27498,21769
CTGTTACCCAATCTAG-1,1,48,58,26993,22060
ACGCGAAGTCAGACGA-1,1,49,59,27499,22350
GATAGGTAACGTTGAC-1,1,48,60,26993,22641
TGTTCGTATTGCGGTG-1,1,49,61,27499,22931
GGTCAGTGGGTCCCAC-1,1,48,62,26994,23222
AATTCTAGAGTTAGGC-1,1,49,63,27500,23512
GTTTACGTTCCATCTG-1,1,48,64,26994,23803
AGACCCACCGCTGATC-1,1,49,65,27500,24093
TCTAGCATGCCCAGAA-1,1,48,66,26995,24384
CCCGCAGCGCGAACTA-1,1,49,67,27501,24674
CTCTATTTGGCTGCAG-1,1,48,68,26995,24965
TTCTGCCGCGCCTAGA-1,1,49,69,27501,25255
ACTCCCTAGAATAGTA-1,1,48,70,26996,25546
CCGAACCTTCCCGGCC-1,1,49,71,27502,25836
TCAGACGCTATAGAAG-1,1,48,72,26997,26127
CAGGCGCCATGCTAGG-1,1,49,73,27502,26417
CACTCGAGCTGAACAA-1,1,48,74,26997,26708
ACAAGGAAATCCGCCC-1,1,49,75,27503,26999
ACCACGTGCAGCTATA-1,1,48,76,26998,27290
ACGGCGACGATGGGAA-1,1,49,77,27503,27580
TTACTAAAGGACTTTA-1,1,48,78,26998,27871
GGCTGAAATAGCAAAG-1,1,49,79,27504,28161
TTAGACGAGTCACCTC-1,1,48,80,26999,28452
GTAGTCGCGGGAATCA-1,1,49,81,27505,28742
GCAAACCCTACATTAT-1,1,48,82,26999,29033
GTTAAAGTAGGACTGG-1,1,49,83,27505,29323
ACCCTCCCTTGCTATT-1,1,48,84,27000,29614
CATGTCTCATTTATGG-1,1,49,85,27506,29904
AATAGAATCTGTTTCA-1,1,48,86,27000,30195
TCTCATGAGATAGGGT-1,1,49,87,27506,30485
ATGACTATGCGACATT-1,1,48,88,27001,30776
CCTAACCCAAACAAGT-1,1,49,89,27507,31066
AGTCAAGATGACACTT-1,1,48,90,27002,31357
CGGGAGCTTCAGTGTA-1,1,49,91,27507,31647
CCACAGTACCCATCCT-1,1,48,92,27002,31938
GAGCGCGCACGAGTAG-1,1,49,93,27508,32228
ACCAGTGCGGGAGACG-1,1,48,94,27003,32519
TCCTTACGACGGTCCG-1,1,49,95,27508,32809
TAGTCGATCACGGGTT-1,1,48,96,27003,33100
AGACGAAGTGCCGGTC-1,1,49,97,27509,33390
CGCTGGTGACTACCCT-1,1,48,98,27004,33681
AGGCATTGTCGTAGGG-1,1,49,99,27510,33971
TGGTAGAATATATGGG-1,1,48,100,27004,34262
TTCTTATCCGCTGGGT-1,1,49,101,27510,34553
AGTTTGGCACGGGTTG-1,1,48,102,27005,34844
GCATCGGCCGTGTAGG-1,0,49,103,27511,35134
ATGCGAGTCCCACCAC-1,0,48,104,27005,35425
TCGGCGAACCCAAACC-1,0,49,105,27511,35715
AGAGTAAACTTCACTA-1,0,48,106,27006,36006
AAGCCGAAGCGGTTTA-1,0,49,107,27512,36296
CCCGAGTTTCTCCGTA-1,0,48,108,27006,36587
AATATCGAATCAATGC-1,0,49,109,27512,36877
GCGCCTCCCACTCCGA-1,0,48,110,27007,37168
CGTTAAACTAGTTAGG-1,0,49,111,27513,37458
TGAGTTAAAGACATTC-1,0,48,112,27008,37749
AACAGGTAGTATGGAT-1,0,49,113,27513,38039
GAACGCGGGTCACACG-1,0,48,114,27008,38330
TGTTTGAGATCGTCAG-1,0,49,115,27514,38620
ATCTCGTGAGCGAAAC-1,0,48,116,27009,38911
CTGAGAAAGTTCGGCG-1,0,49,117,27514,39201
ATTACCACACTGCCTG-1,0,48,118,27009,39492
CTGCTGTCTAACGAGC-1,0,49,119,27515,39782
CGTGGAAGCCTCGTAC-1,0,48,120,27010,40073
GGACTCACAAATTAGG-1,0,49,121,27516,40363
CTTTGCTGTCATGGAT-1,0,48,122,27010,40654
GGTGTTGGGCGTCTTA-1,0,49,123,27516,40944
TACCATGTATTGATTT-1,0,48,124,27011,41235
GGTCTCCAAGTAGTGC-1,0,49,125,27517,41525
ATCCTTCTGAAAGAAC-1,0,48,126,27011,41816
CCGGAAGTTATCAGTC-1,0,49,127,27517,42106
TTAGAGGGATATACAG-1,0,50,0,27988,5208
TTGTACACCTCGAACA-1,0,51,1,28494,5498
GTGGGTACTGAGCGTA-1,0,50,2,27988,5789
CTTAAGCAGCGAGCCG-1,0,51,3,28494,6079
GCATTGACTTGCGGAA-1,0,50,4,27989,6370
CCATAACCTGTGCAGT-1,0,51,5,28495,6660
GGGCTACTATTTCGTG-1,0,50,6,27989,6951
GGCGAGCGAAACGGCA-1,0,51,7,28495,7241
GGAGACCATCTACATA-1,0,50,8,27990,7532
AGACCAAACCACACCT-1,0,51,9,28496,7822
CGACGCATCCGTACCT-1,0,50,10,27991,8113
CCTAGGTAAAGGTAGC-1,0,51,11,28496,8403
AGCGGCGGTTAGCGGT-1,0,50,12,27991,8694
CTGGACGCAGTCCGGC-1,0,51,13,28497,8984
AGCCTAATACCCACGT-1,0,50,14,27992,9275
AATCTGGCTTTCTAGT-1,0,51,15,28497,9565
CACCCTTGGTGAGACC-1,0,50,16,27992,9856
GGATCTTGACTCAACC-1,0,51,17,28498,10146
ACGAGGATACCACTCT-1,0,50,18,27993,10437
GAGTTGATGGCAATTT-1,0,51,19,28499,10727
GTGGCAAACAGCGGCA-1,0,50,20,27993,11018
GATGTAACGAACCACC-1,0,51,21,28499,11309
AGCCGTGGCTAAATGT-1,0,50,22,27994,11600
CTCCCTCCTTTCGATC-1,0,51,23,28500,11890
TTGGAAGAATACAGTC-1,0,50,24,27994,12181
AGTTAAGTCAACCGCT-1,0,51,25,28500,12471
CTCATGGTAATTTGCG-1,0,50,26,27995,12762
AAAGTAGCATTGCTCA-1,0,51,27,28501,13052
TTGTGGTAGGAGGGAT-1,1,50,28,27996,13343
AGTCGTGGGCATTACG-1,1,51,29,28501,13633
ACCTAAGTACCTTTCA-1,1,50,30,27996,13924
GTAGAGGGAGACAAGT-1,1,51,31,28502,14214
GATCCTCGACACTGGC-1,1,50,32,27997,14505
CCTACATTCACAGACG-1,1,51,33,28502,14795
TTGACCGTGTTAATGA-1,1,50,34,27997,15086
TCTGTTACCCAGCATA-1,1,51,35,28503,15376
CTAACTGGTCCGGTTC-1,1,50,36,27998,15667
AGCGACAGGAACGGTC-1,1,51,37,28504,15957
TAATAGAACAGAGTTA-1,1,50,38,27998,16248
ACAGGTGGAGGTGAGG-1,1,51,39,28504,16538
TGCGAGAATATTACCC-1,1,50,40,27999,16829
TTGCGTCGGCCAACCG-1,1,51,41,28505,17119
AGGCTTCCCGAAGAAG-1,1,50,42,27999,17410
GCGGACCGCGTTGTGG-1,1,51,43,28505,17700
GTAATCTGATTCTTCG-1,1,50,44,28000,17991
CCGCGGAATGCGTCAC-1,1,51,45,28506,18281
TTCCACACAGATTTGA-1,1,50,46,28000,18572
CTTCTATTAATGCTAG-1,1,51,47,28506,18863
CATTTGAGTGGTACGT-1,0,50,48,28001,19154
TCACAGCAAACTCGAA-1,0,51,49,28507,19444
CAGACGAACCTGATAC-1,1,50,50,28002,19735
TAGCTAGAAGGCATGA-1,1,51,51,28507,20025
ATCCAGAGCAACAACC-1,1,50,52,28002,20316
TCCGGTTCGTCCGGTC-1,1,51,53,28508,20606
CGCGCATGTTTGATTG-1,0,50,54,28003,20897
TGGCGATCAAGTTATG-1,1,51,55,28509,21187
CCCTTTGACAGGTCTT-1,1,50,56,28003,21478
CAGAGACGGTCACCCA-1,1,51,57,28509,21768
TAGCTCGCCTGATAAC-1,1,50,58,28004,22059
TTGTGTTTCCCGAAAG-1,1,51,59,28510,22349
TATACACAGACGCCTT-1,1,50,60,28004,22640
ACATTAGTTTATATCC-1,1,51,61,28510,22930
CCATCGCAGTTAAACT-1,1,50,62,28005,23221
AATTAGCGCTGCAGCG-1,1,51,63,28511,23511
TCCGCTTATCCCATTA-1,1,50,64,28005,23802
GTTTGGGCTTGTGAGC-1,1,51,65,28511,24092
CTTGTCAACATTCGAG-1,1,50,66,28006,24383
GGACCAACAGGATAAC-1,1,51,67,28512,24673
AAGCTAGATCGAGTAA-1,1,50,68,28007,24964
TACCGTGCCTCGGACC-1,1,51,69,28512,25254
GTAGCCAAACATGGGA-1,1,50,70,28007,25545
TGCCAGTACGTGGAGA-1,1,51,71,28513,25835
ATAAGGTGGAGAACAT-1,1,50,72,28008,26126
CTTTAATATTGGTCGA-1,1,51,73,28513,26416
TGGTTCAACGGGTAAT-1,1,50,74,28008,26708
GCTGCTACTGCGTAGC-1,1,51,75,28514,26998
CTGCACAACTACATAT-1,1,50,76,28009,27289
ATATTCCACATAGTGA-1,1,51,77,28515,27579
TGGCAAACTAAATTAC-1,1,50,78,28009,27870
ACCGCAATAACTGCCT-1,1,51,79,28515,28160
TCGCACCAGGAGGCAG-1,1,50,80,28010,28451
ACTTCAGGCTGATCCC-1,1,51,81,28516,28741
ACAAATCGCACCGAAT-1,1,50,82,28010,29032
TCTGATGTATTCTGTC-1,1,51,83,28516,29322
CTTTACCGAATAGTAG-1,1,50,84,28011,29613
GCAGATCCATAAGACT-1,1,51,85,28517,29903
TTCCTCGGACTAACCA-1,1,50,86,28012,30194
TTATCCGGGATCTATA-1,1,51,87,28517,30484
CTGGAAGACACGGTGG-1,1,50,88,28012,30775
GTTCGTCTAAAGAACT-1,1,51,89,28518,31065
GTCTATTGGTTCCGGT-1,1,50,90,28013,31356
CTAGGCGCCCTATCAG-1,1,51,91,28518,31646
AACGGACGTACGTATA-1,1,50,92,28013,31937
AACACACGCTCGCCGC-1,1,51,93,28519,32227
GCTACTATAGTAGAGT-1,1,50,94,28014,32518
AGCATATCAATATGCT-1,1,51,95,28520,32808
CGAACAGTATGGGCGT-1,1,50,96,28014,33099
ACAATTGTGTCTCTTT-1,1,51,97,28520,33389
GATCGCTACCCGATTT-1,1,50,98,28015,33680
ATTGCGATCAGTAACT-1,1,51,99,28521,33970
CAGCAGTCCAGACTAT-1,1,50,100,28015,34261
AGAGGCTTCGGAAACC-1,0,51,101,28521,34552
AAACAAGTATCTCCCA-1,0,50,102,28016,34843
GGCAGCAAACCTATGC-1,0,51,103,28522,35133
ACTAGTTGCGATCGTC-1,0,50,104,28016,35424
TTGGACCATCTGGCAA-1,0,51,105,28522,35714
CCCTCCTCGCTCGTAT-1,0,50,106,28017,36005
GAGCGCAAATACTCCG-1,0,51,107,28523,36295
ATTACATGTCAGTCTT-1,0,50,108,28018,36586
TTGGGACGTAAGAGTT-1,0,51,109,28523,36876
CTTCGGCCAATTGTTT-1,0,50,110,28018,37167
AGACCGCTCCGCGGTT-1,0,51,111,28524,37457
GACCGCGTCTGACGTG-1,0,50,112,28019,37748
CCAAATAACAAGATTC-1,0,51,113,28524,38038
TCTTTAGAGTCTAACA-1,0,50,114,28019,38329
CTCCCAATGAGTCGCG-1,0,51,115,28525,38619
TAGTCTTTCCGAATTG-1,0,50,116,28020,38910
GAGTAAACCGGAAAGT-1,0,51,117,28526,39200
GATCTCGACGCTGTGG-1,0,50,118,28020,39491
CTGACATAGAAATAGA-1,0,51,119,28526,39781
TATACCGAGTGCCACA-1,0,50,120,28021,40072
TCCGAACGTTGCCGCT-1,0,51,121,28527,40362
GCAGAAGGTAATCTCC-1,0,50,122,28021,40653
GGTACTAAGTGCTTTG-1,0,51,123,28527,40943
CAGAATATTCGTTATC-1,0,50,124,28022,41234
TAATCAACCAAATGGG-1,0,51,125,28528,41524
TCTGCTTAGAACAAGC-1,0,50,126,28023,41815
AACTGAGTTATACTGA-1,0,51,127,28528,42106
CCTCAACGATCGCTGT-1,0,52,0,28999,5207
CGGTACGGCAAACCCA-1,0,53,1,29505,5497
CAGATGTTTGTCCCAA-1,0,52,2,28999,5788
GTTTGTTAGCCAAGTA-1,0,53,3,29505,6078
ACGTGACAAAGTAAGT-1,0,52,4,29000,6369
TTGTCACCGCGGTATC-1,0,53,5,29506,6659
GATCTAACCGTATTCA-1,0,52,6,29001,6950
ATGGAAATTTAAGGAG-1,0,53,7,29506,7240
ATTGATCACCACATTT-1,0,52,8,29001,7531
ACTGCTCGGAAGGATG-1,0,53,9,29507,7821
TCTAAAGAACAGTCTC-1,0,52,10,29002,8112
CTGGGTTGAGTTAAAG-1,0,53,11,29507,8402
CCCAGTAAACTTGGGA-1,0,52,12,29002,8693
AGATTCACAACCGATA-1,0,53,13,29508,8983
AGAAGGTACACTTCAC-1,0,52,14,29003,9274
GCAGGAACTTAGATCT-1,0,53,15,29509,9564
AATCTAGGTTTACTTG-1,0,52,16,29003,9855
CCCGGTGTATCGGAAT-1,0,53,17,29509,10145
TTATCCTCAAGGAATA-1,0,52,18,29004,10436
AGCATCATTTCGAAAG-1,0,53,19,29510,10727
CGCGAGTCTGCCGGGT-1,0,52,20,29004,11018
TGCGTCATGACTGAGC-1,0,53,21,29510,11308
GTATGAAATTTCACTC-1,0,52,22,29005,11599
TTGGTTGCGGTGCGCG-1,0,53,23,29511,11889
ACAGAACTGAGAACAA-1,0,52,24,29006,12180
CTACTATCATAGGTTT-1,0,53,25,29511,12470
CCTCTATCGATTAGCA-1,0,52,26,29006,12761
CCGTATCTCGTCGTAG-1,0,53,27,29512,13051
TCACGATGTCCGTGGA-1,1,52,28,29007,13342
TCAACAAAGATAATTC-1,1,53,29,29512,13632
ATGACGCGTTCTATCC-1,1,52,30,29007,13923
ATTTGCGCGAGTAGCT-1,1,53,31,29513,14213
TTCTTGGACGATCTGC-1,1,52,32,29008,14504
AGACGACGATGCCGCT-1,1,53,33,29514,14794
GGTCTCTGAATGGACT-1,1,52,34,29008,15085
GCTCAATCCGTTTATT-1,1,53,35,29514,15375
CCAGAAAGCAACTCAT-1,1,52,36,29009,15666
CACCGTTAGGGATCAC-1,1,53,37,29515,15956
AATAACACTAGAACAA-1,1,52,38,29009,16247
CACCCGGTTTGTGACT-1,1,53,39,29515,16537
CCACCAACTTTACTGT-1,1,52,40,29010,16828
AACTCTCAGTGTGCTC-1,1,53,41,29516,17118
AAACCGTTCGTCCAGG-1,1,52,42,29010,17409
CAGCGATTCCCTTCAA-1,1,53,43,29516,17699
GCTAGCTTGAATAGCT-1,1,52,44,29011,17990
TTGCGGCATCAGAAAG-1,1,53,45,29517,18280
AATAGAACAGAGTGGC-1,1,52,46,29012,18571
GCCATCGAGCTGCGTG-1,1,53,47,29517,18862
ACACTGATCAAGGTGT-1,1,52,48,29012,19153
ACCAACGCTTATTTAT-1,1,53,49,29518,19443
GACATCGATTTATAAC-1,1,52,50,29013,19734
CAGACACCGATCGCTG-1,1,53,51,29518,20024
CCAAGAAAGTGGGCGA-1,1,52,52,29013,20315
GGTAGACCGTTGGGCG-1,1,53,53,29519,20605
TCGTTAGGAGTCCCTA-1,1,52,54,29014,20896
ACGGCCAACATGGACT-1,1,53,55,29520,21186
GTGAGTGGTACAACGC-1,1,52,56,29014,21477
GAGACTTCGCGACCGA-1,1,53,57,29520,21767
GAAGTCAGTTGCACTA-1,1,52,58,29015,22058
GTTTGGTAGGGTCAAC-1,1,53,59,29521,22348
ACGGCACTTGCTTGGG-1,1,52,60,29015,22639
CCTCTGTACTATTCTA-1,1,53,61,29521,22929
CTATTCATGTGTCCCA-1,1,52,62,29016,23220
GCCCGATCTGTGGTCG-1,1,53,63,29522,23510
TTAGAAGAACATGACT-1,1,52,64,29017,23801
AGGATAAAGTCGGGAT-1,1,53,65,29522,24091
CGGCAAACATCGTGCG-1,1,52,66,29017,24382
CTAGTTACAACCCGGT-1,1,53,67,29523,24672
TTCGACAGAGCCCGTG-1,1,52,68,29018,24963
AAGCATACTCTCCTGA-1,1,53,69,29523,25253
GACGACGATCCGCGTT-1,1,52,70,29018,25544
GGTAGAAGACCGCCTG-1,1,53,71,29524,25834
GAGATGGGAGTCGACA-1,1,52,72,29019,26125
AACGATAATGCCGTAG-1,1,53,73,29525,26416
TGGTCCCACGCTACGG-1,1,52,74,29019,26707
CTGCTTGGCGATAGCT-1,1,53,75,29525,26997
ATCGGAGACAGACGGC-1,1,52,76,29020,27288
TAGCGTCCGGTGTGGT-1,1,53,77,29526,27578
GTTGAGTCCCGCCGGT-1,1,52,78,29020,27869
AAATAGGGTGCTATTG-1,1,53,79,29526,28159
AAGTGTTTGGAGACGG-1,1,52,80,29021,28450
AGCACTACCTCACCAG-1,1,53,81,29527,28740
TGCCTTGGCCAGGCAA-1,1,52,82,29021,29031
TCGTCTTAGGCGTTAA-1,1,53,83,29527,29321
TTCTGACCGGGCTCAA-1,1,52,84,29022,29612
CAGAACTTAGCCCTCT-1,1,53,85,29528,29902
AGCTCCTTCGCACATC-1,1,52,86,29023,30193
ACAGGCTTGCCCGACT-1,1,53,87,29528,30483
GCTATACGTCTCGGAC-1,1,52,88,29023,30774
GAGCCAGCTACCTGTG-1,1,53,89,29529,31064
TGCTAAGTGTCTATTT-1,1,52,90,29024,31355
GTCCTACGAATAGTCT-1,1,53,91,29529,31645
CAGTGTCGGCTGGCCC-1,1,52,92,29024,31936
CTATCGACGAAATACA-1,1,53,93,29530,32226
CATCATTACCCTGAGG-1,1,52,94,29025,32517
TAAGTTGCGACGTAGG-1,1,53,95,29531,32807
AGTGCACGCTTAAGAA-1,1,52,96,29025,33098
TGTGCCGGTGCCGGAA-1,1,53,97,29531,33388
AGGAGGCCTTCGCGCG-1,1,52,98,29026,33679
TCCGCGGCCCAATGAA-1,0,53,99,29532,33970
TCCGTTAAGCTAATAT-1,0,52,100,29026,34261
AAATCTAGCCCTGCTA-1,0,53,101,29532,34551
CGCAGGCGATCCAAAC-1,0,52,102,29027,34842
CCATATGGAAACTATA-1,0,53,103,29533,35132
CACCGTATCCCATCCG-1,0,52,104,29028,35423
GGTCAAGACTACTTCG-1,0,53,105,29533,35713
CCCGTTTCGCAGATGT-1,0,52,106,29028,36004
GTTATAATACGGTGAA-1,0,53,107,29534,36294
ACTTGTGGATGGAACG-1,0,52,108,29029,36585
GTTCGCTGAGACGTCT-1,0,53,109,29534,36875
GACACTGGAACCCGAT-1,0,52,110,29029,37166
CCCAGGTCTGAAGGCT-1,0,53,111,29535,37456
TCTCGAGGAGGTTCGC-1,0,52,112,29030,37747
ACTATCTGCCCGCGTA-1,0,53,113,29536,38037
CCTAAATTGTATCCTA-1,0,52,114,29030,38328
AGAAATTATGACTCGC-1,0,53,115,29536,38618
TCCAGCGCTATAAGCG-1,0,52,116,29031,38909
TCGTGTATTGGTCACG-1,0,53,117,29537,39199
CCACATACTGCACCCA-1,0,52,118,29031,39490
GTTGCGGACGGTCAGG-1,0,53,119,29537,39780
GTATTTAATGGCATAA-1,0,52,120,29032,40071
GTCGATAGGTGACTTT-1,0,53,121,29538,40361
AATAATCTTCGTATCG-1,0,52,122,29032,40652
ATTGTTCAACGATCCG-1,0,53,123,29538,40942
GTGCAGCGTAGAGTAG-1,0,52,124,29033,41233
TGTGGTAGGGTGCCTT-1,0,53,125,29539,41523
TGTGGACTATCTACGT-1,0,52,126,29034,41815
GGCGGGCTCTAAGAGT-1,0,53,127,29539,42105
TGTGCCAGAGGCAAAG-1,0,54,0,30010,5206
TGGCTTATGTATAATG-1,0,55,1,30516,5496
GCAAGCTGGAAACCGC-1,0,54,2,30011,5787
GATATCAAGCAGGAGC-1,0,55,3,30516,6077
CACCAATCATCCGTCT-1,0,54,4,30011,6368
CCACATGGCTCTTTAT-1,0,55,5,30517,6658
GTCCTACTCTACGGGC-1,0,54,6,30012,6949
CTCGAGACATACGATA-1,0,55,7,30517,7239
TATCAGTGGCGTAGTC-1,0,54,8,30012,7530
TGACAGGACAAGTCCA-1,0,55,9,30518,7820
TATTAACACCAAAGCA-1,0,54,10,30013,8111
TAGGCGATGAGGTCTC-1,0,55,11,30519,8401
CCGCCGGAACTTCTCG-1,0,54,12,30013,8692
GCCATTAGCCTCAAAC-1,0,55,13,30519,8982
GTTAGGCTACCCGTTT-1,0,54,14,30014,9273
GGGTATTCTAGCAAAC-1,0,55,15,30520,9563
GCCCTAGCCGTCGCGA-1,0,54,16,30014,9854
CAGATCCTGGTTTGAA-1,0,55,17,30520,10144
CTTCAGTGGTCGCCTA-1,0,54,18,30015,10435
GGGCAACCGCACGTGC-1,0,55,19,30521,10726
GACCCAATTATGATAC-1,0,54,20,30015,11017
GAAGCTCGGACCCGTC-1,0,55,21,30521,11307
CGTCGGGTCTAAGCGC-1,0,54,22,30016,11598
GAGGCCCGACTCCGCA-1,0,55,23,30522,11888
TTGCCATAGCCCGCTC-1,0,54,24,30017,12179
TAACATACACGCGATC-1,0,55,25,30522,12469
CCGACGGGCATGAGGT-1,0,54,26,30017,12760
AATGTGCCCGAGGTGT-1,0,55,27,30523,13050
AGCTGTAACCTCAATC-1,1,54,28,30018,13341
CGAGTGAAGGTACCAG-1,1,55,29,30523,13631
AGTCTCACAAGACTAC-1,1,54,30,30018,13922
AAATTGATAGTCCTTT-1,1,55,31,30524,14212
TAAGTCGCCGAGTATC-1,1,54,32,30019,14503
GCGGAGAAACTTCGCA-1,1,55,33,30525,14793
GGCAAAGGCGCCAATA-1,1,54,34,30019,15084
ATTTCCGGGTTCTGCG-1,1,55,35,30525,15374
TAAACCCAGGAGGGCA-1,1,54,36,30020,15665
TTCGGGCGCTAGTCTT-1,1,55,37,30526,15955
GTGGAGTCGGCGGTTG-1,1,54,38,30020,16246
GCACGCCTACTTAGAT-1,1,55,39,30526,16536
CAATATTCTTGACCTA-1,1,54,40,30021,16827
CGTTTGTGTAGAGGGT-1,1,55,41,30527,17117
CATAGCGTTGCCCACC-1,1,54,42,30022,17408
TGATACATTTAGCCGT-1,1,55,43,30527,17698
TTCCGGCCTTGAGGCT-1,1,54,44,30022,17989
CCTATACCGTCCTGTC-1,1,55,45,30528,18280
TCGTTGCTATCCGGTC-1,1,54,46,30023,18571
TGGCGACTGCTCCAAA-1,1,55,47,30528,18861
CAGAGGCGATGCATGA-1,1,54,48,30023,19152
TCACAGGAGAATAAGA-1,1,55,49,30529,19442
GGGTTAACATTTGAGT-1,1,54,50,30024,19733
GCGGGCGAGCCTTACC-1,1,55,51,30530,20023
TGCCAATGGGTACTCT-1,1,54,52,30024,20314
AGGGACTCTACGCGAC-1,1,55,53,30530,20604
GACGCCGTAAAGGCTA-1,1,54,54,30025,20895
AAAGGCTCTCGCGCCG-1,1,55,55,30531,21185
CTGGCTGGTTGTCAGT-1,1,54,56,30025,21476
ACATCCCGGCCATACG-1,1,55,57,30531,21766
CTCTTGTCCCGCTTGG-1,1,54,58,30026,22057
TACGCCTCCATTCCGA-1,1,55,59,30532,22347
CGGAGCAATTTAATCG-1,1,54,60,30026,22638
AACTAGGCTTGGGTGT-1,1,55,61,30532,22928
GCGTCGCCAGGGTGAT-1,1,54,62,30027,23219
GTTGGTCATGCTATCC-1,1,55,63,30533,23509
GCTGGCGGCGCATGCT-1,1,54,64,30028,23800
TGAGCGGAAAGTGTTC-1,1,55,65,30533,24090
CTTTCTGTGCGGGCTT-1,1,54,66,30028,24381
ATCTAATATCCTACGG-1,1,55,67,30534,24671
AACCTTTAAATACGGT-1,1,54,68,30029,24962
TTCACTCGAGCACCTA-1,1,55,69,30534,25252
CTGCACTCCAGTACAG-1,1,54,70,30029,25543
CCATTTCTACCTATTA-1,1,55,71,30535,25834
CAAGCGGCACATAATT-1,1,54,72,30030,26125
GTTAACATCACTTAAA-1,1,55,73,30536,26415
ATATAAATGTAGCTGC-1,1,54,74,30030,26706
GCCTCTATACATAGCA-1,1,55,75,30536,26996
GTGTCGTATAGCGTTC-1,1,54,76,30031,27287
ATACGTACTTAGCCAC-1,1,55,77,30537,27577
GCTATCATACTCATGG-1,1,54,78,30031,27868
TATCCAATTGGTTATC-1,1,55,79,30537,28158
TCTCCCTGGGCAGCGT-1,1,54,80,30032,28449
CCTATAATGAGTGCCC-1,1,55,81,30538,28739
CAATGCGAGAAGTATC-1,1,54,82,30033,29030
TACCAATAAAGTACCA-1,1,55,83,30538,29320
GCTAGGCACCACGGAG-1,1,54,84,30033,29611
GGTGGACTGCTCTGGC-1,1,55,85,30539,29901
TATTCCGAGCTGTTAT-1,1,54,86,30034,30192
TTGAGAAGTTTAGCAT-1,1,55,87,30539,30482
GTCCGGACCTGAAATT-1,1,54,88,30034,30773
CTGTGGTCGGGAGATA-1,1,55,89,30540,31063
CATGTAAGAGACATTT-1,1,54,90,30035,31354
CACGTTTCGTACACAC-1,1,55,91,30541,31644
CATCCTCTCAAAGATC-1,1,54,92,30035,31935
GATTAACCGAAAGCCC-1,1,55,93,30541,32225
AACGCTGTTGCTGAAA-1,1,54,94,30036,32516
TTCAGCTGGCGTGCCC-1,1,55,95,30542,32806
TAGAGGTTCTACTTGT-1,1,54,96,30036,33097
GTATCAAACGTTAGCT-1,0,55,97,30542,33387
AATCATGTAAAGACTC-1,0,54,98,30037,33678
AGTCACTAGCTCTCGA-1,0,55,99,30543,33969
GCGAAACGATCGGGAG-1,0,54,100,30037,34260
CATGGATTGTCTTCCG-1,0,55,101,30543,34550
ATTGGATTACAGCGTA-1,0,54,102,30038,34841
CACACACGCTAACGAG-1,0,55,103,30544,35131
CTATGGGAAGCGGAAT-1,0,54,104,30039,35422
TGCCTAATTGAAGATT-1,0,55,105,30544,35712
TGGCAATGGGACGGCG-1,0,54,106,30039,36003
ACCTCCGCCCTCGCTG-1,0,55,107,30545,36293
CGGCAATAAGATCGCC-1,0,54,108,30040,36584
CCTTGACCACTTTATT-1,0,55,109,30546,36874
TCATTTAGAAGTGTGA-1,0,54,110,30040,37165
CAGAATAACACACGGA-1,0,55,111,30546,37455
TCTGAGCAATTGACTG-1,0,54,112,30041,37746
CAACGTGGTGGAGTCT-1,0,55,113,30547,38036
CACAGTTCGCTTCCCA-1,0,54,114,30041,38327
TCTCTCGCCGCACATA-1,0,55,115,30547,38617
TGGGCAGGCCACCGCA-1,0,54,116,30042,38908
CTCCTGTTCAAGGCAG-1,0,55,117,30548,39198
TATTTGATTTGCACAG-1,0,54,118,30042,39489
GCCACTCCTTACGGTA-1,0,55,119,30548,39779
ACCGATATTTAATCAT-1,0,54,120,30043,40070
TTATTATCTGGAAGGC-1,0,55,121,30549,40360
TACATGCCGGAATTGT-1,0,54,122,30044,40651
GGCACTCAGCCGACCC-1,0,55,123,30549,40941
AAACCGGAAATGTTAA-1,0,54,124,30044,41232
AGACAGGCATCTCAGC-1,0,55,125,30550,41523
GTGGTGATGGTTTGTG-1,0,54,126,30045,41814
CCGATATGACGTAAGG-1,0,55,127,30550,42104
CATACACAAAGTCAGC-1,0,56,0,31021,5205
TGCCGTTCTTAATCGG-1,0,57,1,31527,5495
TCGAGTCTACGATTCG-1,0,56,2,31022,5786
ACTTCCAGTGGAAGCT-1,0,57,3,31527,6076
CAATTGGGCCGCACTC-1,0,56,4,31022,6367
AAATCGCGGAAGGAGT-1,0,57,5,31528,6657
ATATCAATTCCAGCCT-1,0,56,6,31023,6948
CTTTGTCGAATGCTCC-1,0,57,7,31529,7238
TGAGGCATGTACTGTG-1,0,56,8,31023,7529
TTCGCCGCTCGCGCTA-1,0,57,9,31529,7819
GACTCCTTCCAATTGA-1,0,56,10,31024,8110
ACCGAAGAGTCTGGTT-1,0,57,11,31530,8400
TGGCATGAAGTTTGGG-1,0,56,12,31024,8691
ACGAGGTTTACAACGT-1,0,57,13,31530,8981
AACCCATCCCATGATC-1,0,56,14,31025,9272
TCGACAACTGAACCCG-1,0,57,15,31531,9562
TATCTTGCAATACAAC-1,0,56,16,31025,9853
TATTATGTTTGCCTGC-1,0,57,17,31531,10144
GTCAAAGAAGTGGTGT-1,0,56,18,31026,10435
GGGACAGAGTTACTCC-1,0,57,19,31532,10725
AGCAACCGAAAGTAAT-1,0,56,20,31027,11016
CTCTCTAACTGCCTAG-1,0,57,21,31532,11306
ATACGGAACGTCGTTT-1,0,56,22,31027,11597
TCGGTCCCGACAATAG-1,0,57,23,31533,11887
CGCGCAAATGTCCAGA-1,0,56,24,31028,12178
TCTAATACTGCCTCAG-1,0,57,25,31533,12468
CTCGGTTGTCGGCCCT-1,0,56,26,31028,12759
GGTAACCGGGAGGATA-1,0,57,27,31534,13049
CAGGCGCACGGTGGTC-1,0,56,28,31029,13340
TCATCGATGGTCCCAA-1,1,57,29,31535,13630
CAAAGATTATTGGGCC-1,1,56,30,31029,13921
ACAATGAATACGGAGA-1,1,57,31,31535,14211
GCTCCTGACATACTGG-1,1,56,32,31030,14502
GATGACAAGTAGGGCA-1,1,57,33,31536,14792
TACGCCGAGGGTACCC-1,1,56,34,31030,15083
AAGCGTCCCTCATCGA-1,1,57,35,31536,15373
CACTCCTATGTAAGAT-1,1,56,36,31031,15664
TCGAGCCAGGCAGGCC-1,1,57,37,31537,15954
TCGTCAAGTACGCGCA-1,1,56,38,31031,16245
CCCGTAGCTGGGAAGA-1,1,57,39,31537,16535
ACCCTATGCCATATCG-1,1,56,40,31032,16826
GTGGTATAGTCTGCCG-1,1,57,41,31538,17116
CCGGTTTGTAATTGTG-1,1,56,42,31033,17407
GTCGCCGTTGTGTGTT-1,1,57,43,31538,17697
TACTGAACAGATTTAG-1,1,56,44,31033,17989
TATTAACCTGACCGCG-1,1,57,45,31539,18279
CTGTAGCCATCTCACT-1,1,56,46,31034,18570
TACTATGGTTCCTCAG-1,1,57,47,31540,18860
GAGTCAGACCAGAATC-1,1,56,48,31034,19151
TAAGGCATAACATCAA-1,1,57,49,31540,19441
CTTCCGCTCCGTGAAG-1,1,56,50,31035,19732
GGGCTATGATCGATGG-1,1,57,51,31541,20022
GGTCGGTCGTCCACAG-1,1,56,52,31035,20313
GGGACCCGTATATCTT-1,1,57,53,31541,20603
GAAAGCAGTGCACTTT-1,1,56,54,31036,20894
AGCGCATAATGAATCG-1,1,57,55,31542,21184
GCTGCTAAGTAGTCGA-1,1,56,56,31036,21475
AATAGTCCGTCCCGAC-1,1,57,57,31542,21765
AGCAGCCAGATGAATA-1,1,56,58,31037,22056
CCTCGCGCTGTGCGAT-1,1,57,59,31543,22346
TTGTGTATGCCACCAA-1,1,56,60,31038,22637
TGCTCGGCGAAACCCA-1,1,57,61,31543,22927
CGATTAAATATCTCCT-1,1,56,62,31038,23218
TGCCGTGGATCGTCCT-1,1,57,63,31544,23508
GTGGACGCATTTGTCC-1,1,56,64,31039,23799
ACCCGGAAACTCCCAG-1,1,57,65,31544,24089
CCGCATGTGGTACGAT-1,1,56,66,31039,24380
GCAAACCTTGGCCATA-1,1,57,67,31545,24670
ATTCACTGATGTTGGA-1,1,56,68,31040,24961
ACTCCCTAATGCTAAA-1,1,57,69,31546,25251
TCCTAAATTGGGAAGC-1,1,56,70,31040,25542
GAACAGATTACTAAAT-1,1,57,71,31546,25833
ATACAGGCCCTCCAAT-1,1,56,72,31041,26124
CGATTCGCCTGGCTGC-1,1,57,73,31547,26414
TCCGCCTGTCTACAAG-1,1,56,74,31041,26705
CACATCTCACCGACGA-1,1,57,75,31547,26995
CGTCGTCCTTCGCGAA-1,1,56,76,31042,27286
CGTTGAATACCGCGCT-1,1,57,77,31548,27576
ACCAATATGCAAGTTA-1,1,56,78,31043,27867
ACGGATGGTGCGGATA-1,1,57,79,31548,28157
CACCCTAACAAGATCT-1,1,56,80,31043,28448
AAGCTCTTTCATGGTG-1,1,57,81,31549,28738
CATGGGTATGCCTTAT-1,1,56,82,31044,29029
GCGCGTCATTGGTACA-1,1,57,83,31549,29319
TCTGAAGCACGTGGTC-1,1,56,84,31044,29610
AAGTTCACTCCAAGCT-1,1,57,85,31550,29900
TTGGACCTATAACAGT-1,1,56,86,31045,30191
ATCAGCCTCATGCTGC-1,1,57,87,31551,30481
AGTACTCTTATGCCCA-1,1,56,88,31045,30772
GCGCTTAAATAATTGG-1,1,57,89,31551,31062
TTGTGAACCTAATCCG-1,1,56,90,31046,31353
AGTCGTCGACCACCAA-1,1,57,91,31552,31643
TCCTTTAAATCCGCTT-1,1,56,92,31046,31934
ACTGAAACGCCGTTAG-1,1,57,93,31552,32224
GCACACACTGGTAGCC-1,1,56,94,31047,32515
TAAGGGCCTGTCCGAT-1,0,57,95,31553,32805
GCTAGAGTAGAGATGT-1,0,56,96,31047,33096
CACAGGGCCATATAGT-1,0,57,97,31553,33387
CCATGCCCTAGATTTC-1,0,56,98,31048,33678
TCGCGTAGCAGTGTCC-1,0,57,99,31554,33968
GACGAGGCTAATAAAC-1,0,56,100,31049,34259
CTACACTCGCAGATGG-1,0,57,101,31554,34549
ACGCATACGTTTACTA-1,0,56,102,31049,34840
GGAGCAACATTTCAAG-1,0,57,103,31555,35130
CGAGAGGGTAGCCGCG-1,0,56,104,31050,35421
TCGTGTTCGACCACAA-1,0,57,105,31555,35711
TCTACCCAATAGAGAG-1,0,56,106,31050,36002
ATAAACGTTGCACCAC-1,0,57,107,31556,36292
TCAACTGCAGAGTCAG-1,0,56,108,31051,36583
AGCTCCATATATGTTC-1,0,57,109,31557,36873
GTAACATCTAAGATAA-1,0,56,110,31051,37164
CCGACAATAGGCCGCC-1,0,57,111,31557,37454
ATGCTTAGGAGTTGAT-1,0,56,112,31052,37745
AACCCGAGCAGAATCG-1,0,57,113,31558,38035
CGGGTTTGTTAGGGCT-1,0,56,114,31052,38326
AGGCACGTGACTGTCC-1,0,57,115,31558,38616
GACAAGAGATGAGATT-1,0,56,116,31053,38907
AGCCCTTGGACATCCC-1,0,57,117,31559,39197
GCAGTTCGATCCGAGC-1,0,56,118,31054,39488
TCGAGGGCAACAGACG-1,0,57,119,31559,39778
ACTTTGTCGACGCACT-1,0,56,120,31054,40069
GAGTATCAAAGTTACA-1,0,57,121,31560,40359
CCAGGCTGGCGTCTGA-1,0,56,122,31055,40650
GGACTCTTCCGGTTGA-1,0,57,123,31560,40940
TCCCAGCACACGACAT-1,0,56,124,31055,41232
GCTCCATGAGTGCAGA-1,0,57,125,31561,41522
GCAGTGCGGGCGGATG-1,0,56,126,31056,41813
GCGTTCTGACTAAGCG-1,0,57,127,31562,42103
ATTTGGAGATTGCGGT-1,0,58,0,32032,5204
AAGGGTTTGATTTCAG-1,0,59,1,32538,5494
CCGGCCGCGAGCATAT-1,0,58,2,32033,5785
GAGTTCTGTGGGTGCT-1,0,59,3,32538,6075
AAACGAAGATGGAGTA-1,0,58,4,32033,6366
AATTACGAGACCCATC-1,0,59,5,32539,6656
CCTTTGAATTATGGCT-1,0,58,6,32034,6947
CATGGTATTAGTTTGT-1,0,59,7,32540,7237
AACGAAAGTCGTCCCA-1,0,58,8,32034,7528
ACATAAGTCGTGGTGA-1,0,59,9,32540,7818
GCACAACCTCGGGCGT-1,0,58,10,32035,8109
ATGCACGCGCTGTTCA-1,0,59,11,32541,8399
CGATGTTGTTATCTAC-1,0,58,12,32035,8690
GTCTCCTGCCAGTATG-1,0,59,13,32541,8980
GATGCCTTCTGCGGCA-1,0,58,14,32036,9271
ACCGGTCAGGTACACC-1,0,59,15,32542,9561
GTGGAGCGTTTACCGA-1,0,58,16,32037,9852
AGGCGGTTTGTCCCGC-1,0,59,17,32542,10143
TCCCTGGCGTATTAAC-1,0,58,18,32037,10434
AAACACCAATAACTGC-1,0,59,19,32543,10724
TGGACGCAATCCAGCC-1,0,58,20,32038,11015
GGAACCTTGACTCTGC-1,0,59,21,32543,11305
GTATCTCAGTCTTGAC-1,0,58,22,32038,11596
GCTGAATCTTCCAATC-1,0,59,23,32544,11886
AGATGCAAGACGTGCA-1,0,58,24,32039,12177
TTAAGGCCCGTACTTT-1,0,59,25,32545,12467
AGTATGCTGGAGACCA-1,0,58,26,32039,12758
GCGGCAAAGTATTGCC-1,0,59,27,32545,13048
GCGCAAATATATTCAA-1,0,58,28,32040,13339
GAAGAAACGATATTGT-1,0,59,29,32546,13629
GGACCTCTAGGCCGCC-1,0,58,30,32040,13920
AACAGCTGTGTGGCAA-1,1,59,31,32546,14210
TCGAATATCCCGCAGG-1,1,58,32,32041,14501
GCGACCCAACCATCTG-1,1,59,33,32547,14791
AGAGAAGGAGTACAAT-1,1,58,34,32041,15082
GGCTCCTCCACCTGTT-1,1,59,35,32547,15372
TCAGTGTATACGTCAT-1,1,58,36,32042,15663
ATTATTATGTCCGTCA-1,1,59,37,32548,15953
TTAGGTCATAACCGAC-1,1,58,38,32043,16244
AAGATGGCACCGGACC-1,1,59,39,32548,16534
CTACAAGAAATAACCC-1,1,58,40,32043,16825
ACTATTTCCGGGCCCA-1,1,59,41,32549,17115
TTGTTTCACATCCAGG-1,1,58,42,32044,17406
CGCTGTGTGGATGTTG-1,1,59,43,32549,17697
TCAACATAGCGCCCTA-1,1,58,44,32044,17988
GGCCGTTTGGGTTTCA-1,1,59,45,32550,18278
TACTCTTTCGTCTTCA-1,1,58,46,32045,18569
TTCGCGCGCCATACGA-1,1,59,47,32551,18859
CGGAAAGAATCAAACG-1,1,58,48,32045,19150
AGGCAGGGAGCGTACT-1,1,59,49,32551,19440
CCTTTAAGGGAGCACT-1,1,58,50,32046,19731
CGCCCAGCACGCCTAG-1,1,59,51,32552,20021
AGTATTTGGCACGACC-1,1,58,52,32046,20312
TATCCGCACCGTCGGG-1,1,59,53,32552,20602
ACCCGTGTCATCAGTA-1,1,58,54,32047,20893
CAACTGCTCATCCGAT-1,1,59,55,32553,21183
CCGGAGCGTACTTTCT-1,1,58,56,32048,21474
TACCGTAGGTTAACTA-1,1,59,57,32553,21764
TGAGGAGTGCCAGCTT-1,1,58,58,32048,22055
CCAGTCTTGTCATAGA-1,1,59,59,32554,22345
GGGCAGAGCAATCGTT-1,1,58,60,32049,22636
TACCAAATAGCCCAGA-1,1,59,61,32554,22926
TACCTACTCCCAGTAT-1,1,58,62,32049,23217
TGTGAGACTAGCCCAA-1,1,59,63,32555,23507
ATACCTAACCAAGAAA-1,1,58,64,32050,23798
GTCGGGAAGCAGAAAC-1,1,59,65,32556,24088
AATTAACGGATTTCCA-1,1,58,66,32050,24379
GAACCCTCTGTGTTCT-1,1,59,67,32556,24669
ATATAAAGCGCTCGTG-1,1,58,68,32051,24960
CCTGGTCGAATGTGGG-1,1,59,69,32557,25251
CTAGGTTCGGACGTGA-1,1,58,70,32051,25542
TCGGGAGACAGCGTAC-1,1,59,71,32557,25832
CATAAGAAGCTTGGCT-1,1,58,72,32052,26123
AAGCACCCTGCGTATC-1,1,59,73,32558,26413
AGTTTGCACCTGCCTC-1,1,58,74,32052,26704
GACTGCAAATCGAGCT-1,1,59,75,32558,26994
GTGTATATCAGCGGGC-1,1,58,76,32053,27285
CTTCAACTCCACTTGG-1,1,59,77,32559,27575
ACTTACGCATCCACGC-1,1,58,78,32054,27866
CATGAGATGCACTCTC-1,1,59,79,32559,28156
GAGCACCTGTGTCCAG-1,1,58,80,32054,28447
CGCGACCGCGACAGAT-1,1,59,81,32560,28737
GTCCCGCGACGTTATG-1,1,58,82,32055,29028
GCAGTGTGGCTATAGG-1,1,59,83,32560,29318
ATACTGCCTTACACCG-1,1,58,84,32055,29609
TACAGAAACGGTGGGC-1,1,59,85,32561,29899
GGCGCGGAGATCTTTC-1,1,58,86,32056,30190
CGTTAATGTCCCGACG-1,1,59,87,32562,30480
GCTAACTGAAGTCTGA-1,1,58,88,32056,30771
AGTGATAACCTGCGCG-1,1,59,89,32562,31061
TATGATCTTCTCTTTA-1,1,58,90,32057,31352
TGTACCTACACGAGGG-1,0,59,91,32563,31642
ATATCGTTCCTCGAAC-1,1,58,92,32057,31933
CGGCGCCATCAATCCC-1,0,59,93,32563,32223
CCTGTTTGAAGACACG-1,0,58,94,32058,32514
GCCACTCAGAGCGCGA-1,0,59,95,32564,32804
TCGGCTTGTATCGACG-1,0,58,96,32059,33096
TAGATGGTTCCTTACT-1,0,59,97,32564,33386
ATCGTTAGCTAGCGGA-1,0,58,98,32059,33677
ACAGCGACATTCTCAT-1,0,59,99,32565,33967
ATTCAACCATTTAAGG-1,0,58,100,32060,34258
CACTCTTCTGCTAGCC-1,0,59,101,32565,34548
CTAACTGATAATCGCC-1,0,58,102,32060,34839
TGATGTCAATTAAGTG-1,0,59,103,32566,35129
CGCCGTTCAGCATAGT-1,0,58,104,32061,35420
ATACTACCCGTACCAC-1,0,59,105,32567,35710
CCACTGTTTGGATTAA-1,0,58,106,32061,36001
CACTACGGGAGCTGCC-1,0,59,107,32567,36291
GACCAAACGTTGACTG-1,0,58,108,32062,36582
AAGAGGCCCTTTGGAA-1,0,59,109,32568,36872
ACACGTAGGCCACAAG-1,0,58,110,32062,37163
TACTCTTACTTTACTG-1,0,59,111,32568,37453
AGAGCCGCCGAGATTT-1,0,58,112,32063,37744
GGCCTGCTTCTCCCGA-1,0,59,113,32569,38034
TCAAGCGCGGACGGTA-1,0,58,114,32063,38325
ACACTGGGACAGTCGT-1,0,59,115,32569,38615
TGTGTAGTAGCACGTG-1,0,58,116,32064,38906
CTAGCCACAGGCGAGC-1,0,59,117,32570,39196
CTATCGCGTAGAGAAC-1,0,58,118,32065,39487
GTTCCCGTAAACATAT-1,0,59,119,32570,39777
TCTTTCCTTCGAGATA-1,0,58,120,32065,40068
ATATTGGAGAGGCCTT-1,0,59,121,32571,40358
AGGCGATAACTGGCGT-1,0,58,122,32066,40649
ACCCGGAGCACCACAA-1,0,59,123,32572,40940
TGAGCTCAACTGTATA-1,0,58,124,32066,41231
ACGACCCATGAGTTGC-1,0,59,125,32572,41521
CGGTCAGTCCATATTT-1,0,58,126,32067,41812
TCCGGCTGTCGGGTCG-1,0,59,127,32573,42102
ATTCCCGAAGGTACAG-1,0,60,0,33043,5203
CTAACAGCACAATAAC-1,0,61,1,33549,5493
TTGTGCGGAAGCGGAT-1,0,60,2,33044,5784
GGGCACTATTGACCAT-1,0,61,3,33550,6074
CCATAGAGGCTGCCAG-1,0,60,4,33044,6365
CCGAAGCATTGACCAA-1,0,61,5,33550,6655
TACTGAGGGAAGAAAG-1,0,60,6,33045,6946
TATGTAGAAACCCGGC-1,0,61,7,33551,7236
TGGTTAACTTACATTT-1,0,60,8,33045,7527
AGAACCCTCAATTGGG-1,0,61,9,33551,7817
CCTATATCGTGTCACG-1,0,60,10,33046,8108
ACGGCTGGATGTAGAA-1,0,61,11,33552,8398
CTCGCATTGCATAGCC-1,0,60,12,33046,8689
ACTTTGGTCGTGCTCC-1,0,61,13,33552,8979
GCTGGTTTAGGCCATA-1,0,60,14,33047,9270
TGTCGTTATCACATAT-1,0,61,15,33553,9561
ACACATGATCAAATCT-1,0,60,16,33048,9852
TATCCATCTCGGTTAG-1,0,61,17,33553,10142
CTCGTCGAGGGCTCAT-1,0,60,18,33048,10433
ATCAATGCCGTGGCTG-1,0,61,19,33554,10723
GAAACATAGGAAACAG-1,0,60,20,33049,11014
TAATAGGTCACCAGAA-1,0,61,21,33554,11304
CACCAGTCAGCATGCA-1,0,60,22,33049,11595
GAGCGCTGTTAGGTAA-1,0,61,23,33555,11885
CCCTATGTAGAGCAGA-1,0,60,24,33050,12176
GATCGCTATATCTCAG-1,0,61,25,33556,12466
AAGGGACTATGCATTC-1,0,60,26,33050,12757
CTCGGGTTCTCTGGCC-1,0,61,27,33556,13047
TATATATCGAGAAATG-1,0,60,28,33051,13338
ACCCGAGCGAAATTAC-1,0,61,29,33557,13628
TTGTTTCATTAGTCTA-1,0,60,30,33051,13919
ATGGGACCTGCTGAAC-1,0,61,31,33557,14209
TGCGACGGCCGAACGT-1,1,60,32,33052,14500
AGCTAACAAGCAATGT-1,1,61,33,33558,14790
CGTGTCTCGTTACGAC-1,1,60,34,33053,15081
CTAAATCCGGTGTACA-1,1,61,35,33558,15371
GAATAGTGCTCGATTA-1,1,60,36,33053,15662
AACAATACATTGTCGA-1,1,61,37,33559,15952
CACATCGTGCACGCGC-1,1,60,38,33054,16243
ACCGTGACCACGTGGG-1,1,61,39,33559,16533
CCCAATGAGATTTGCA-1,1,60,40,33054,16824
TCAGCAGTAGGCCCTG-1,1,61,41,33560,17114
CTACTCAAGGTATAGT-1,1,60,42,33055,17406
TAGTAGCTTATACCAG-1,1,61,43,33561,17696
ACGTTCGTTCAGGAAA-1,1,60,44,33055,17987
TTAGAATAAGGGTCGG-1,1,61,45,33561,18277
TTCTAGAAAGTCTTAT-1,1,60,46,33056,18568
CCTTCAGTTAAAGTGA-1,1,61,47,33562,18858
TAGCTAGTGATGATGG-1,1,60,48,33056,19149
AGCCCGGTAGCCTGTA-1,1,61,49,33562,19439
TACCTCAGTTGTCTGT-1,1,60,50,33057,19730
GACGGGTTGGCCCGTA-1,1,61,51,33563,20020
GAAACCTATACAAATG-1,1,60,52,33057,20311
TCCACCTCTAGCCTTT-1,1,61,53,33563,20601
AAGACCCAACTGAACA-1,1,60,54,33058,20892
CATACACGGTTCCCAC-1,1,61,55,33564,21182
ACTACGCGTTAGAATT-1,1,60,56,33059,21473
CTTGGCCAAGCTGGGA-1,1,61,57,33564,21763
TTACCCTAGGGATTGG-1,1,60,58,33059,22054
TTCGCACTGTACGACA-1,1,61,59,33565,22344
TAGGTGTTCCACAGAT-1,1,60,60,33060,22635
GAAGCCTGCACATTCC-1,1,61,61,33566,22925
GGCTTTCAATAAGGGT-1,1,60,62,33060,23216
TCCAGGGTATATACGA-1,1,61,63,33566,23506
CTCGCCGAATGTAGGG-1,1,60,64,33061,23797
AGGAAGCTGTCCGCCG-1,1,61,65,33567,24087
GTCTCAAGGCCCGGCT-1,1,60,66,33061,24378
ACCGACACATCTCCCA-1,1,61,67,33567,24668
TATACGCGTCATCACT-1,1,60,68,33062,24959
ATCTGGGCTGTTCTTG-1,1,61,69,33568,25250
TCAAATTTGAGACTCA-1,1,60,70,33062,25541
GTTAAGGGTGCGATGT-1,1,61,71,33568,25831
AGCAAAGGCCGCTAGT-1,1,60,72,33063,26122
TTATAGGTAATTGTCT-1,1,61,73,33569,26412
TTGTGCAGCCACGTCA-1,1,60,74,33064,26703
ACGGACTCTCAAAGCG-1,1,61,75,33569,26993
ATGCTCTGGCGCGGTA-1,1,60,76,33064,27284
ATAATCTTGGAGAACC-1,1,61,77,33570,27574
CTCATTGCTCTAACAA-1,1,60,78,33065,27865
TAGGTGACGATAACCT-1,1,61,79,33570,28155
CGGATCCTCAAGGACT-1,1,60,80,33065,28446
GGGCGTGGTTTCCCAG-1,1,61,81,33571,28736
TGGCTATGTGACATAC-1,1,60,82,33066,29027
CTTAGTGTAGTAGCAT-1,1,61,83,33572,29317
GGATTGCTGTGACTCC-1,1,60,84,33066,29608
ACTTCCATGCGGGACA-1,1,61,85,33572,29898
ACTCAAGTGCAAGGCT-1,1,60,86,33067,30189
ACAAGGATGCTTTAGG-1,1,61,87,33573,30479
TTGAACGACGTGCTGA-1,1,60,88,33067,30770
ATTCATCGTTGAGGCA-1,0,61,89,33573,31060
TGCAACCCATCTGCGG-1,0,60,90,33068,31351
AGTGCTAAACACAGCA-1,0,61,91,33574,31641
AACTCCAGAGCGTGTT-1,0,60,92,33069,31932
TCTCCACAAGTTGAAT-1,0,61,93,33574,32222
CTTTGCATCGCTCTTG-1,0,60,94,33069,32513
TCACAAACCGAGGTAC-1,0,61,95,33575,32804
CCGTAGGAAATCCCTG-1,0,60,96,33070,33095
AAACATTTCCCGGATT-1,0,61,97,33575,33385
GCCTCCGACAATTCAC-1,0,60,98,33070,33676
TCTGCATACCTTGCTT-1,0,61,99,33576,33966
ACCCATTTGTCCCTCT-1,0,60,100,33071,34257
CTGCAGAGAATCAGAG-1,0,61,101,33577,34547
GGAAACTAAATGGGCC-1,0,60,102,33071,34838
CAACCTACCGAGCAGT-1,0,61,103,33577,35128
CCGTAGGGTTGTTTAC-1,0,60,104,33072,35419
GGTTTGTGACCTGAGG-1,0,61,105,33578,35709
TAACCTAGGGAGTCCA-1,0,60,106,33072,36000
TTCCATCGACAGCGTG-1,0,61,107,33578,36290
ATCTCCCACGGAATAT-1,0,60,108,33073,36581
GTTTCAAACGAGTTGT-1,0,61,109,33579,36871
GGAACTTTGGCGATTA-1,0,60,110,33073,37162
CTGCAAGCACGTTCCG-1,0,61,111,33579,37452
CACAGTCCCGCTTCGC-1,0,60,112,33074,37743
TACGCTCGGTATTGGA-1,0,61,113,33580,38033
CTGGTAAAGTGTGGGC-1,0,60,114,33075,38324
CAACCAGTGGCCTACC-1,0,61,115,33580,38614
TCTTCGCGGTGAGAGG-1,0,60,116,33075,38905
TTCGGGTTGCCACGGG-1,0,61,117,33581,39195
ACCGATAGGCATAACC-1,0,60,118,33076,39486
CTTATAGATGGCTGTT-1,0,61,119,33581,39776
AGACGCCCACTTCGCC-1,0,60,120,33076,40067
AGGTCGCCTCCCAACA-1,0,61,121,33582,40358
CCTCACGTCAGCTAAT-1,0,60,122,33077,40649
CCACCTGTATGGAATA-1,0,61,123,33583,40939
GGACTCGAAGCTTTCA-1,0,60,124,33077,41230
AAGCCGGAGAGCAGGA-1,0,61,125,33583,41520
GCCTATCAGGTAAGAT-1,0,60,126,33078,41811
TCAGAGTGTGAGCATG-1,0,61,127,33584,42101
AAACATGGTGAGAGGA-1,0,62,0,34054,5202
ATCATTGTACCGCATT-1,0,63,1,34560,5492
TCAGCTTGAGCTTTCG-1,0,62,2,34055,5783
CCGCGCAAGATACCCA-1,0,63,3,34561,6073
CTATACTTAAAGCGAG-1,0,62,4,34055,6364
ACCGTCCACTGGGCCC-1,0,63,5,34561,6654
AAGACCAAATAACTCA-1,0,62,6,34056,6945
TGTTTCTGAAGCGTGC-1,0,63,7,34562,7235
TTCTCTTACAGGTGAT-1,0,62,8,34056,7526
AATTCATTGTCATGCA-1,0,63,9,34562,7816
GCCCGAGAGTCTAAAT-1,0,62,10,34057,8107
ATATAGAGTATTGGTC-1,0,63,11,34563,8397
TTGAAGGATGGGCGCC-1,0,62,12,34058,8688
TAGTACCACAACTTTC-1,0,63,13,34563,8978
ATCCCATCCACAGCGC-1,0,62,14,34058,9270
CTTAGGTATAGACCAG-1,0,63,15,34564,9560
TGACTCCGAATCATAC-1,0,62,16,34059,9851
ACTACATCCCGACAAG-1,0,63,17,34564,10141
TTGCCGCAGACCTACA-1,0,62,18,34059,10432
TAAGAGGGACAGGGAC-1,0,63,19,34565,10722
CGAATGAAGTCATTGC-1,0,62,20,34060,11013
AAGGGAACGACTGGCT-1,0,63,21,34566,11303
CGAATCTGCTCGACGC-1,0,62,22,34060,11594
ATCGTGGAAAGTCTGG-1,0,63,23,34566,11884
CCTATGGCTCCTAGTG-1,0,62,24,34061,12175
CGTCGCTTGGTTATAC-1,0,63,25,34567,12465
TGCTTAGAGAGAATGC-1,0,62,26,34061,12756
GATTGCTCCAGTTGCA-1,0,63,27,34567,13046
CGTGCTTCTACCTAAA-1,0,62,28,34062,13337
ACTCCAATATCATCAT-1,0,63,29,34568,13627
GCCGACCCACGACTGC-1,0,62,30,34063,13918
GAGGGTAGTAACAAAG-1,0,63,31,34568,14208
GGCCGAGACTCTGGTG-1,0,62,32,34063,14499
TATATAGGGCTTTACG-1,0,63,33,34569,14789
TGCCGGATGTACGAGC-1,0,62,34,34064,15080
AGGTAGATCGAGATAT-1,0,63,35,34569,15370
GATCAACATAAAGGGA-1,1,62,36,34064,15661
TAACAGCGTTTGTGCT-1,1,63,37,34570,15951
CTATAGGCGTTGATGT-1,1,62,38,34065,16242
GGTTTAATTACCATCG-1,1,63,39,34571,16532
CTCTTCTGGAAGTTAG-1,1,62,40,34065,16823
ATCTGACATGGAAGGA-1,1,63,41,34571,17114
TACGTACTAGTGCTGA-1,1,62,42,34066,17405
ATGACTATCAGCTGTG-1,1,63,43,34572,17695
CTTTGGGATTGTTGCA-1,1,62,44,34066,17986
AGACTGTTACCGGGTC-1,1,63,45,34572,18276
TCCTAACCGTCGGGCA-1,1,62,46,34067,18567
ACGCAAACTAATAGAT-1,1,63,47,34573,18857
AAGTGAGTCGGGTTTA-1,1,62,48,34067,19148
TAAAGCGGTATTTCCA-1,1,63,49,34573,19438
CTCCTCCAGCTCACAC-1,1,62,50,34068,19729
CGGTCCGTCGCAAGCC-1,1,63,51,34574,20019
CCTATATTTGTCCTGG-1,1,62,52,34069,20310
TCCAATAAAGGCTACC-1,1,63,53,34574,20600
AAAGGCTACGGACCAT-1,1,62,54,34069,20891
CGTGACCAGTCCTCTG-1,1,63,55,34575,21181
GATCTGCTATCTAAGG-1,1,62,56,34070,21472
CGAATGACGCATAATG-1,1,63,57,34575,21762
GCTCAATGTAATACCG-1,1,62,58,34070,22053
CTATGCCCGAATGCAA-1,1,63,59,34576,22343
CACAGGGCCGTTGTCA-1,1,62,60,34071,22634
TCAATACGCCGTCATG-1,1,63,61,34577,22924
AGCGGACACTTCGTAG-1,1,62,62,34071,23215
ATACGTTATGCACGGA-1,1,63,63,34577,23505
GAGTAGATACTAGTTG-1,1,62,64,34072,23796
CCAGCTCGAACGCATT-1,1,63,65,34578,24086
TGCTTCCCAAGCAGTA-1,1,62,66,34072,24377
GTAGACACGCCTGACT-1,1,63,67,34578,24668
CTCACATTTACTAAAT-1,1,62,68,34073,24959
GAATGCGAATCGGTTC-1,1,63,69,34579,25249
TAAGGCCCGTCACCCT-1,1,62,70,34074,25540
GAGTATGCGCGTGCAT-1,1,63,71,34579,25830
ATCCACATCGACAGAA-1,1,62,72,34074,26121
TAGACGAAACGCCAAT-1,1,63,73,34580,26411
CAGCAGTCTGTGCTGC-1,1,62,74,34075,26702
CTCACTGTGATACTTA-1,1,63,75,34580,26992
TTAATTGCTTTGGGTG-1,1,62,76,34075,27283
GTAGTCTACGATATTG-1,1,63,77,34581,27573
TTGCCGCTTTCTAGTA-1,1,62,78,34076,27864
GAACCTTTAACGATCC-1,1,63,79,34582,28154
TGGACCAATCTAAGAT-1,1,62,80,34076,28445
CTAGTAGAAAGGGATT-1,1,63,81,34582,28735
AACCTCGCTTTAGCCC-1,1,62,82,34077,29026
GAGTGTCAACCAGAAA-1,0,63,83,34583,29316
GTGATCCTTGTCATGA-1,1,62,84,34077,29607
CTCAACTAACCCGGAT-1,0,63,85,34583,29897
AGTGGCGTCTGAAGGT-1,0,62,86,34078,30188
GGGAAGGGCTTTCTCA-1,0,63,87,34584,30478
AGGCCTGAGAATCTCG-1,0,62,88,34078,30769
AGCCACAGGTTACCCG-1,0,63,89,34584,31059
TGCAATCTAACACGGT-1,0,62,90,34079,31350
GTTTGGGTTTCGCCCG-1,0,63,91,34585,31640
CCTATGTCCACTCCAC-1,0,62,92,34080,31931
CTGCCTTTCTAGTAAA-1,0,63,93,34585,32221
TTAGTAAACCTGCTCT-1,0,62,94,34080,32513
TTGTGGTGGTACTAAG-1,0,63,95,34586,32803
CCTCCTGTTGTGTCGT-1,0,62,96,34081,33094
ACAAAGCATGACCTAG-1,0,63,97,34586,33384
ATAGCAACTAGGGAAG-1,0,62,98,34081,33675
CCGCTCTTCCGAACTA-1,0,63,99,34587,33965
TAGAATAGCCGATGAA-1,0,62,100,34082,34256
GGTCTCCGTCCAGGTT-1,0,63,101,34588,34546
TAATTACGTCAGTAGA-1,0,62,102,34082,34837
TACGTAAAGCGGAGTG-1,0,63,103,34588,35127
GCTACAATCGAGGATA-1,0,62,104,34083,35418
TCAGCCAATCCGTAAA-1,0,63,105,34589,35708
ATCATAGCCCTATGTA-1,0,62,106,34083,35999
GAGGCCTGTTGATACA-1,0,63,107,34589,36289
ATATACGCTCGTGACG-1,0,62,108,34084,36580
CCCTTTAATGGAGTTC-1,0,63,109,34590,36870
TTACACGATCTGCGAC-1,0,62,110,34085,37161
TCGCATAAAGGGCGCA-1,0,63,111,34590,37451
TGTAGCCATCCCATTC-1,0,62,112,34085,37742
GGGTCTATCGCTTTCC-1,0,63,113,34591,38032
GGAGGGTCAAGTAAGA-1,0,62,114,34086,38323
TACGGCATGGACGCTA-1,0,63,115,34591,38613
CACGTCAATCAATGGA-1,0,62,116,34086,38904
CGCTTGGACGGATAGA-1,0,63,117,34592,39194
CGCGGTACGGTATACA-1,0,62,118,34087,39485
CCTACTCAACACGATT-1,0,63,119,34593,39775
CGTTTGGTGTTGTGGG-1,0,62,120,34087,40066
GTTGTTGCAAGATGGC-1,0,63,121,34593,40357
CATTCGTCGTAGCGGT-1,0,62,122,34088,40648
CAGCCTCGATAGCGGT-1,0,63,123,34594,40938
TCATAAGTCCAAGAAG-1,0,62,124,34088,41229
AAAGTGCCATCAATTA-1,0,63,125,34594,41519
GTTGCAGTCGACAACA-1,0,62,126,34089,41810
TAAATGGGCTACTGAG-1,0,63,127,34595,42100
GGACAAGCCATGATCG-1,0,64,0,35065,5201
TCCAATGCGTCGCCGC-1,0,65,1,35571,5491
AAAGAATGACCTTAGA-1,0,64,2,35066,5782
CCTATTATTCCGGCCG-1,0,65,3,35572,6072
CAGTAAGGGACGTCTC-1,0,64,4,35066,6363
GGGATGGACCCGCGTC-1,0,65,5,35572,6653
GACGCATACCCGTCGG-1,0,64,6,35067,6944
GGGCAGGATTTCTGTG-1,0,65,7,35573,7234
TATCTGAGCCGATATT-1,0,64,8,35068,7525
AATGTATGGCACTGTA-1,0,65,9,35573,7815
GCCTTTGTCAGTGGAC-1,0,64,10,35068,8106
AACCATAGGGTTGAAC-1,0,65,11,35574,8396
AAACTTAATTGCACGC-1,0,64,12,35069,8687
TAGGCGGCTGCAAAGA-1,0,65,13,35574,8978
TCCATCAATACTAATC-1,0,64,14,35069,9269
ACCTCGAACTTATGCT-1,0,65,15,35575,9559
ACAAACCATGCGTCCT-1,0,64,16,35070,9850
ACACCGGTCTGACCGC-1,0,65,17,35576,10140
ATGGCAGCATTACGAT-1,0,64,18,35070,10431
CTGGTGAATGGGCCTA-1,0,65,19,35576,10721
CACAGAGACGAGGACG-1,0,64,20,35071,11012
GCACAAACCCTAGATG-1,0,65,21,35577,11302
ACTATGTCCAGCTGCC-1,0,64,22,35071,11593
AAGCCGCCGTGAAATC-1,0,65,23,35577,11883
ATGGGTGTATACCTCC-1,0,64,24,35072,12174
TAAGCGCGAATCAAAT-1,0,65,25,35578,12464
AGCCCGGCATTAGAGG-1,0,64,26,35072,12755
GTGATCAAGCGTGCAC-1,0,65,27,35578,13045
CTGCCTTTAATACCTT-1,0,64,28,35073,13336
TACCTCCACACCAATG-1,0,65,29,35579,13626
GAGCATCAACAACTTG-1,0,64,30,35074,13917
CATACGAACTAGCTGG-1,0,65,31,35579,14207
GGGAACGGTTTCAGAT-1,0,64,32,35074,14498
AGGGTGCCGTTCTTTA-1,0,65,33,35580,14788
ACGACTGGTCATACTC-1,0,64,34,35075,15079
GGATCTTACTGCCCTT-1,0,65,35,35580,15369
TACTCCTCTAGTTGAC-1,0,64,36,35075,15660
GTAGCTCCGGGAGGCT-1,0,65,37,35581,15950
GGACTCGTGAGTGGTC-1,1,64,38,35076,16241
GTAGTTCGAAGGCGAA-1,1,65,39,35582,16532
CTCAAACCACTGCCCG-1,1,64,40,35076,16823
GAGGGAGTCAGATCGC-1,1,65,41,35582,17113
GCGTCCCTAAGACATA-1,1,64,42,35077,17404
TCTCTTACCGCGAACC-1,1,65,43,35583,17694
GGCTACTATACACTCC-1,1,64,44,35077,17985
CGTTGCCCGCGTGGGA-1,1,65,45,35583,18275
TATAGAGTCGCTTGAA-1,1,64,46,35078,18566
ATGTTGTAGTCTGTTT-1,1,65,47,35584,18856
AGTATACACAGCGACA-1,1,64,48,35079,19147
TGTGGTTGCTAAAGCT-1,1,65,49,35584,19437
TGATTCCCGGTTACCT-1,1,64,50,35079,19728
CACTGACGATTGTGGA-1,1,65,51,35585,20018
AACATTGTGACTCGAG-1,1,64,52,35080,20309
GTCCAATATTTAGCCT-1,1,65,53,35585,20599
GCTCTTTCCGCTAGTG-1,1,64,54,35080,20890
GGGTCAGGAGCTAGAT-1,1,65,55,35586,21180
AGGTGGTGACCTTCGC-1,1,64,56,35081,21471
CCCGGGTCGTTCAGGG-1,1,65,57,35587,21761
AGCCAAGCTTTGTGTC-1,1,64,58,35081,22052
TGTGGCGGGCTTCTGG-1,1,65,59,35587,22342
CGAGGGTATCCAGGTG-1,1,64,60,35082,22633
CGTTCAGACCCGCGAA-1,1,65,61,35588,22923
TCATATGAGCTTTGTT-1,1,64,62,35082,23214
AGTTGACGGTCCTTGC-1,1,65,63,35588,23504
ATAATTAGCTAAGTAG-1,1,64,64,35083,23795
GGTCTTGAGCGCTCTT-1,1,65,65,35589,24085
CGTTGTCGGCAATTGA-1,1,64,66,35083,24377
TCTTGCTCCCGATACT-1,1,65,67,35589,24667
AGCAGAAGGAGAAAGA-1,1,64,68,35084,24958
GAAGCCACTGATTATG-1,1,65,69,35590,25248
TGCTCTTGAGAGTTTG-1,1,64,70,35085,25539
GACATCCGTCGAACTG-1,1,65,71,35590,25829
AGATATAATACGACTA-1,1,64,72,35085,26120
TCGCTACTGGCTTTGA-1,0,65,73,35591,26410
GTGACAGCTTCCCACT-1,1,64,74,35086,26701
GTGACGCAGGTTTCAT-1,0,65,75,35592,26991
GGGAAGACGGTCTGTC-1,1,64,76,35086,27282
CGTCGCATGTGAGCCA-1,0,65,77,35592,27572
AGAAGGTTGTAGGTCG-1,0,64,78,35087,27863
GGCCGGCGTCTGCTAT-1,0,65,79,35593,28153
TTGACCAGGAACAACT-1,0,64,80,35087,28444
AGTCGTATAAAGCAGA-1,0,65,81,35593,28734
GGCGTAGGGAAAGCTG-1,0,64,82,35088,29025
AAACCTAAGCAGCCGG-1,0,65,83,35594,29315
ATTGCCTTTATGTTTG-1,0,64,84,35088,29606
CAGGCAGTCTTACCAG-1,0,65,85,35594,29896
AGCTAAGTACGCAGGC-1,0,64,86,35089,30187
AAATCCGATACACGCC-1,0,65,87,35595,30477
CGAGAGCTTTCACTAC-1,0,64,88,35090,30768
CGCCCAGCGTTTCACG-1,0,65,89,35595,31058
TTAAGTATTGTTATCC-1,0,64,90,35090,31349
AAACGGGCGTACGGGT-1,0,65,91,35596,31639
GTATCCTTTGGTAACC-1,0,64,92,35091,31930
CATAGTCAAATACATA-1,0,65,93,35596,32221
TCTATGCTATAACGAC-1,0,64,94,35091,32512
ACGTTCTGTACAAGTC-1,0,65,95,35597,32802
CGCGAAGTGGCATACT-1,0,64,96,35092,33093
ACCAACCGCACTCCAC-1,0,65,97,35598,33383
GTCATGCGCGAGGGCT-1,0,64,98,35092,33674
TAGGCTAAAGTGGCAC-1,0,65,99,35598,33964
TGGCTACACTCTACCT-1,0,64,100,35093,34255
TGTCCACGGCTCAACT-1,0,65,101,35599,34545
AATTGCAGCAATCGAC-1,0,64,102,35093,34836
GTCAACCAGGCCTATA-1,0,65,103,35599,35126
ATCTTATCGCACACCC-1,0,64,104,35094,35417
GTCTATTGCATGCTCG-1,0,65,105,35600,35707
GCACGTGGTTTACTTA-1,0,64,106,35095,35998
ATTCGCGCCTTGAGAG-1,0,65,107,35600,36288
AGCGATGCGCCTAATA-1,0,64,108,35095,36579
TCTATAGGTGGGTAAT-1,0,65,109,35601,36869
AGATACCAATAGAACC-1,0,64,110,35096,37160
CGTGTATGGGAGCTGA-1,0,65,111,35601,37450
ATGTACATGCGGTGAG-1,0,64,112,35096,37741
TTGGCTCAATATGTGT-1,0,65,113,35602,38031
GTTCGGAGCACTCAAC-1,0,64,114,35097,38322
TCCCTCTTCTCAAGGG-1,0,65,115,35603,38612
TTACGTATCTATGACA-1,0,64,116,35097,38903
CCCATATAGGTCGATT-1,0,65,117,35603,39193
GTCCACGTCGCATTCG-1,0,64,118,35098,39484
AATTGTGGTTGCCAAA-1,0,65,119,35604,39775
AGGAACGAACGACTTC-1,0,64,120,35098,40066
TAATTCCAATGCTTCA-1,0,65,121,35604,40356
AGGGCCCTAATGTTCT-1,0,64,122,35099,40647
AGGTGTTGCCGACCAC-1,0,65,123,35605,40937
CTGAGAGTAGAAATAC-1,0,64,124,35099,41228
TAGAAGAAGGGTTACA-1,0,65,125,35605,41518
GGTGACTGATAGAGAG-1,0,64,126,35100,41809
TACCCTCGGTAACCCT-1,0,65,127,35606,42099
TGTAAGACTGATAAGA-1,0,66,0,36076,5200
GTCACTCATGAGCGAT-1,0,67,1,36582,5490
CGGTTTACTGAACATT-1,0,66,2,36077,5781
GAGATCGATCTTACTC-1,0,67,3,36583,6071
TCTTTCATCCGTCCTT-1,0,66,4,36077,6362
TCGGATCTGGATGACC-1,0,67,5,36583,6652
GTCCTAGGATACCTTA-1,0,66,6,36078,6943
TGTACCCGACCCTAAT-1,0,67,7,36584,7233
AGGTTCTCCTTTCCGG-1,0,66,8,36079,7524
AATTGCGTGGATTACA-1,0,67,9,36584,7814
CGATAGCGATACAGTG-1,0,66,10,36079,8105
CGCCCTAATTGTTCAA-1,0,67,11,36585,8395
ATTATGAGACCCAATT-1,0,66,12,36080,8687
CCTCCTAGCTAGAGTC-1,0,67,13,36586,8977
CGAAGGGTTTCAGATT-1,0,66,14,36080,9268
CACAAGCTAAGAAAGG-1,0,67,15,36586,9558
CACCGGTAGAGACATT-1,0,66,16,36081,9849
ACTCATGGCAGCCTTC-1,0,67,17,36587,10139
CATCCAATATAGTTTG-1,0,66,18,36081,10430
CAGATATGAAGATGAC-1,0,67,19,36587,10720
GCAAAGGGCGTTAGCC-1,0,66,20,36082,11011
CTGTTGTTCAGTCGTA-1,0,67,21,36588,11301
AAAGGCCCTATAATAC-1,0,66,22,36082,11592
AACATTGAAGTTGATC-1,0,67,23,36588,11882
GCTAGCGATAGGTCTT-1,0,66,24,36083,12173
ATTGCCTATTAGACCG-1,0,67,25,36589,12463
GGGCGTTTACATTCAT-1,0,66,26,36084,12754
CCTCTACAAGGATTGG-1,0,67,27,36589,13044
AGTGACTGTGACACAA-1,0,66,28,36084,13335
AGCCCTCCCTGGTGGC-1,0,67,29,36590,13625
CGGTTGAGTATCCTTC-1,0,66,30,36085,13916
CATTATCCCATTAACG-1,0,67,31,36590,14206
AATGTGCTAATCTGAG-1,0,66,32,36085,14497
CTTAGTTGAGGAATCG-1,0,67,33,36591,14787
CTTCTGGGCGTACCTA-1,0,66,34,36086,15078
AGTCAAATGATGTGAT-1,0,67,35,36592,15368
TGAACAAGCAGGGACT-1,0,66,36,36086,15659
AATACCGGAGGGCTGT-1,0,67,37,36592,15949
GTTTGGTGATCGGTGC-1,0,66,38,36087,16240
GACTGCTGGTGAGAAA-1,0,67,39,36593,16531
CGATCCTCGCAACATA-1,1,66,40,36087,16822
CCAACCTTATGTAACT-1,0,67,41,36593,17112
CGTGGTACCCAAAGGC-1,1,66,42,36088,17403
AACCCGACAACCCGTG-1,1,67,43,36594,17693
TATGTAAAGTGCTTAA-1,1,66,44,36089,17984
GCAAGTGTAAAGCATG-1,1,67,45,36594,18274
GTAACTGCCCAAGGAG-1,1,66,46,36089,18565
GGTGCATAAATGATTA-1,1,67,47,36595,18855
TAGTCCCGGAGACCAC-1,1,66,48,36090,19146
CGGCCAGAGCGACCAT-1,1,67,49,36595,19436
TGAATGAGTGTTTCCC-1,1,66,50,36090,19727
TTCACTTCCTAGAACG-1,1,67,51,36596,20017
CGCTTAGTATTGATAC-1,1,66,52,36091,20308
AACGCGACCTTGGGCG-1,1,67,53,36597,20598
GTGCACCAGCTTCAAC-1,1,66,54,36091,20889
TTCTATTAAACGCAGC-1,1,67,55,36597,21179
TGGCAAGCACAAGTCG-1,1,66,56,36092,21470
ATCTGCTGTTATCGCC-1,1,67,57,36598,21760
AATTCCAAGCATGTAC-1,1,66,58,36092,22051
AAACGGTTGCGAACTG-1,1,67,59,36598,22341
GAAGGAGTCGAGTGCG-1,1,66,60,36093,22632
GGCAAGCCCATAGTGG-1,1,67,61,36599,22922
TGACCAAATCTTAAAC-1,1,66,62,36093,23213
TTCGGTACTGTAGAGG-1,1,67,63,36599,23503
ATGTACGATGACGTCG-1,1,66,64,36094,23794
ATCTAGCTTGTGAGGG-1,1,67,65,36600,24085
AGCGGGTCTGACACTC-1,1,66,66,36095,24376
GAGGTACGCGTGTCCC-1,0,67,67,36600,24666
GCACTGCCTACCTTTA-1,1,66,68,36095,24957
GGAGCGAGGCCTACTT-1,0,67,69,36601,25247
AAACTCGGTTCGCAAT-1,0,66,70,36096,25538
GGCGCTTCATTCCCTG-1,0,67,71,36601,25828
TGCTCGGTGGGTCACC-1,0,66,72,36096,26119
AAGCGCAGGGCTTTGA-1,0,67,73,36602,26409
GACCTTCCACGTCTAC-1,0,66,74,36097,26700
GTTAGCCCATGACATC-1,0,67,75,36603,26990
AATTCGATTCGAGGAT-1,0,66,76,36097,27281
AGTCTTTAAAGTGTCC-1,0,67,77,36603,27571
GACTAGGCCGTTAGGT-1,0,66,78,36098,27862
TCCAAGCCTAGACACA-1,0,67,79,36604,28152
GATTGGGAAAGGTTGT-1,0,66,80,36098,28443
GATGAGGAACCTTCGG-1,0,67,81,36604,28733
TGAATACCGACGCGTA-1,0,66,82,36099,29024
AATCGTGAGCCGAGCA-1,0,67,83,36605,29314
GCGAAGAATCTGACGG-1,0,66,84,36100,29605
GAACAACTGGGATGAA-1,0,67,85,36605,29895
TCGCCGACATATTCGC-1,0,66,86,36100,30186
CGTAGAGAGTAATTAT-1,0,67,87,36606,30476
CGATAGTCGTACTGCA-1,0,66,88,36101,30767
CGCATGCCGAATGCGT-1,0,67,89,36606,31057
CTCTAGCCCTCGGAAA-1,0,66,90,36101,31348
TCCAACTCAGCTATCT-1,0,67,91,36607,31639
GTCTAGTGAGCCGCTT-1,0,66,92,36102,31930
TACCGAATAATTGTAA-1,0,67,93,36608,32220
ATATAACACGGGCGCA-1,0,66,94,36102,32511
GCATGCTAATAACGAT-1,0,67,95,36608,32801
TCCGGGCTTGACGGGA-1,0,66,96,36103,33092
ATTATTCAGAGTCACT-1,0,67,97,36609,33382
TAGCAGTATGACTAAA-1,0,66,98,36103,33673
TATGAAGAATTAAGGT-1,0,67,99,36609,33963
CAAGGCCAGTGGTGCA-1,0,66,100,36104,34254
TGCGTACGGCTAATTG-1,0,67,101,36610,34544
CAGATAATGGGCGGGT-1,0,66,102,36104,34835
GAGAACGGTTCTGACT-1,0,67,103,36610,35125
CGCTTCGGTCTAAGAC-1,0,66,104,36105,35416
AGCATTACGAGGCAAG-1,0,67,105,36611,35706
AAGTTGTGATGTTATA-1,0,66,106,36106,35997
TTGCTCATAGTACGTG-1,0,67,107,36611,36287
TACTTAAACATGTACA-1,0,66,108,36106,36578
AGTGAGTCGAATTAAC-1,0,67,109,36612,36868
TAGGCCTATATAGTCT-1,0,66,110,36107,37159
ACTCGCCGTTCGATAA-1,0,67,111,36612,37449
GGTACGTTGCGGCCGG-1,0,66,112,36107,37740
TATTGCCGGGCTTGTA-1,0,67,113,36613,38030
GGTAAACTCTGCGCTG-1,0,66,114,36108,38321
TCCCTTGTCTGAAACT-1,0,67,115,36614,38611
CATGATCGCTTTGAGA-1,0,66,116,36108,38902
GGACGGGCGACCAACC-1,0,67,117,36614,39192
GAGAGGCCTATGTGTA-1,0,66,118,36109,39483
TCGTAACTCCCAAGAC-1,0,67,119,36615,39774
CGTATCTAGAACTAAG-1,0,66,120,36109,40065
GCACCTTCCCGAAGGT-1,0,67,121,36615,40355
TACCTCTTTACCATCC-1,0,66,122,36110,40646
TGACTCTAACTGGTAA-1,0,67,123,36616,40936
GAGAAACTGGATCCCA-1,0,66,124,36111,41227
ATCCGGACCAGCCTGA-1,0,67,125,36616,41517
TTATTTAGGTTCCTTA-1,0,66,126,36111,41808
CGAATTCCCGGTTCAA-1,0,67,127,36617,42098
TAGTTTGATCGGTCGC-1,0,68,0,37087,5199
AGTCGAAACGATTCAG-1,0,69,1,37593,5489
ACGTCGGGCAACTCGG-1,0,68,2,37088,5780
ACTTGCTCTATCTACC-1,0,69,3,37594,6070
ATTACGGGCTACGGTT-1,0,68,4,37089,6361
GCAAACGTAAGCGACC-1,0,69,5,37594,6651
TTCGGACTGGGCATGG-1,0,68,6,37089,6942
GGGCCATTCGTGCTGG-1,0,69,7,37595,7232
GAGTTGTCACCAGTCT-1,0,68,8,37090,7523
AGTAATTTGCAAGCGT-1,0,69,9,37595,7813
GTGGCCGGTTTCTCGG-1,0,68,10,37090,8104
ATCTTAGGGCATTAAT-1,0,69,11,37596,8395
CTACATATCGCGGGAC-1,0,68,12,37091,8686
ATGGTATTTACTGATT-1,0,69,13,37597,8976
CCGTCAACCTCTGGCG-1,0,68,14,37091,9267
GCTTCGACGTTCAATC-1,0,69,15,37597,9557
GACCGATTAAATATGT-1,0,68,16,37092,9848
GTCGAATTTGGGCGCT-1,0,69,17,37598,10138
TCACGGCCCAAGAGAG-1,0,68,18,37092,10429
CTACGATCCTATCCTA-1,0,69,19,37598,10719
TGCAGTGGTAGGGAAC-1,0,68,20,37093,11010
TTGCCTAATCCAAAGT-1,0,69,21,37599,11300
AGCGAGACGTGAAGGC-1,0,68,22,37094,11591
TTCTACCTCAATCGGT-1,0,69,23,37599,11881
TACGCTGCTGTGTTAA-1,0,68,24,37094,12172
TAGTCCTGCACTAAGC-1,0,69,25,37600,12462
AGCACACGTTTAGACT-1,0,68,26,37095,12753
GTTCGACAATTGTATA-1,0,69,27,37600,13043
CCATGTTCATCTATAT-1,0,68,28,37095,13334
CCCTCGATAATACACA-1,0,69,29,37601,13624
ACTGCCCGCCATTCTC-1,0,68,30,37096,13915
CTATATCCAGCCTGGC-1,0,69,31,37602,14205
CGCACGTCTGTTTATG-1,0,68,32,37096,14496
AATCAGGTTTCATTTA-1,0,69,33,37602,14786
AGAGAAACACCAGAAA-1,0,68,34,37097,15077
ACCCGATTGGTTCCGA-1,0,69,35,37603,15367
TACCAGGAATCCCGTC-1,0,68,36,37097,15658
AAGTGCTTCTCTATTG-1,0,69,37,37603,15949
TGCATGTGACCCATAG-1,0,68,38,37098,16240
TAGATTCAAAGTGCGG-1,0,69,39,37604,16530
AGGGTCAGAGCACTCG-1,0,68,40,37098,16821
GTGAGATAACCTTATA-1,0,69,41,37604,17111
GTGTCAGTGTACGTGG-1,0,68,42,37099,17402
CTGTAGTGAGGATCGA-1,0,69,43,37605,17692
GATAGTGCGAGTAAGT-1,1,68,44,37100,17983
AGGGTTCAGACGGTCC-1,0,69,45,37605,18273
GGACTCGACAGCGCAT-1,1,68,46,37100,18564
CACTCTCAAGCATCGA-1,0,69,47,37606,18854
GAGCGGAATGCGGTGT-1,1,68,48,37101,19145
CAGTTCGAGGACCCGA-1,1,69,49,37606,19435
CGTAACTTCGACACTT-1,1,68,50,37101,19726
TGATCACCACACTGAC-1,1,69,51,37607,20016
CATACTTCTTTCTCCG-1,1,68,52,37102,20307
CAAGTAAGTGATAGAC-1,1,69,53,37608,20597
AGCCCGCAACAAGCAG-1,1,68,54,37102,20888
GCTCCATGCAAAGCAA-1,1,69,55,37608,21178
TCGTACCGACGTCAAG-1,1,68,56,37103,21469
ATTATCGGAATGTACG-1,1,69,57,37609,21759
ACCTACTATAAATCTA-1,1,68,58,37103,22050
TATCCTATCAACTGGT-1,0,69,59,37609,22340
GCGCGGTCTAGTAACT-1,1,68,60,37104,22631
CCTTCGTATAGAATCC-1,0,69,61,37610,22921
TGGGCGATACAATAAG-1,1,68,62,37105,23212
TGACATGTAACGTGAC-1,0,69,63,37610,23502
TTGGGAAGACGAGCCG-1,0,68,64,37105,23794
GGTGTAAATCGATTGT-1,0,69,65,37611,24084
GAACTGTGGAGAGACA-1,0,68,66,37106,24375
TCCACATCGTATATTG-1,0,69,67,37611,24665
CCTATGGTCAAAGCTG-1,0,68,68,37106,24956
TCCTTGTCCTTTAATT-1,0,69,69,37612,25246
AAGTTTATGGGCCCAA-1,0,68,70,37107,25537
GTCCGGGTTCACATTA-1,0,69,71,37613,25827
ATGTAGCGCGCGTAGG-1,0,68,72,37107,26118
TACGGAAGCCAAACCA-1,0,69,73,37613,26408
GCCCTGAGGATGGGCT-1,0,68,74,37108,26699
CGGGCGATGGATCACG-1,0,69,75,37614,26989
TGCGGACTTGACTCCG-1,0,68,76,37108,27280
TAATACTAGAACAGAC-1,0,69,77,37614,27570
TCAAATTGTTGTGCCG-1,0,68,78,37109,27861
GGGCAGTCAACGCCAA-1,0,69,79,37615,28151
TCGCTGCCAATGCTGT-1,0,68,80,37109,28442
TACGTGGGCCCAGGGC-1,0,69,81,37615,28732
GCCTACGTTCTGTGCA-1,0,68,82,37110,29023
TTGCGTGTGTAGGCAT-1,0,69,83,37616,29313
TCCTAAAGATTCAGAC-1,0,68,84,37111,29604
TGGGTGCACAAGCCAT-1,0,69,85,37616,29894
GGGAGCGACCGTAGTG-1,0,68,86,37111,30185
CATAGAGGAGATACTA-1,0,69,87,37617,30475
CTTCGATTGCGCAAGC-1,0,68,88,37112,30766
GTGCCTGAGACCAAAC-1,0,69,89,37617,31056
TCATCCTCAGCTGCTT-1,0,68,90,37112,31347
TGCAACTACTGGTTGA-1,0,69,91,37618,31638
ATGTTGATTAGAGACT-1,0,68,92,37113,31929
GTTTCTAGAGGCGCGG-1,0,69,93,37619,32219
TACAAGGGCTTCTTTA-1,0,68,94,37113,32510
ACAGGCACGGATCCTT-1,0,69,95,37619,32800
CCCAAGTCATTACACT-1,0,68,96,37114,33091
ACTCTGACCTAATAGA-1,0,69,97,37620,33381
GGATGGCTTGAAGTAT-1,0,68,98,37114,33672
ACCCTCCCGTCAGGGC-1,0,69,99,37620,33962
AGCTTCTTCTCGAGCA-1,0,68,100,37115,34253
TTGCGCTTGATCAATA-1,0,69,101,37621,34543
TGGGTGTAATAGATTT-1,0,68,102,37116,34834
CATGGTTTATTAATCA-1,0,69,103,37621,35124
TTGCCTTCTCGCCGGG-1,0,68,104,37116,35415
TTAAAGTAAGTCGCCA-1,0,69,105,37622,35705
AGTTGGCAAGGCTAGA-1,0,68,106,37117,35996
CCGCACTTGCAATGAC-1,0,69,107,37622,36286
AATGTTGTCGTGAGAC-1,0,68,108,37117,36577
CCAAGGTTGCCCTTTC-1,0,69,109,37623,36867
TGTGACTAGAGTTTGC-1,0,68,110,37118,37158
TTGTGATCTGTTCAGT-1,0,69,111,37624,37448
GGAGTTGATTCTGTGT-1,0,68,112,37118,37739
GTAGTGAGCAACCTCA-1,0,69,113,37624,38029
AAGACATACGTGGTTT-1,0,68,114,37119,38320
CATCCCGAGATTCATA-1,0,69,115,37625,38610
GGCCGCAGGAACCGCA-1,0,68,116,37119,38901
CCAGAAACTGATGCGA-1,0,69,117,37625,39192
ACCCGTAGTCTAGTTG-1,0,68,118,37120,39483
AGGGTCTGGACGCAGT-1,0,69,119,37626,39773
TTGAAACCCTCATTCC-1,0,68,120,37120,40064
TCAATCCCGCGCCAAA-1,0,69,121,37626,40354
AGGACATCGGCACACT-1,0,68,122,37121,40645
GACAAGACGCCCGTGC-1,0,69,123,37627,40935
GAGTAAATTAAGAACC-1,0,68,124,37122,41226
TAAGTCGGTGAGCTAG-1,0,69,125,37627,41516
CTTACTGACTCCTCTG-1,0,68,126,37122,41807
TTAACTGATCGTTTGG-1,0,69,127,37628,42097
GGGCGATCCATAGGCC-1,0,70,0,38099,5198
CGTATTGTTTGGCGCC-1,0,71,1,38604,5488
CGCGTGGGCCTGTGTT-1,0,70,2,38099,5779
AAATCTGCCCGCGTCC-1,0,71,3,38605,6069
GCTGAAGGGTTCTTGG-1,0,70,4,38100,6360
TAATTGCGCTGATTAC-1,0,71,5,38605,6650
TCGCGCGTTTACATGA-1,0,70,6,38100,6941
TAACTGAAATACGCCT-1,0,71,7,38606,7231
CCTGTCGTGTATGAAG-1,0,70,8,38101,7522
CGGGAACGCCCTGCAT-1,0,71,9,38607,7813
AGTTGCGGTCCTCAAC-1,0,70,10,38101,8104
GGGTCCTTGGAAGAAG-1,0,71,11,38607,8394
CGGGAAGTACCGTGGC-1,0,70,12,38102,8685
ACGGTCACCGAGAACA-1,0,71,13,38608,8975
TAGACTCAGTTGGCCT-1,0,70,14,38102,9266
CCTTCCGCAACGCTGC-1,0,71,15,38608,9556
CAGTGTTAATCTCTCA-1,0,70,16,38103,9847
CAGGCCAGTACCACCT-1,0,71,17,38609,10137
GATCGCTGTGGTGCGT-1,0,70,18,38103,10428
GTATCTCGGGCGCTTT-1,0,71,19,38609,10718
CCGGGCTAAGAATTTC-1,0,70,20,38104,11009
CTTCACGCCCTGGTAC-1,0,71,21,38610,11299
CGGATGAATGCTGTGA-1,0,70,22,38105,11590
CTCTGCAGGCATTCTT-1,0,71,23,38610,11880
TCAAAGTCACGGCGTC-1,0,70,24,38105,12171
TGGGTTTCGGGCGTAC-1,0,71,25,38611,12461
TGCTATGGCAAAGGGA-1,0,70,26,38106,12752
TTCACGGTCGTCACGT-1,0,71,27,38612,13042
CGTAAAGCAAGAAATC-1,0,70,28,38106,13333
CTGATCCCTTTATGCA-1,0,71,29,38612,13623
GAGTATACCCTAATCA-1,0,70,30,38107,13914
CCACGGCAGGTGTAGG-1,0,71,31,38613,14204
ACGTACTTTGGCACGG-1,0,70,32,38107,14495
CCTGAGAATAAATGCA-1,0,71,33,38613,14785
TTGATGCCGCTCGTCG-1,0,70,34,38108,15076
GCCAGGAAAGAACACT-1,0,71,35,38614,15366
TCCGACCGCTAATCAA-1,0,70,36,38108,15658
TATATCAAAGTGATCT-1,0,71,37,38614,15948
CCTCGGTTTCCTTGCC-1,0,70,38,38109,16239
TAAATTTAGTAACACC-1,0,71,39,38615,16529
CTCGTTACGGCTACCA-1,0,70,40,38110,16820
GCCGTCGGTTTCGGGC-1,0,71,41,38615,17110
GTTCCGTCCGCCTGCA-1,0,70,42,38110,17401
CTAGGGATAGGGACAA-1,0,71,43,38616,17691
GTCCAGGCACGTGTGC-1,0,70,44,38111,17982
GAGGAATATCTCTTTG-1,0,71,45,38616,18272
CGTTCAAGGAAACGGA-1,0,70,46,38111,18563
GTGGGAACAAACCGGG-1,0,71,47,38617,18853
GGGCACGTAGTACTGT-1,0,70,48,38112,19144
ACTACAAAGAGAGGTG-1,0,71,49,38618,19434
GGTGTAGGTAAGTAAA-1,0,70,50,38112,19725
CCTGTTCAACCTCGGG-1,0,71,51,38618,20015
TGAGGTGTGTGGCGGA-1,0,70,52,38113,20306
ATTGTCTGTTTCATGT-1,0,71,53,38619,20596
GCCGGTCGTATCTCTC-1,0,70,54,38113,20887
ATATGGGATAGCAACT-1,0,71,55,38619,21177
GATAGAACCCGCTAGG-1,0,70,56,38114,21468
ATCCCATTTCCGTGGG-1,0,71,57,38620,21758
GATGCTACCTTCGATG-1,0,70,58,38114,22049
TGCAAAGTTCGTCTGT-1,0,71,59,38620,22339
GTTCAGTCGCCAAATG-1,0,70,60,38115,22630
GTCTCCGCCTCAATAC-1,0,71,61,38621,22920
AGTAGAAGGCGCCTCA-1,0,70,62,38116,23211
GTTGTAGATTTATGAG-1,0,71,63,38621,23502
CTATTTGCTTGGAGGA-1,0,70,64,38116,23793
AGCCATATAGTATGTG-1,0,71,65,38622,24083
TGTTCCGGCCTGAGCT-1,0,70,66,38117,24374
TGCCGTGGGACCCAAT-1,0,71,67,38623,24664
TTGCAAGAAGACTCCT-1,0,70,68,38117,24955
CCGCTCCAGGGCGATC-1,0,71,69,38623,25245
CAAACCCTCCGGCGGG-1,0,70,70,38118,25536
CGGACCTTTACGTCCC-1,0,71,71,38624,25826
ACGTAGGAGAGTCGCT-1,0,70,72,38118,26117
CTGCGACCTCGCCGAA-1,0,71,73,38624,26407
GGCCCAGCTGGTTTGC-1,0,70,74,38119,26698
GGATTAATCATGGACC-1,0,71,75,38625,26988
GAGATGGCTTTAATCA-1,0,70,76,38119,27279
AGTACAGAAGCTTATA-1,0,71,77,38625,27569
GCGGCTTTAGCAAGTT-1,0,70,78,38120,27860
ACCGAGTCTCCTTATT-1,0,71,79,38626,28150
GACCACACTTCCCTTT-1,0,70,80,38121,28441
TGTAGCCAATTCCGTT-1,0,71,81,38626,28731
CTCGTCTGTGCCTTCG-1,0,70,82,38121,29022
GGACTCTTTGACTAAG-1,0,71,83,38627,29312
TCATCGACGACCGTCG-1,0,70,84,38122,29603
TACTACGTGCAATGCG-1,0,71,85,38627,29893
CCCTACTTGAACAATG-1,0,70,86,38122,30184
GCAGCTGTCAACGCAT-1,0,71,87,38628,30474
ATCTACCATCTGCTCC-1,0,70,88,38123,30765
TCTCAAATCAATCGGG-1,0,71,89,38629,31056
ACTCCGGCCGACCACT-1,0,70,90,38123,31347
TACACCTCTTCGAATC-1,0,71,91,38629,31637
GTGGCTGTTTCTGTTC-1,0,70,92,38124,31928
ACGACTCTAGGGCCGA-1,0,71,93,38630,32218
TCGTTTACGCGACCCT-1,0,70,94,38124,32509
AGGATATCCGACTGCA-1,0,71,95,38630,32799
GACACTTCCAATTACC-1,0,70,96,38125,33090
ACGGTACAGTTCAATG-1,0,71,97,38631,33380
CTTGATGACCATCCAG-1,0,70,98,38126,33671
CTGGTAAAGACTTACA-1,0,71,99,38631,33961
CTTGCCCACCCACGCA-1,0,70,100,38126,34252
CATTACGCAGGAAGGG-1,0,71,101,38632,34542
GGACAACCATGAAGCC-1,0,70,102,38127,34833
GTTATCAAGCTATCGA-1,0,71,103,38632,35123
AGGTGCACGTCCACAT-1,0,70,104,38127,35414
AAAGAATGTGGACTAA-1,0,71,105,38633,35704
ACCAAGTCATCGGCAG-1,0,70,106,38128,35995
AGTAACTATAGCAGCC-1,0,71,107,38634,36285
GGGAAAGAATGCCAAC-1,0,70,108,38128,36576
AATCGGTATAGCCCTC-1,0,71,109,38634,36866
GGCACTGCGGTGGTTT-1,0,70,110,38129,37157
CGTCCTCATCGCGTGC-1,0,71,111,38635,37447
CTTAACTTACAGTATA-1,0,70,112,38129,37738
GTGAGTCGACTAATAG-1,0,71,113,38635,38028
TGTACTTCCGGGCATG-1,0,70,114,38130,38319
CACAAACCGCAGAACT-1,0,71,115,38636,38609
GCTTTACACAACTGGG-1,0,70,116,38130,38901
CACCGATGATGGGTAC-1,0,71,117,38636,39191
TCAATATACAGGAGGC-1,0,70,118,38131,39482
AACGACCTCCTAGCCG-1,0,71,119,38637,39772
GTTACCAAGGCGTACG-1,0,70,120,38132,40063
TAGCTCACTGTGTTTG-1,0,71,121,38637,40353
TCGGCAGGGTTAAGGG-1,0,70,122,38132,40644
TGTTAACAAAGTGACT-1,0,71,123,38638,40934
CAGAGCGATGGATGCT-1,0,70,124,38133,41225
CATAGTGGGCACGCCT-1,0,71,125,38638,41515
AAACGCTGGGCACGAC-1,0,70,126,38133,41806
TGTTCTCATACTATAG-1,0,71,127,38639,42096
TCCGCTGGGTCGATCG-1,0,72,0,39110,5197
TTAGCATCCCTCACGT-1,0,73,1,39615,5487
AGCCTTGTCACTGATA-1,0,72,2,39110,5778
GTTTCTTGTTAGAGCT-1,0,73,3,39616,6068
TCGGAGTCCTGGTTGC-1,0,72,4,39111,6359
ACGGGTTGTGACCTGT-1,0,73,5,39617,6649
TGACAGAAATCTTGCT-1,0,72,6,39111,6940
TAGCCATGATTGCCTA-1,0,73,7,39617,7230
CGAAGCCACAGCATGG-1,0,72,8,39112,7521
ACCCGTAGCAGAGAAT-1,0,73,9,39618,7812
AGCTTGATCAGGGTAG-1,0,72,10,39112,8103
CTATAAGTAGGGTTTG-1,0,73,11,39618,8393
TATAGTTAGGTGTACT-1,0,72,12,39113,8684
TACGCTGATAGTTGTA-1,0,73,13,39619,8974
TTCTCAATTGCTACAA-1,0,72,14,39113,9265
GTTGCCCTAACGGGTG-1,0,73,15,39619,9555
GACATTTCGCCCAGCC-1,0,72,16,39114,9846
GTAACTACGTAGACCT-1,0,73,17,39620,10136
CCAGTGTACAGACCGA-1,0,72,18,39115,10427
GCCCGATGCCCAGTTC-1,0,73,19,39620,10717
CGAACCTCTTTCCTAG-1,0,72,20,39115,11008
CATGCACATGAGAGGC-1,0,73,21,39621,11298
CCAAATCAAAGGGCAA-1,0,72,22,39116,11589
GTAGTTTAAGCACACG-1,0,73,23,39621,11879
TAAGTGAATAGTCTAC-1,0,72,24,39116,12170
GGTCCACGTCTATTTG-1,0,73,25,39622,12460
CCCTCAGATCGAGAAC-1,0,72,26,39117,12751
ACATTCGCGCGGAATA-1,0,73,27,39623,13041
CTATGAACACCTTGCC-1,0,72,28,39117,13332
CGAATGGTAGGTCGTC-1,0,73,29,39623,13622
TCGACATAGCGTAGCG-1,0,72,30,39118,13913
GACGTTGCTCGGCGGC-1,0,73,31,39624,14203
CTCGAGGCAAGTTTCA-1,0,72,32,39118,14494
GCTGGGAGCGCGTCAA-1,0,73,33,39624,14784
GACGATATCACTGGGT-1,0,72,34,39119,15075
CAGCTCTGGGCTCACT-1,0,73,35,39625,15366
TAGTCTGCGGCACATT-1,0,72,36,39120,15657
TGGTCGATATACCTCT-1,0,73,37,39625,15947
TTCAGTTCAAGAGGAG-1,0,72,38,39120,16238
GTCTGTAGGTTGAACA-1,0,73,39,39626,16528
GAGAGTCTCGGGAGAG-1,0,72,40,39121,16819
TTGTTTGTATTACACG-1,0,73,41,39626,17109
GCACAGCACGGGCCGA-1,0,72,42,39121,17400
AAACAGTGTTCCTGGG-1,0,73,43,39627,17690
TGGAGAATAATCGTCC-1,0,72,44,39122,17981
CGCCGCGTTCTGAACG-1,0,73,45,39628,18271
CATGCGTTGAGAGGAG-1,0,72,46,39122,18562
TACGCTCCTAGAACTG-1,0,73,47,39628,18852
CCTTGTGAACGTGGTT-1,0,72,48,39123,19143
TTAAAGGCGATGCTCG-1,0,73,49,39629,19433
TAAAGTGCACGTCTCG-1,0,72,50,39123,19724
TGTCCGCAAACAATTC-1,0,73,51,39629,20014
AGGCCTATCATACCAA-1,0,72,52,39124,20305
ACTGGGATGCCAGTGC-1,0,73,53,39630,20595
CGATCCACCATTGTTG-1,0,72,54,39124,20886
GGGCATGCATGTCGAG-1,0,73,55,39630,21176
TCCAGGCAGGACGATC-1,0,72,56,39125,21467
CAATGACCCTTAATTT-1,0,73,57,39631,21757
ATCAAGATCCCAGGAC-1,0,72,58,39126,22048
CTCAGAGCTAATGTCG-1,0,73,59,39631,22338
CTGCGATTTCGAGATT-1,0,72,60,39126,22629
ATGGTATTGGGAACCG-1,0,73,61,39632,22920
TAGGTTCTGCTGAGAA-1,0,72,62,39127,23211
GCCTGTCCCGGTGCAT-1,0,73,63,39632,23501
GGCCTGCTCTGATGTT-1,0,72,64,39127,23792
TAGAGGGAGTTTATCT-1,0,73,65,39633,24082
CTCTACATCCTGCGTG-1,0,72,66,39128,24373
ACACATTTCCGTAGAC-1,0,73,67,39634,24663
TGGGTGTTAAGTAGAA-1,0,72,68,39128,24954
GAGCTCAACATGAGCG-1,0,73,69,39634,25244
GCACACAGCTATTACC-1,0,72,70,39129,25535
GCGACGGTAGTCTCCT-1,0,73,71,39635,25825
GTATCAAGGTACTTCC-1,0,72,72,39129,26116
GGAAAGGGAATTGAGC-1,0,73,73,39635,26406
TACACAGCCGTGGTGC-1,0,72,74,39130,26697
CGGTTGGGCAGGGTCC-1,0,73,75,39636,26987
GCACGCCGATTCCCGC-1,0,72,76,39131,27278
CGCTTTCCGCCAAGGT-1,0,73,77,39636,27568
TGCCCGATAGTTAGAA-1,0,72,78,39131,27859
TCAGAACGGCGGTAAT-1,0,73,79,39637,28149
CCACTCAGATCCGCAA-1,0,72,80,39132,28440
GAAGGGTCATTAAGAC-1,0,73,81,39637,28730
GCGGTCTTGCTTTCAC-1,0,72,82,39132,29021
GGAAGGACACCGTATA-1,0,73,83,39638,29311
CGCGGGAATTCCTTTC-1,0,72,84,39133,29602
TCTATCCGATTGCACA-1,0,73,85,39639,29892
TACTCGTTTGAATCAA-1,0,72,86,39133,30183
GTCTGCCGACTCGACG-1,0,73,87,39639,30473
TACGGGTAATAACATA-1,0,72,88,39134,30764
CCAGTTCGGTAACTCA-1,0,73,89,39640,31055
CGTGCACACCACTGTA-1,0,72,90,39134,31346
CTTCAGTTGGACAACG-1,0,73,91,39640,31636
TGATCTATCACACTCT-1,0,72,92,39135,31927
TAGCAGATACTTAGGG-1,0,73,93,39641,32217
CACCGGGCATCACAAG-1,0,72,94,39135,32508
AGTGGCCCGCAAATGG-1,0,73,95,39641,32798
CTCGCTAGGTAAGCGA-1,0,72,96,39136,33089
GATAGATAGTACAGTC-1,0,73,97,39642,33379
CGAGACTACTGCTGCT-1,0,72,98,39137,33670
ACATTTGAAACCTAAC-1,0,73,99,39642,33960
GACACAGCCGGGACTG-1,0,72,100,39137,34251
ACGGAACACGAGTGCC-1,0,73,101,39643,34541
ACGCCAGTGCGTTTGC-1,0,72,102,39138,34832
GCACCTAGGCGAGTCC-1,0,73,103,39643,35122
TCACTATCCCTTCGGT-1,0,72,104,39138,35413
TGAGTGTAACAACGGG-1,0,73,105,39644,35703
ATTGGTTGTGCATTAC-1,0,72,106,39139,35994
CTGGCGATTTACATGT-1,0,73,107,39645,36284
TCCACCAAGACATAGG-1,0,72,108,39139,36575
AACGTCGCTGCACTTC-1,0,73,109,39645,36865
GTCTCCCGAGTCCCGT-1,0,72,110,39140,37156
AGCCCGCACTACAATG-1,0,73,111,39646,37446
GGCACGCTGCTACAGT-1,0,72,112,39140,37737
GCTTGAGTGACCTCTG-1,0,73,113,39646,38027
ATAGCCATAACAGTCA-1,0,72,114,39141,38318
TAGGAGGCTCGAGAAC-1,0,73,115,39647,38609
GTCGGGTGAAGTACCG-1,0,72,116,39142,38900
CACCCGCGTTTGACAC-1,0,73,117,39647,39190
TCTCAGGCTACTCGCT-1,0,72,118,39142,39481
TAGATTCTCTAGCAAA-1,0,73,119,39648,39771
CCCATTATTGTATCCT-1,0,72,120,39143,40062
GTTAATAGCGTCATTA-1,0,73,121,39648,40352
TACTCATTGACGCATC-1,0,72,122,39143,40643
TAGTGACAAGCTCTAC-1,0,73,123,39649,40933
ATCGCCGTGGTTCATG-1,0,72,124,39144,41224
CTGCTCTCAACACACC-1,0,73,125,39650,41514
GCATGACACAAAGGAA-1,0,72,126,39144,41805
CAACGATCGATCCAAT-1,0,73,127,39650,42095
ATACAGCGTCCACTGA-1,0,74,0,40121,5196
TCACGATTAATACGTT-1,0,75,1,40626,5486
CGTGAACTGACCCGAT-1,0,74,2,40121,5777
TCGATGTTACGGCCGT-1,0,75,3,40627,6067
GACCGGTGATACTCTC-1,0,74,4,40122,6358
TCTGTTTAGATTGTTC-1,0,75,5,40628,6648
GCTACTCGGACGCAGA-1,0,74,6,40122,6939
AAGAAAGTTTGATGGG-1,0,75,7,40628,7230
CGCCAGTAGTACCTTG-1,0,74,8,40123,7521
CTCCCTTGTATCAAGG-1,0,75,9,40629,7811
ACTTTATACACCACTT-1,0,74,10,40123,8102
AGATCTGGAGAGGATA-1,0,75,11,40629,8392
TCATCCATCTGATCAC-1,0,74,12,40124,8683
AGAACACGGCGATGGT-1,0,75,13,40630,8973
CCGCTCCGGATAAGCT-1,0,74,14,40125,9264
TGGTCGGGTACAGGGC-1,0,75,15,40630,9554
ACGGACGCAGCGACAA-1,0,74,16,40125,9845
ACATGCTTACGGCAGC-1,0,75,17,40631,10135
CAGGGAGATAGGCCAG-1,0,74,18,40126,10426
TCGCCACCCGGATTAC-1,0,75,19,40631,10716
TCTTGGTCAATGATAC-1,0,74,20,40126,11007
CATAGGGACACTTGTG-1,0,75,21,40632,11297
CACGAGCAAACCAGAC-1,0,74,22,40127,11588
GGGATATTGATCGCCA-1,0,75,23,40633,11878
TAATGTCGGTTCATGG-1,0,74,24,40127,12169
CGATTTGTCATTAATG-1,0,75,25,40633,12459
TTAAGATACCCAGAGA-1,0,74,26,40128,12750
CGACCGTTGGTATTCG-1,0,75,27,40634,13040
ACTACCATCCGAGGGC-1,0,74,28,40128,13331
TCTACGCACGATCTCC-1,0,75,29,40634,13621
AAGCCACTTGCAGGTA-1,0,74,30,40129,13912
ACGTTGTCGTTGAAAG-1,0,75,31,40635,14202
ACCGCTAGTCATTGGT-1,0,74,32,40129,14493
CATGAGTCCATCACGG-1,0,75,33,40635,14783
ATGTCTTGTTTGACTC-1,0,74,34,40130,15075
TCCCAAACATCCTCTA-1,0,75,35,40636,15365
CAACGCGATGAGCCAA-1,0,74,36,40131,15656
GACACCCAAAGACGCG-1,0,75,37,40636,15946
ACGTTCACTATGCCGC-1,0,74,38,40131,16237
ATGGACTGCTTAGTTG-1,0,75,39,40637,16527
CCATGGCAAACGCTCA-1,0,74,40,40132,16818
TTGTCTCGGCAAGATG-1,0,75,41,40637,17108
TTCGAACGAAACATGC-1,0,74,42,40132,17399
GGAAAGTCTTGATTGT-1,0,75,43,40638,17689
ATCATAGATCGACGAG-1,0,74,44,40133,17980
GATTAGAAACAAGCGT-1,0,75,45,40639,18270
GCTGCGAAGAATTATT-1,0,74,46,40133,18561
TTCCAGTGGGTTTCGT-1,0,75,47,40639,18851
GCTCATTGATCATATC-1,0,74,48,40134,19142
ATACGAGGTTTGTAAG-1,0,75,49,40640,19432
GTCTATACACGCATGG-1,0,74,50,40134,19723
GATTTGCGCTAACACC-1,0,75,51,40640,20013
TGGTGCCCTGCCTTAC-1,0,74,52,40135,20304
TCGAATCGCAGGGTAG-1,0,75,53,40641,20594
GGTAGGCCAATATCAC-1,0,74,54,40136,20885
CGTAAATAACAAAGGG-1,0,75,55,40641,21175
GACTCTAGAGTTCCAA-1,0,74,56,40136,21466
ACTTGTTACCGGATCA-1,0,75,57,40642,21756
GGCATTGAACATCTCA-1,0,74,58,40137,22047
AACCCGCTGTATTCCA-1,0,75,59,40642,22337
TAACAGGTTCCCTTAG-1,0,74,60,40137,22628
GTTCTTGTAACTCAAT-1,0,75,61,40643,22919
GATTCTGTTAATGAGT-1,0,74,62,40138,23210
GGACACCTCGGTGTTG-1,0,75,63,40644,23500
CGATCGAGAAGCACCA-1,0,74,64,40138,23791
CTGCTCTGACGGCAAA-1,0,75,65,40644,24081
CCCAGGAAGAATTCGA-1,0,74,66,40139,24372
TGTCGTGGGTATAGGC-1,0,75,67,40645,24662
ATATGTCTAGAGCGTG-1,0,74,68,40139,24953
GCGGGCAGACGGGTGA-1,0,75,69,40645,25243
CGAAGATCAGTTTCAT-1,0,74,70,40140,25534
ACGCCACTCGAAACAG-1,0,75,71,40646,25824
CTTAGATGTTTCATCC-1,0,74,72,40140,26115
GCGAATGGACTAGCGA-1,0,75,73,40646,26405
TAAATTGTGGGTAAAG-1,0,74,74,40141,26696
ATTTATACTGGTAAAG-1,0,75,75,40647,26986
GCGTCGTAACATGGTC-1,0,74,76,40142,27277
CGGTATGGGCACTCTG-1,0,75,77,40647,27567
CTATCACAACGCTGGA-1,0,74,78,40142,27858
ACCACACGGTTGATGG-1,0,75,79,40648,28148
TCAGCGCACGCCGTTT-1,0,74,80,40143,28439
AATGTTAAGACCCTGA-1,0,75,81,40649,28729
CTTACATAGATTTCTT-1,0,74,82,40143,29020
AACATAGCGTGTATCG-1,0,75,83,40649,29310
AGCAGTCGAAGCATGC-1,0,74,84,40144,29601
GTACTACGGCCTCGTT-1,0,75,85,40650,29891
TTGGCCAAATTGTATC-1,0,74,86,40144,30182
TCAGAGGACGCGTTAG-1,0,75,87,40650,30473
AGTAATCTAAGGGTGG-1,0,74,88,40145,30764
AATTATACCCAGCAAG-1,0,75,89,40651,31054
CCCTACCCACACCCAG-1,0,74,90,40145,31345
CTCTGTCCATGCACCA-1,0,75,91,40651,31635
TCGCCTCCTTCGGCTC-1,0,74,92,40146,31926
CCTGATTCGCGAAGAA-1,0,75,93,40652,32216
GACTTCAACGCATCAA-1,0,74,94,40147,32507
GCTTCCCGTAAGCTCC-1,0,75,95,40652,32797
AGAACTGTACTTTGTA-1,0,74,96,40147,33088
CCTTAAGTACGCAATT-1,0,75,97,40653,33378
GGCCAATTGTATAGAC-1,0,74,98,40148,33669
AGAATACAGGCTATCC-1,0,75,99,40653,33959
AATACCTGATGTGAAC-1,0,74,100,40148,34250
TAGAGTGTTCCGGGTA-1,0,75,101,40654,34540
GCTTCCATGTAACCGC-1,0,74,102,40149,34831
GGTTCGCATTTGCCGT-1,0,75,103,40655,35121
TCAATCCGGGAAGTTT-1,0,74,104,40149,35412
CCGGAAGTGCAATATG-1,0,75,105,40655,35702
CTCATAAATGTGTATA-1,0,74,106,40150,35993
GACGGGCATCGAATTT-1,0,75,107,40656,36283
GCTAAGCCCAGTATGC-1,0,74,108,40150,36574
GCTATAAGGGCCAGGA-1,0,75,109,40656,36864
GCGGATTACTTGTTCT-1,0,74,110,40151,37155
TACAACAGCGCATACA-1,0,75,111,40657,37445
TCTAACCTAGCCTGCG-1,0,74,112,40152,37736
TCTACCCGCATCATTT-1,0,75,113,40657,38026
GTCTTACCACGCCAAG-1,0,74,114,40152,38318
AATAACGTCGCGCCCA-1,0,75,115,40658,38608
CGTTTCGGTTATATGC-1,0,74,116,40153,38899
TACGCTGCACGGTCGT-1,0,75,117,40658,39189
CGTTAAATACGACCAG-1,0,74,118,40153,39480
TCGACTGACGATGGCT-1,0,75,119,40659,39770
ACGCTACTGAATGGGC-1,0,74,120,40154,40061
AAGGGTTAGCCATGCG-1,0,75,121,40660,40351
ACGTTTCGGTGCACTT-1,0,74,122,40154,40642
TTAACCCGAGGCGTGT-1,0,75,123,40660,40932
GCCCGTCAAGCCCAAT-1,0,74,124,40155,41223
ATTCGTCCCGAGGTTA-1,0,75,125,40661,41513
TCAAATTATGTTCGAC-1,0,74,126,40155,41804
AACGTTCTACCATTGT-1,0,75,127,40661,42094
CTGTCCTGCGCACTAC-1,0,76,0,41132,5195
GCCCAGCGACACAAAG-1,0,77,1,41638,5485
TATAGCTATTATCTCT-1,0,76,2,41132,5776
AAGCTATGGATTGACC-1,0,77,3,41638,6066
CCGAAACACGACCTCT-1,0,76,4,41133,6357
ATCAGAAGCTGGTTGC-1,0,77,5,41639,6647
TGAACCTGAATGTGAG-1,0,76,6,41133,6939
TCAGAGCATGTCAACG-1,0,77,7,41639,7229
ATACCCTCCCGGCCAA-1,0,76,8,41134,7520
GCCACCTTATTCGCGA-1,0,77,9,41640,7810
CAACGAGCTTATTATG-1,0,76,10,41134,8101
GATCCAACCTTTAAAC-1,0,77,11,41640,8391
TTGTGGAGACAGCCGG-1,0,76,12,41135,8682
AGATAATCACACCTAT-1,0,77,13,41641,8972
GGTTAGGGATGCTAAT-1,0,76,14,41136,9263
TCATGAAGCGCTGCAT-1,0,77,15,41641,9553
CCAGGCGAGATGGTCT-1,0,76,16,41136,9844
CGACTTGCCGGGAAAT-1,0,77,17,41642,10134
GTGCCAAACGTTTCGA-1,0,76,18,41137,10425
TGCTCAAAGGATGCAC-1,0,77,19,41643,10715
GCCTCAGGTACCGGTC-1,0,76,20,41137,11006
ACAAGTAATTGTAAGG-1,0,77,21,41643,11296
TTAGAGTATTGTCGAG-1,0,76,22,41138,11587
GTCATCCCAAACTCAC-1,0,77,23,41644,11877
CTCCTAGTAATCGTGA-1,0,76,24,41138,12168
CCCTCATCACAGAGTA-1,0,77,25,41644,12458
GGAAACAGAGCTTGGG-1,0,76,26,41139,12749
ACATCGCAATATTCGG-1,0,77,27,41645,13039
TTAGCCATAGGGCTCG-1,0,76,28,41139,13330
CGGATTCTGCCTTATG-1,0,77,29,41645,13620
TTGTTGGCAATGACTG-1,0,76,30,41140,13911
GGATCTACCGTTCGTC-1,0,77,31,41646,14201
GGTGGGATTAGGTCCC-1,0,76,32,41141,14492
AATAGGCACGACCCTT-1,0,77,33,41646,14783
GAGGTCCGTTCGCTGT-1,0,76,34,41141,15074
TGACAACTTAAAGGTG-1,0,77,35,41647,15364
AGCTAAGCTCCGTCCG-1,0,76,36,41142,15655
CTAGCCCGGGAGACGA-1,0,77,37,41647,15945
CCCAGATTCCCGTGAC-1,0,76,38,41142,16236
GCCCGTTCACACAATT-1,0,77,39,41648,16526
ACAAACTCCATCAGAG-1,0,76,40,41143,16817
GGTTCCGTACGACTAA-1,0,77,41,41649,17107
TTGCGGAAAGCTGCCC-1,0,76,42,41143,17398
GGAACTCGTGAATACG-1,0,77,43,41649,17688
GGTTACCGCTCCCTAC-1,0,76,44,41144,17979
AGCGACTTTGAAGACA-1,0,77,45,41650,18269
CCGTTTCCTTTCCGTG-1,0,76,46,41144,18560
TGGATGGCATCTTGGA-1,0,77,47,41650,18850
CAAGTCGTTGAAATCT-1,0,76,48,41145,19141
TGCAAACGTACTAGTT-1,0,77,49,41651,19431
GGCTGTCCTACTGCGG-1,0,76,50,41146,19722
TACTGCATGATTAAAT-1,0,77,51,41651,20012
CGGACCTCTGTAGTTA-1,0,76,52,41146,20303
CCCTAGCTCTAAGGTC-1,0,77,53,41652,20593
GTAACAGGTTAACGGC-1,0,76,54,41147,20884
CCCGCAAATAATCATC-1,0,77,55,41652,21174
AATCCCGCTCAGAGCC-1,0,76,56,41147,21465
AACGTCATCCGGCTTG-1,0,77,57,41653,21755
CTCGTGGCACTGAAAG-1,0,76,58,41148,22046
CTTTATCCGACGCATG-1,0,77,59,41654,22337
AAATGACTGATCAAAC-1,0,76,60,41148,22628
TTCGTGCATGTTATAG-1,0,77,61,41654,22918
ATCAAAGAGCCGTGGT-1,0,76,62,41149,23209
ATGTCATAATAAACGA-1,0,77,63,41655,23499
CTTAATCGACTTAGTA-1,0,76,64,41149,23790
CTAAAGGATGAGATAC-1,0,77,65,41655,24080
GTGCTATCCAGCTGGA-1,0,76,66,41150,24371
GACAGAGGTCTTCAGT-1,0,77,67,41656,24661
TCGATTTACGAAACGA-1,0,76,68,41150,24952
AGGCTTAAGTTGCACA-1,0,77,69,41656,25242
TAGGATCTTAACCGCA-1,0,76,70,41151,25533
GACTTTCGAGCGGTTC-1,0,77,71,41657,25823
CCCTGGGAGGGATCCT-1,0,76,72,41152,26114
TAGTAGTTGCCGGACA-1,0,77,73,41657,26404
GCCCTAAGTGCAGGAT-1,0,76,74,41152,26695
ACTTGGGCTTTCGCCA-1,0,77,75,41658,26985
CATGATACGGTGAAAC-1,0,76,76,41153,27276
TCCTGCAGCCGCCAAT-1,0,77,77,41658,27566
GTCCGTTAGAGGGCCT-1,0,76,78,41153,27857
GCTTTATTAAGTTACC-1,0,77,79,41659,28147
AATCGAGGTCTCAAGG-1,0,76,80,41154,28438
GTGCTGTTAGAACATA-1,0,77,81,41660,28728
GGCTTCTCGTGGGTGG-1,0,76,82,41154,29019
CCTACAGTTGAGGGAG-1,0,77,83,41660,29309
TATCCCTCGATCTGCA-1,0,76,84,41155,29600
CCGGTATCTGGCGACT-1,0,77,85,41661,29890
CTCTAACACCGGCAGC-1,0,76,86,41155,30182
CTTCATCACCAGGGCT-1,0,77,87,41661,30472
GGCTGGCAATCCCACG-1,0,76,88,41156,30763
CAAACCATAAGCGTAT-1,0,77,89,41662,31053
CATGTGGGCTCATCAC-1,0,76,90,41157,31344
CCCGTGACAGTGCCTT-1,0,77,91,41662,31634
GATTATCTTGCATTAT-1,0,76,92,41157,31925
GAGTCCACCAGGTTTA-1,0,77,93,41663,32215
TGTACTATCGCTCGTT-1,0,76,94,41158,32506
TTAGCGAATAGATAGG-1,0,77,95,41663,32796
ACATACAATCAAGCGG-1,0,76,96,41158,33087
ATTCGTGTACCCATTC-1,0,77,97,41664,33377
GCTAGCAACGCACCTA-1,0,76,98,41159,33668
ACCTCAGCGAGGCGCA-1,0,77,99,41665,33958
TCCGGGCCACTAACGG-1,0,76,100,41159,34249
TCCCAATATCGACGAC-1,0,77,101,41665,34539
GGATTGAAGTAGCCTC-1,0,76,102,41160,34830
GGCGCACAGTTTACCT-1,0,77,103,41666,35120
CCCGGCACGTGTCAGG-1,0,76,104,41160,35411
AGTAAGGGACAGAATC-1,0,77,105,41666,35701
TTGCGCACAACCACGT-1,0,76,106,41161,35992
CCTGCTACAACCATAC-1,0,77,107,41667,36282
CTGGGCTACTGGAGAG-1,0,76,108,41161,36573
AGCTACGAATGGTGGT-1,0,77,109,41667,36863
ATTCGTTTATCGTATT-1,0,76,110,41162,37154
GGCATTCCCTCCCTCG-1,0,77,111,41668,37444
AGTTATTCAGACTGTG-1,0,76,112,41163,37735
CCACTTTCCTTCTAGG-1,0,77,113,41668,38026
CGCAGTTCTATCTTTC-1,0,76,114,41163,38317
AGGAGCGTTTATTATC-1,0,77,115,41669,38607
GACAGGTAATCCGTGT-1,0,76,116,41164,38898
TTCCCAAAGTACTGAT-1,0,77,117,41669,39188
CTGCAGGGTGACGCTC-1,0,76,118,41164,39479
TCATGGAGGCCTTTGT-1,0,77,119,41670,39769
ATGGCCCGAAAGGTTA-1,0,76,120,41165,40060
CGTAATATGGCCCTTG-1,0,77,121,41671,40350
AGAGTCTTAATGAAAG-1,0,76,122,41165,40641
GAACGTTTGTATCCAC-1,0,77,123,41671,40931
ATTGAATTCCCTGTAG-1,0,76,124,41166,41222
TACCTCACCAATTGTA-1,0,77,125,41672,41512
AGTCGAATTAGCGTAA-1,0,76,126,41166,41803
TTGAAGTGCATCTACA-1,0,77,127,41672,42093
